protein_id	source_proteome	AOBS17_30	AOBS82_9	Afum	Cimm	Ncra	Nirr	Scer	Spom	Ztri	gene_name	product_description	function_source	Best_Swissprot	Pfam_Names	Pfam_Accessions	Pfam_Evalues
AC1KRY_000001	AOBS17_30	1	1	1	1	1	1	1	1	1							
AC1KRY_000004	AOBS17_30	1	1	1	1	1	1	1	1	1							
AC1KRY_000009	AOBS17_30	1	0	1	1	1	1	1	1	1							
AC1KRY_000014	AOBS17_30	1	0	1	1	1	1	1	1	1							
AC1KRY_000020	AOBS17_30	1	1	1	1	1	1	1	1	1							
AC1KRY_000024	AOBS17_30	1	1	1	1	1	1	1	1	1							
AC1KRY_000025	AOBS17_30	1	1	1	1	1	1	0	1	0							
AC1KRY_000027	AOBS17_30	1	1	1	1	1	1	1	1	1							
AC1KRY_000028	AOBS17_30	1	1	1	1	1	1	1	0	1							
AC1KRY_000029	AOBS17_30	1	1	1	1	1	1	1	1	1							
AC1KRY_000030	AOBS17_30	1	1	0	0	0	1	0	0	0							
AC1KRY_000033	AOBS17_30	1	1	1	1	1	1	1	1	1							
AC1KRY_000035	AOBS17_30	1	1	1	1	1	1	1	1	1							
AC1KRY_000038	AOBS17_30	1	1	1	1	1	1	1	1	1							
AC1KRY_000040	AOBS17_30	1	1	1	1	1	1	1	1	1							
AC1KRY_000042	AOBS17_30	1	1	1	1	1	1	1	1	1							
AC1KRY_000048	AOBS17_30	1	1	1	1	1	1	1	1	1							
AC1KRY_000049	AOBS17_30	1	1	1	1	1	1	1	1	1							
AC1KRY_000051	AOBS17_30	1	1	1	1	1	1	1	1	1							
AC1KRY_000052	AOBS17_30	1	1	1	1	1	1	1	0	1							
AC1KRY_000053	AOBS17_30	1	1	1	1	1	1	1	1	1							
AC1KRY_000056	AOBS17_30	1	1	1	1	1	1	0	1	1							
AC1KRY_000057	AOBS17_30	1	1	1	1	1	1	1	1	1							
AC1KRY_000058	AOBS17_30	1	1	1	1	1	1	0	0	1							
AC1KRY_000064	AOBS17_30	1	0	0	0	0	1	0	0	0							
AC1KRY_000065	AOBS17_30	1	1	1	1	1	1	1	0	1							
AC1KRY_000067	AOBS17_30	1	1	1	1	1	1	1	1	1							
AC1KRY_000068	AOBS17_30	1	1	1	1	1	1	1	1	1							
AC1KRY_000073	AOBS17_30	1	1	1	1	1	1	1	1	1							
AC1KRY_000074	AOBS17_30	1	1	0	0	0	1	0	0	1							
AC1KRY_000075	AOBS17_30	1	1	1	1	1	1	1	1	1							
AC1KRY_000080	AOBS17_30	1	1	1	1	0	1	1	1	0							
AC1KRY_000082	AOBS17_30	1	1	1	1	1	1	1	1	1							
AC1KRY_000083	AOBS17_30	1	1	1	1	1	1	1	1	1							
AC1KRY_000086	AOBS17_30	1	1	1	1	1	1	1	1	1							
AC1KRY_000106	AOBS17_30	1	1	1	1	1	1	1	1	1							
AC1KRY_000108	AOBS17_30	1	1	1	1	1	1	1	1	1							
AC1KRY_000110	AOBS17_30	1	1	1	1	1	1	0	1	1							
AC1KRY_000113	AOBS17_30	1	1	1	1	1	1	1	1	1							
AC1KRY_000115	AOBS17_30	1	1	1	1	1	1	0	0	1							
AC1KRY_000118	AOBS17_30	1	1	1	1	1	1	1	1	1							
AC1KRY_000119	AOBS17_30	1	1	1	1	1	1	1	1	1							
AC1KRY_000122	AOBS17_30	1	1	1	1	1	1	1	1	1							
AC1KRY_000123	AOBS17_30	1	1	1	1	1	1	0	1	1							
AC1KRY_000124	AOBS17_30	1	0	1	1	0	1	1	1	0							
AC1KRY_000125	AOBS17_30	1	1	1	1	1	1	1	0	1							
AC1KRY_000127	AOBS17_30	1	1	1	1	1	1	1	1	1							
AC1KRY_000128	AOBS17_30	1	1	0	0	0	1	0	1	1							
AC1KRY_000129	AOBS17_30	1	1	1	1	1	1	1	1	0							
AC1KRY_000132	AOBS17_30	1	1	1	1	1	1	1	1	1							
AC1KRY_000136	AOBS17_30	1	1	1	1	1	1	1	1	1							
AC1KRY_000137	AOBS17_30	1	1	1	1	1	1	0	0	1							
AC1KRY_000139	AOBS17_30	1	1	1	1	0	1	0	0	0							
AC1KRY_000140	AOBS17_30	1	1	1	1	1	1	0	0	1							
AC1KRY_000141	AOBS17_30	1	1	1	1	0	1	1	1	1							
AC1KRY_000144	AOBS17_30	1	1	1	1	1	1	1	1	1							
AC1KRY_000148	AOBS17_30	1	1	1	1	1	1	1	1	1							
AC1KRY_000152	AOBS17_30	1	1	1	1	1	1	1	1	1							
AC1KRY_000156	AOBS17_30	1	1	1	1	1	1	1	1	1							
AC1KRY_000157	AOBS17_30	1	1	1	1	1	1	1	1	1							
AC1KRY_000158	AOBS17_30	1	1	1	1	1	1	1	1	1							
AC1KRY_000160	AOBS17_30	1	0	0	0	0	1	0	1	0							
AC1KRY_000161	AOBS17_30	1	1	1	1	1	1	1	1	1							
AC1KRY_000162	AOBS17_30	1	1	1	1	1	1	1	1	1							
AC1KRY_000164	AOBS17_30	1	1	0	0	0	1	1	0	0							
AC1KRY_000165	AOBS17_30	1	1	1	1	1	1	1	1	1							
AC1KRY_000166	AOBS17_30	1	1	1	1	1	1	1	1	1							
AC1KRY_000168	AOBS17_30	1	1	1	1	1	1	1	1	1							
AC1KRY_000171	AOBS17_30	1	1	1	1	1	1	0	1	1							
AC1KRY_000172	AOBS17_30	1	1	1	1	1	1	1	1	1							
AC1KRY_000177	AOBS17_30	1	1	1	1	1	1	1	1	1							
AC1KRY_000180	AOBS17_30	1	1	1	1	1	1	1	1	1							
AC1KRY_000181	AOBS17_30	1	1	1	1	0	1	1	1	1							
AC1KRY_000184	AOBS17_30	1	0	1	0	1	1	1	0	1							
AC1KRY_000185	AOBS17_30	1	1	1	1	1	1	1	1	1							
AC1KRY_000187	AOBS17_30	1	1	1	1	1	1	1	1	1							
AC1KRY_000194	AOBS17_30	1	1	1	1	1	1	1	1	1							
AC1KRY_000197	AOBS17_30	1	1	0	0	0	1	1	1	0							
AC1KRY_000198	AOBS17_30	1	1	1	1	0	1	1	1	0							
AC1KRY_000202	AOBS17_30	1	1	1	1	1	1	1	1	1							
AC1KRY_000203	AOBS17_30	1	1	1	1	1	1	1	1	1							
AC1KRY_000204	AOBS17_30	1	1	1	1	1	1	1	1	1							
AC1KRY_000209	AOBS17_30	1	1	1	1	1	1	1	1	1							
AC1KRY_000210	AOBS17_30	1	1	1	1	1	1	1	1	1							
AC1KRY_000212	AOBS17_30	1	1	1	1	1	1	1	1	1							
AC1KRY_000215	AOBS17_30	1	1	1	0	1	1	0	0	1							
AC1KRY_001304	AOBS17_30	1	0	1	1	1	1	1	1	1							
AC1KRY_001310	AOBS17_30	1	1	0	0	0	1	0	1	0							
AC1KRY_001311	AOBS17_30	1	1	1	0	0	1	1	1	1							
AC1KRY_001312	AOBS17_30	1	1	1	1	1	1	1	1	1							
AC1KRY_001313	AOBS17_30	1	1	1	1	1	1	1	1	1							
AC1KRY_001316	AOBS17_30	1	1	0	0	0	1	1	1	1							
AC1KRY_001318	AOBS17_30	1	1	0	0	0	1	0	0	0							
AC1KRY_001321	AOBS17_30	1	1	0	0	0	1	1	0	0							
AC1KRY_001323	AOBS17_30	1	1	1	1	1	1	0	1	1							
AC1KRY_001324	AOBS17_30	1	1	1	1	1	1	1	1	1							
AC1KRY_001325	AOBS17_30	1	1	1	1	1	1	1	0	0							
AC1KRY_001332	AOBS17_30	1	1	1	1	1	1	1	0	1							
AC1KRY_001335	AOBS17_30	1	1	0	0	1	1	1	1	1							
AC1KRY_001337	AOBS17_30	1	1	1	1	1	1	0	0	1							
AC1KRY_001338	AOBS17_30	1	1	1	1	1	1	1	1	1							
AC1KRY_001343	AOBS17_30	1	1	1	1	1	1	1	1	1							
AC1KRY_001346	AOBS17_30	1	1	1	1	1	1	0	0	1							
AC1KRY_001347	AOBS17_30	1	1	1	1	1	1	1	0	1							
AC1KRY_001349	AOBS17_30	1	1	1	1	1	1	1	1	1							
AC1KRY_001350	AOBS17_30	1	1	1	1	1	1	0	0	1							
AC1KRY_001352	AOBS17_30	1	1	1	1	1	1	1	1	1							
AC1KRY_001353	AOBS17_30	1	1	1	1	1	1	0	1	1							
AC1KRY_001356	AOBS17_30	1	1	1	1	1	1	0	0	1							
AC1KRY_001357	AOBS17_30	1	1	1	1	1	1	1	1	1							
AC1KRY_001358	AOBS17_30	1	0	0	0	0	1	1	1	0							
AC1KRY_001359	AOBS17_30	1	1	1	1	1	1	1	1	1							
AC1KRY_001360	AOBS17_30	1	1	1	1	1	1	1	1	1							
AC1KRY_001361	AOBS17_30	1	1	1	1	1	1	1	1	1							
AC1KRY_001363	AOBS17_30	1	1	1	1	1	1	1	1	1							
AC1KRY_001367	AOBS17_30	1	1	1	1	1	1	1	1	1							
AC1KRY_001368	AOBS17_30	1	0	1	1	1	1	0	1	1							
AC1KRY_001369	AOBS17_30	1	1	1	1	1	1	1	1	1							
AC1KRY_001370	AOBS17_30	1	0	1	1	1	1	0	0	1							
AC1KRY_001371	AOBS17_30	1	1	1	1	1	1	1	1	1							
AC1KRY_001378	AOBS17_30	1	1	1	1	1	1	1	1	1							
AC1KRY_001381	AOBS17_30	1	1	1	1	1	1	1	1	1							
AC1KRY_001387	AOBS17_30	1	1	1	1	1	1	0	1	0							
AC1KRY_001388	AOBS17_30	1	1	0	0	0	1	0	0	0							
AC1KRY_001398	AOBS17_30	1	1	0	0	0	1	0	1	0							
AC1KRY_001399	AOBS17_30	1	1	0	1	0	1	0	1	0							
AC1KRY_004916	AOBS17_30	1	1	1	1	1	1	1	1	1							
AC1KRY_004920	AOBS17_30	1	1	1	1	1	1	1	1	1							
AC1KRY_004921	AOBS17_30	1	1	0	0	0	1	1	1	0							
AC1KRY_004923	AOBS17_30	1	1	1	1	1	1	1	1	1							
AC1KRY_004924	AOBS17_30	1	1	1	0	1	1	0	0	1							
AC1KRY_004927	AOBS17_30	1	1	1	1	1	1	1	1	1							
AC1KRY_004929	AOBS17_30	1	1	1	1	1	1	1	1	1							
AC1KRY_004930	AOBS17_30	1	1	1	1	1	1	1	1	1							
AC1KRY_004932	AOBS17_30	1	1	1	1	1	1	1	1	1							
AC1KRY_004936	AOBS17_30	1	0	0	0	0	1	0	0	0							
AC1KRY_004937	AOBS17_30	1	1	1	1	1	1	0	1	1							
AC1KRY_004940	AOBS17_30	1	1	1	1	1	1	1	1	1							
AC1KRY_004941	AOBS17_30	1	0	1	1	1	1	1	1	1							
AC1KRY_004945	AOBS17_30	1	0	0	1	0	1	1	1	0							
AC1KRY_004947	AOBS17_30	1	0	1	0	0	1	0	0	1							
AC1KRY_004948	AOBS17_30	1	1	1	1	1	1	1	1	1							
AC1KRY_004949	AOBS17_30	1	1	1	1	1	1	0	0	1							
AC1KRY_004953	AOBS17_30	1	1	1	1	0	1	1	0	1							
AC1KRY_004954	AOBS17_30	1	1	1	1	1	1	1	1	1							
AC1KRY_004957	AOBS17_30	1	1	1	1	1	1	1	1	1							
AC1KRY_004960	AOBS17_30	1	0	1	1	1	1	1	1	1							
AC1KRY_004961	AOBS17_30	1	1	1	1	1	1	1	1	1							
AC1KRY_004963	AOBS17_30	1	1	1	1	1	1	1	1	1							
AC1KRY_004966	AOBS17_30	1	1	1	1	1	1	1	1	1							
AC1KRY_004967	AOBS17_30	1	1	1	1	1	1	1	1	1							
AC1KRY_004968	AOBS17_30	1	0	0	0	0	1	0	0	0							
AC1KRY_004970	AOBS17_30	1	1	1	1	1	1	1	1	1							
AC1KRY_004971	AOBS17_30	1	1	0	0	0	1	0	0	0							
AC1KRY_004973	AOBS17_30	1	1	1	1	1	1	1	1	1							
AC1KRY_004975	AOBS17_30	1	1	1	1	1	1	1	1	1							
AC1KRY_004979	AOBS17_30	1	1	1	1	1	1	1	1	1							
AC1KRY_004980	AOBS17_30	1	1	1	1	1	1	1	1	1							
AC1KRY_004981	AOBS17_30	1	1	1	1	1	1	1	1	1							
AC1KRY_004983	AOBS17_30	1	1	1	1	1	1	1	1	1							
AC1KRY_004985	AOBS17_30	1	1	1	1	1	1	1	1	1							
AC1KRY_004986	AOBS17_30	1	1	1	1	1	1	1	1	1							
AC1KRY_004987	AOBS17_30	1	1	0	0	0	1	1	1	0							
AC1KRY_004991	AOBS17_30	1	1	1	1	1	1	1	1	1							
AC1KRY_004995	AOBS17_30	1	1	0	0	0	1	0	0	0							
AC1KRY_005010	AOBS17_30	1	1	1	1	1	1	1	1	1							
AC1KRY_001402	AOBS17_30	1	1	0	0	0	1	1	1	0							
AC1KRY_001404	AOBS17_30	1	1	1	1	1	1	1	1	1							
AC1KRY_001406	AOBS17_30	1	1	1	1	1	1	1	0	1							
AC1KRY_001410	AOBS17_30	1	1	0	0	0	1	0	0	0							
AC1KRY_001419	AOBS17_30	1	1	1	1	1	1	1	1	1							
AC1KRY_001420	AOBS17_30	1	1	1	1	1	1	1	1	1							
AC1KRY_001424	AOBS17_30	1	1	1	1	1	1	1	1	1							
AC1KRY_001427	AOBS17_30	1	1	1	1	1	1	1	1	1							
AC1KRY_001428	AOBS17_30	1	1	1	1	1	1	1	1	1							
AC1KRY_001429	AOBS17_30	1	1	1	1	1	1	1	1	1							
AC1KRY_001430	AOBS17_30	1	1	0	0	0	1	0	0	0							
AC1KRY_001431	AOBS17_30	1	1	0	1	0	1	0	1	0							
AC1KRY_001432	AOBS17_30	1	1	1	1	1	1	1	0	1							
AC1KRY_001433	AOBS17_30	1	1	1	1	1	1	1	1	1							
AC1KRY_001435	AOBS17_30	1	1	1	1	1	1	1	1	1							
AC1KRY_001437	AOBS17_30	1	1	1	1	1	1	1	1	1							
AC1KRY_001438	AOBS17_30	1	0	1	0	1	1	1	1	0							
AC1KRY_001440	AOBS17_30	1	1	1	1	1	1	1	0	1							
AC1KRY_001441	AOBS17_30	1	1	1	1	1	1	1	1	1							
AC1KRY_001442	AOBS17_30	1	1	1	1	1	1	1	1	1							
AC1KRY_001444	AOBS17_30	1	0	1	1	1	1	1	1	1							
AC1KRY_001445	AOBS17_30	1	1	1	1	1	1	0	1	1							
AC1KRY_001446	AOBS17_30	1	1	1	1	1	1	1	1	1							
AC1KRY_001447	AOBS17_30	1	1	1	1	1	1	1	1	1							
AC1KRY_001450	AOBS17_30	1	1	1	1	1	1	1	1	1							
AC1KRY_001451	AOBS17_30	1	1	1	1	1	1	1	1	1							
AC1KRY_001453	AOBS17_30	1	1	1	1	1	1	1	1	1							
AC1KRY_001454	AOBS17_30	1	1	1	1	1	1	1	1	1							
AC1KRY_001455	AOBS17_30	1	1	1	1	1	1	1	1	1							
AC1KRY_001456	AOBS17_30	1	1	1	1	1	1	1	1	1							
AC1KRY_001458	AOBS17_30	1	1	1	1	0	1	0	0	0							
AC1KRY_001460	AOBS17_30	1	1	1	1	1	1	1	1	1							
AC1KRY_001462	AOBS17_30	1	1	0	0	0	1	0	0	0							
AC1KRY_001465	AOBS17_30	1	1	1	1	1	1	1	1	1							
AC1KRY_001466	AOBS17_30	1	0	1	1	1	1	1	1	1							
AC1KRY_001467	AOBS17_30	1	0	1	1	1	1	0	1	1							
AC1KRY_001468	AOBS17_30	1	1	0	0	0	1	0	1	0							
AC1KRY_001469	AOBS17_30	1	1	0	0	0	1	0	0	0							
AC1KRY_001470	AOBS17_30	1	1	1	1	1	1	0	1	1							
AC1KRY_001471	AOBS17_30	1	1	1	1	0	1	1	0	0							
AC1KRY_001473	AOBS17_30	1	1	1	1	1	1	1	0	1							
AC1KRY_001474	AOBS17_30	1	1	1	1	1	1	1	1	1							
AC1KRY_001479	AOBS17_30	1	1	1	1	1	1	1	1	1							
AC1KRY_001483	AOBS17_30	1	1	1	1	1	1	1	1	1							
AC1KRY_001484	AOBS17_30	1	1	1	1	1	1	1	1	1							
AC1KRY_001485	AOBS17_30	1	1	0	0	1	1	0	0	0							
AC1KRY_001486	AOBS17_30	1	0	0	0	0	1	0	0	0							
AC1KRY_001487	AOBS17_30	1	1	1	1	1	1	1	0	1							
AC1KRY_001488	AOBS17_30	1	0	0	0	0	1	0	0	0							
AC1KRY_001489	AOBS17_30	1	1	0	1	1	1	1	1	0							
AC1KRY_001490	AOBS17_30	1	1	1	1	1	1	0	0	1							
AC1KRY_001491	AOBS17_30	1	1	0	0	0	1	0	1	0							
AC1KRY_001494	AOBS17_30	1	0	0	0	0	1	0	0	0							
AC1KRY_001495	AOBS17_30	1	1	1	1	1	1	1	1	1							
AC1KRY_001496	AOBS17_30	1	0	0	0	0	1	0	0	0							
AC1KRY_001497	AOBS17_30	1	0	1	1	1	1	1	1	1							
AC1KRY_001498	AOBS17_30	1	1	1	1	1	1	0	1	1							
AC1KRY_005021	AOBS17_30	1	1	0	1	1	1	0	0	1							
AC1KRY_005024	AOBS17_30	1	0	0	0	0	1	0	0	0							
AC1KRY_005028	AOBS17_30	1	0	1	1	1	1	0	0	1							
AC1KRY_005029	AOBS17_30	1	1	1	1	1	1	1	0	1							
AC1KRY_005032	AOBS17_30	1	1	1	1	1	1	1	1	1							
AC1KRY_005033	AOBS17_30	1	1	1	1	1	1	1	1	1							
AC1KRY_005036	AOBS17_30	1	0	1	1	1	1	1	1	1							
AC1KRY_005037	AOBS17_30	1	1	1	1	1	1	1	1	1							
AC1KRY_005038	AOBS17_30	1	1	1	1	1	1	1	1	1							
AC1KRY_005042	AOBS17_30	1	1	0	1	0	1	1	1	1							
AC1KRY_005047	AOBS17_30	1	1	1	1	1	1	1	1	1							
AC1KRY_005049	AOBS17_30	1	1	1	1	1	1	1	1	1							
AC1KRY_005050	AOBS17_30	1	1	1	1	1	1	1	1	1							
AC1KRY_005054	AOBS17_30	1	1	1	1	1	1	0	0	1							
AC1KRY_005058	AOBS17_30	1	1	1	1	1	1	1	1	1							
AC1KRY_005059	AOBS17_30	1	1	1	1	1	1	1	1	1							
AC1KRY_005062	AOBS17_30	1	1	1	1	1	1	1	1	1							
AC1KRY_001507	AOBS17_30	1	1	1	1	1	1	0	1	1							
AC1KRY_001511	AOBS17_30	1	1	1	1	1	1	1	1	1							
AC1KRY_001513	AOBS17_30	1	1	1	1	1	1	0	1	1							
AC1KRY_001517	AOBS17_30	1	1	1	1	1	1	1	0	1							
AC1KRY_001518	AOBS17_30	1	1	1	1	0	1	0	0	1							
AC1KRY_001519	AOBS17_30	1	1	1	1	1	1	0	1	1							
AC1KRY_001521	AOBS17_30	1	1	1	1	1	1	1	1	1							
AC1KRY_001522	AOBS17_30	1	1	0	0	0	1	0	0	1							
AC1KRY_001525	AOBS17_30	1	1	1	1	1	1	1	1	1							
AC1KRY_001526	AOBS17_30	1	1	1	1	1	1	1	1	1							
AC1KRY_001527	AOBS17_30	1	0	0	0	0	1	1	0	0							
AC1KRY_001529	AOBS17_30	1	1	1	1	1	1	1	0	1							
AC1KRY_001533	AOBS17_30	1	1	1	1	1	1	0	0	1							
AC1KRY_001535	AOBS17_30	1	1	0	1	1	1	0	0	1							
AC1KRY_001536	AOBS17_30	1	1	0	0	0	1	0	0	0							
AC1KRY_001538	AOBS17_30	1	0	1	1	1	1	1	1	1							
AC1KRY_001539	AOBS17_30	1	1	1	1	1	1	1	1	1							
AC1KRY_001540	AOBS17_30	1	1	1	1	1	1	0	0	1							
AC1KRY_001541	AOBS17_30	1	0	0	0	0	1	0	0	0							
AC1KRY_001542	AOBS17_30	1	1	1	1	1	1	1	1	0							
AC1KRY_001544	AOBS17_30	1	1	1	1	1	1	1	1	1							
AC1KRY_001547	AOBS17_30	1	1	1	1	1	1	1	1	1							
AC1KRY_001548	AOBS17_30	1	1	1	1	1	1	1	1	1							
AC1KRY_001551	AOBS17_30	1	1	1	1	1	1	0	1	1							
AC1KRY_001552	AOBS17_30	1	0	1	1	1	1	0	0	1							
AC1KRY_001554	AOBS17_30	1	1	1	1	1	1	1	1	1							
AC1KRY_001555	AOBS17_30	1	1	1	1	1	1	1	0	1							
AC1KRY_001556	AOBS17_30	1	1	1	1	1	1	1	1	1							
AC1KRY_001558	AOBS17_30	1	1	1	1	1	1	0	0	1							
AC1KRY_001559	AOBS17_30	1	1	1	1	1	1	1	1	1							
AC1KRY_001560	AOBS17_30	1	1	1	1	0	1	1	1	0							
AC1KRY_001561	AOBS17_30	1	1	1	1	1	1	1	1	1							
AC1KRY_001562	AOBS17_30	1	1	1	1	1	1	1	1	1							
AC1KRY_001563	AOBS17_30	1	1	1	1	1	1	0	1	1							
AC1KRY_001567	AOBS17_30	1	1	1	1	1	1	1	0	1							
AC1KRY_001569	AOBS17_30	1	1	1	1	1	1	0	1	1							
AC1KRY_001570	AOBS17_30	1	1	1	1	1	1	1	1	1							
AC1KRY_001572	AOBS17_30	1	1	1	1	1	1	1	1	1							
AC1KRY_001573	AOBS17_30	1	0	0	0	1	1	1	0	0							
AC1KRY_001574	AOBS17_30	1	1	1	1	1	1	0	0	1							
AC1KRY_001575	AOBS17_30	1	1	1	1	1	1	1	1	1							
AC1KRY_001578	AOBS17_30	1	1	0	0	0	1	0	0	0							
AC1KRY_001580	AOBS17_30	1	1	1	1	1	1	1	1	1							
AC1KRY_001582	AOBS17_30	1	1	1	1	1	1	1	1	1							
AC1KRY_001584	AOBS17_30	1	0	1	1	1	1	0	0	1							
AC1KRY_005069	AOBS17_30	1	1	1	0	1	1	1	1	0							
AC1KRY_005070	AOBS17_30	1	1	1	1	1	1	0	1	1							
AC1KRY_005071	AOBS17_30	1	0	0	1	0	1	1	1	0							
AC1KRY_005073	AOBS17_30	1	1	1	1	1	1	1	1	1							
AC1KRY_005074	AOBS17_30	1	1	1	1	1	1	1	1	1							
AC1KRY_001586	AOBS17_30	1	1	1	1	1	1	1	1	1							
AC1KRY_001588	AOBS17_30	1	0	1	1	1	1	1	1	1							
AC1KRY_001589	AOBS17_30	1	1	1	1	1	1	1	1	1							
AC1KRY_001593	AOBS17_30	1	1	1	1	1	1	1	1	1							
AC1KRY_001595	AOBS17_30	1	0	0	0	0	1	1	0	1							
AC1KRY_001596	AOBS17_30	1	1	1	1	1	1	1	0	1							
AC1KRY_001597	AOBS17_30	1	1	1	1	1	1	1	1	1							
AC1KRY_001598	AOBS17_30	1	1	1	1	1	1	1	1	1							
AC1KRY_001600	AOBS17_30	1	0	1	1	1	1	1	1	1							
AC1KRY_001601	AOBS17_30	1	1	1	1	1	1	1	1	1							
AC1KRY_001603	AOBS17_30	1	1	1	1	1	1	0	0	1							
AC1KRY_001604	AOBS17_30	1	1	1	1	0	1	1	1	0							
AC1KRY_001607	AOBS17_30	1	0	0	0	0	1	0	1	0							
AC1KRY_001608	AOBS17_30	1	1	1	1	1	1	1	1	1							
AC1KRY_001609	AOBS17_30	1	1	1	1	1	1	0	0	1							
AC1KRY_001611	AOBS17_30	1	1	1	1	0	1	0	0	0							
AC1KRY_001612	AOBS17_30	1	1	1	1	1	1	1	1	1							
AC1KRY_001613	AOBS17_30	1	1	1	1	1	1	1	1	1							
AC1KRY_001616	AOBS17_30	1	1	1	1	1	1	0	1	1							
AC1KRY_001617	AOBS17_30	1	0	1	1	1	1	1	1	1							
AC1KRY_001622	AOBS17_30	1	0	0	0	0	1	0	1	0							
AC1KRY_001623	AOBS17_30	1	1	1	1	1	1	1	1	1							
AC1KRY_001624	AOBS17_30	1	1	1	1	1	1	0	1	1							
AC1KRY_001625	AOBS17_30	1	1	1	1	1	1	1	1	1							
AC1KRY_001633	AOBS17_30	1	1	1	1	1	1	1	1	1							
AC1KRY_001634	AOBS17_30	1	1	1	1	1	1	1	1	1							
AC1KRY_001636	AOBS17_30	1	1	1	1	1	1	1	1	1							
AC1KRY_001638	AOBS17_30	1	1	1	1	1	1	1	1	1							
AC1KRY_001639	AOBS17_30	1	1	1	1	1	1	1	1	1							
AC1KRY_001640	AOBS17_30	1	1	1	1	1	1	0	0	1							
AC1KRY_001642	AOBS17_30	1	1	1	1	1	1	1	1	1							
AC1KRY_001643	AOBS17_30	1	1	1	1	1	1	1	1	1							
AC1KRY_001644	AOBS17_30	1	1	1	1	1	1	1	1	1							
AC1KRY_001650	AOBS17_30	1	0	0	0	0	1	1	0	0							
AC1KRY_001652	AOBS17_30	1	1	1	1	1	1	1	1	1							
AC1KRY_001653	AOBS17_30	1	1	0	0	0	1	0	0	1							
AC1KRY_001654	AOBS17_30	1	1	1	1	1	1	1	1	1							
AC1KRY_001656	AOBS17_30	1	1	1	0	1	1	0	0	1							
AC1KRY_001679	AOBS17_30	1	0	0	0	1	1	0	0	0							
AC1KRY_001686	AOBS17_30	1	0	1	1	1	1	0	0	1							
AC1KRY_001687	AOBS17_30	1	1	1	1	1	1	1	1	1							
AC1KRY_001688	AOBS17_30	1	1	1	1	1	1	1	1	1							
AC1KRY_001690	AOBS17_30	1	1	0	1	1	1	0	0	1							
AC1KRY_001694	AOBS17_30	1	0	0	0	0	1	1	1	0							
AC1KRY_001695	AOBS17_30	1	1	1	1	1	1	1	1	1							
AC1KRY_001696	AOBS17_30	1	1	1	1	1	1	1	1	1							
AC1KRY_001703	AOBS17_30	1	1	1	1	1	1	1	1	1							
AC1KRY_001707	AOBS17_30	1	1	1	1	1	1	0	0	1							
AC1KRY_001708	AOBS17_30	1	1	1	1	1	1	1	1	1							
AC1KRY_001709	AOBS17_30	1	1	1	1	1	1	1	1	1							
AC1KRY_001712	AOBS17_30	1	1	1	1	1	1	0	0	0							
AC1KRY_001715	AOBS17_30	1	1	1	1	1	1	1	1	1							
AC1KRY_001716	AOBS17_30	1	1	0	0	1	1	0	0	0							
AC1KRY_001718	AOBS17_30	1	1	1	1	1	1	1	1	1							
AC1KRY_001724	AOBS17_30	1	1	1	1	1	1	1	1	1							
AC1KRY_001725	AOBS17_30	1	1	1	1	1	1	1	1	1							
AC1KRY_001727	AOBS17_30	1	1	1	1	1	1	0	1	1							
AC1KRY_001731	AOBS17_30	1	1	1	0	1	1	0	1	1							
AC1KRY_001732	AOBS17_30	1	0	1	1	1	1	1	1	1							
AC1KRY_001733	AOBS17_30	1	1	1	1	0	1	0	1	1							
AC1KRY_001736	AOBS17_30	1	1	1	1	1	1	1	1	1							
AC1KRY_001737	AOBS17_30	1	1	0	0	0	1	1	0	1							
AC1KRY_001747	AOBS17_30	1	1	1	1	1	1	1	1	1							
AC1KRY_001748	AOBS17_30	1	1	1	1	1	1	1	1	1							
AC1KRY_001755	AOBS17_30	1	1	1	1	1	1	1	1	1							
AC1KRY_001756	AOBS17_30	1	1	1	1	1	1	1	1	1							
AC1KRY_001758	AOBS17_30	1	1	1	1	1	1	0	1	0							
AC1KRY_001759	AOBS17_30	1	1	1	1	1	1	1	1	1							
AC1KRY_001760	AOBS17_30	1	1	1	1	1	1	1	1	1							
AC1KRY_001761	AOBS17_30	1	1	0	0	0	1	1	0	0							
AC1KRY_001763	AOBS17_30	1	1	0	0	0	1	0	0	0							
AC1KRY_001764	AOBS17_30	1	1	1	1	1	1	1	1	1							
AC1KRY_001768	AOBS17_30	1	0	1	1	1	1	1	1	1							
AC1KRY_001769	AOBS17_30	1	1	1	1	1	1	1	0	1							
AC1KRY_001771	AOBS17_30	1	1	1	1	1	1	0	0	1							
AC1KRY_001773	AOBS17_30	1	1	1	1	1	1	1	1	1							
AC1KRY_001780	AOBS17_30	1	1	1	1	1	1	1	1	1							
AC1KRY_001782	AOBS17_30	1	1	1	1	1	1	0	1	1							
AC1KRY_001783	AOBS17_30	1	1	1	1	1	1	0	0	1							
AC1KRY_001784	AOBS17_30	1	1	1	1	1	1	1	1	1							
AC1KRY_001785	AOBS17_30	1	1	0	0	0	1	1	1	0							
AC1KRY_001786	AOBS17_30	1	1	1	1	1	1	1	1	1							
AC1KRY_001787	AOBS17_30	1	1	1	1	1	1	1	1	1							
AC1KRY_001788	AOBS17_30	1	1	1	1	1	1	1	1	1							
AC1KRY_001790	AOBS17_30	1	1	1	1	1	1	1	1	1							
AC1KRY_001791	AOBS17_30	1	1	0	0	0	1	0	0	0							
AC1KRY_001793	AOBS17_30	1	1	1	1	1	1	1	1	1							
AC1KRY_001801	AOBS17_30	1	1	1	1	1	1	1	1	1							
AC1KRY_001802	AOBS17_30	1	1	1	1	1	1	1	1	1							
AC1KRY_001803	AOBS17_30	1	1	1	1	1	1	1	1	1							
AC1KRY_001806	AOBS17_30	1	1	1	1	1	1	1	1	1							
AC1KRY_001809	AOBS17_30	1	1	1	1	1	1	0	1	1							
AC1KRY_001810	AOBS17_30	1	1	1	0	1	1	1	1	1							
AC1KRY_001813	AOBS17_30	1	1	0	0	0	1	0	1	0							
AC1KRY_001814	AOBS17_30	1	1	0	0	1	1	0	0	1							
AC1KRY_001816	AOBS17_30	1	1	1	1	1	1	1	1	1							
AC1KRY_001818	AOBS17_30	1	1	1	1	0	1	1	1	1							
AC1KRY_001819	AOBS17_30	1	0	0	0	0	1	1	1	1							
AC1KRY_001820	AOBS17_30	1	1	1	1	1	1	1	1	1							
AC1KRY_001822	AOBS17_30	1	1	1	1	1	1	0	0	1							
AC1KRY_001825	AOBS17_30	1	1	1	1	1	1	1	1	1							
AC1KRY_001826	AOBS17_30	1	1	1	1	1	1	1	1	1							
AC1KRY_001827	AOBS17_30	1	1	1	1	1	1	1	1	1							
AC1KRY_001830	AOBS17_30	1	1	1	1	1	1	1	1	1							
AC1KRY_001831	AOBS17_30	1	1	1	1	1	1	1	1	1							
AC1KRY_001833	AOBS17_30	1	1	1	1	1	1	1	1	1							
AC1KRY_001835	AOBS17_30	1	1	1	1	1	1	1	1	1							
AC1KRY_001836	AOBS17_30	1	1	1	1	1	1	1	1	1							
AC1KRY_001837	AOBS17_30	1	1	1	1	1	1	1	1	1							
AC1KRY_001838	AOBS17_30	1	1	1	0	1	1	1	1	1							
AC1KRY_001840	AOBS17_30	1	1	1	1	1	1	1	0	1							
AC1KRY_001846	AOBS17_30	1	0	0	0	1	1	1	1	0							
AC1KRY_001851	AOBS17_30	1	1	1	1	1	1	1	1	1							
AC1KRY_001864	AOBS17_30	1	1	1	1	1	1	1	1	1							
AC1KRY_001865	AOBS17_30	1	1	1	1	1	1	1	1	1							
AC1KRY_001866	AOBS17_30	1	1	0	1	0	1	1	1	0							
AC1KRY_001867	AOBS17_30	1	1	1	1	1	1	1	1	1							
AC1KRY_001868	AOBS17_30	1	1	1	1	1	1	1	1	1							
AC1KRY_001869	AOBS17_30	1	1	1	1	1	1	1	1	1							
AC1KRY_001870	AOBS17_30	1	1	1	1	1	1	1	1	1							
AC1KRY_001876	AOBS17_30	1	1	1	1	1	1	0	1	1							
AC1KRY_001877	AOBS17_30	1	1	0	0	1	1	1	1	0							
AC1KRY_001880	AOBS17_30	1	1	1	1	1	1	1	1	1							
AC1KRY_001881	AOBS17_30	1	1	1	1	1	1	1	1	1							
AC1KRY_001883	AOBS17_30	1	1	1	1	1	1	1	1	1							
AC1KRY_001884	AOBS17_30	1	1	1	1	1	1	0	0	1							
AC1KRY_001886	AOBS17_30	1	1	1	1	1	1	1	1	1							
AC1KRY_001890	AOBS17_30	1	1	1	0	1	1	1	1	1							
AC1KRY_001892	AOBS17_30	1	1	1	1	1	1	0	1	1							
AC1KRY_001895	AOBS17_30	1	1	1	1	1	1	1	1	1							
AC1KRY_001897	AOBS17_30	1	1	1	1	1	1	1	1	1							
AC1KRY_001898	AOBS17_30	1	1	1	1	1	1	1	1	0							
AC1KRY_001900	AOBS17_30	1	1	1	1	1	1	1	0	1							
AC1KRY_001901	AOBS17_30	1	1	0	0	0	1	0	0	0							
AC1KRY_001902	AOBS17_30	1	1	1	1	1	1	1	1	1							
AC1KRY_001903	AOBS17_30	1	1	0	0	0	1	0	0	0							
AC1KRY_001906	AOBS17_30	1	1	1	0	1	1	1	0	1							
AC1KRY_001907	AOBS17_30	1	1	1	1	1	1	1	1	1							
AC1KRY_001911	AOBS17_30	1	1	1	1	1	1	1	1	1							
AC1KRY_001917	AOBS17_30	1	1	1	1	1	1	0	0	1							
AC1KRY_001919	AOBS17_30	1	1	1	1	1	1	1	1	1							
AC1KRY_001925	AOBS17_30	1	1	1	1	1	1	0	1	0							
AC1KRY_001927	AOBS17_30	1	1	1	1	1	1	1	1	1							
AC1KRY_001928	AOBS17_30	1	1	1	1	1	1	1	1	1							
AC1KRY_001929	AOBS17_30	1	1	1	1	1	1	1	1	1							
AC1KRY_001930	AOBS17_30	1	1	1	1	1	1	0	1	1							
AC1KRY_001936	AOBS17_30	1	0	0	0	0	1	0	0	0							
AC1KRY_001937	AOBS17_30	1	1	1	1	1	1	0	1	1							
AC1KRY_001939	AOBS17_30	1	1	0	0	0	1	0	0	0							
AC1KRY_001947	AOBS17_30	1	1	1	1	1	1	0	0	1							
AC1KRY_001948	AOBS17_30	1	1	1	1	1	1	1	0	1							
AC1KRY_001949	AOBS17_30	1	1	1	1	1	1	1	1	1							
AC1KRY_001950	AOBS17_30	1	1	1	1	1	1	1	1	1							
AC1KRY_001952	AOBS17_30	1	0	1	1	1	1	1	1	1							
AC1KRY_001953	AOBS17_30	1	1	1	1	1	1	1	1	1							
AC1KRY_001956	AOBS17_30	1	1	0	1	1	1	1	1	0							
AC1KRY_001957	AOBS17_30	1	1	1	1	1	1	1	1	1							
AC1KRY_001958	AOBS17_30	1	1	1	1	1	1	0	0	1							
AC1KRY_001960	AOBS17_30	1	1	1	1	1	1	1	1	1							
AC1KRY_001965	AOBS17_30	1	0	1	1	1	1	1	1	1							
AC1KRY_001969	AOBS17_30	1	1	1	1	1	1	1	1	1							
AC1KRY_001972	AOBS17_30	1	1	1	1	1	1	1	1	1							
AC1KRY_001973	AOBS17_30	1	1	1	1	1	1	1	1	1							
AC1KRY_001975	AOBS17_30	1	0	1	1	0	1	1	1	1							
AC1KRY_001977	AOBS17_30	1	1	1	1	1	1	1	0	1							
AC1KRY_001978	AOBS17_30	1	1	1	1	1	1	0	0	1							
AC1KRY_001979	AOBS17_30	1	0	1	1	1	1	1	0	1							
AC1KRY_001980	AOBS17_30	1	1	1	1	1	1	0	1	1							
AC1KRY_001983	AOBS17_30	1	1	1	1	1	1	1	1	1							
AC1KRY_001984	AOBS17_30	1	1	1	1	1	1	0	1	1							
AC1KRY_001985	AOBS17_30	1	1	1	1	1	1	0	1	1							
AC1KRY_001986	AOBS17_30	1	1	1	1	1	1	1	1	1							
AC1KRY_001987	AOBS17_30	1	1	1	1	1	1	0	0	1							
AC1KRY_001988	AOBS17_30	1	1	1	1	1	1	0	1	1							
AC1KRY_001991	AOBS17_30	1	1	1	1	1	1	1	1	1							
AC1KRY_001993	AOBS17_30	1	1	1	1	1	1	1	1	1							
AC1KRY_001997	AOBS17_30	1	1	1	1	1	1	1	1	1							
AC1KRY_002001	AOBS17_30	1	1	1	1	1	1	1	1	1							
AC1KRY_002002	AOBS17_30	1	1	1	1	1	1	0	0	1							
AC1KRY_002005	AOBS17_30	1	1	0	0	0	1	0	0	0							
AC1KRY_002006	AOBS17_30	1	1	1	1	1	1	0	1	1							
AC1KRY_002007	AOBS17_30	1	1	1	1	1	1	1	1	1							
AC1KRY_002009	AOBS17_30	1	1	1	1	1	1	1	1	1							
AC1KRY_002010	AOBS17_30	1	1	1	1	1	1	1	1	1							
AC1KRY_002012	AOBS17_30	1	0	1	1	1	1	1	1	1							
AC1KRY_002013	AOBS17_30	1	1	1	1	1	1	1	1	1							
AC1KRY_002016	AOBS17_30	1	1	1	1	1	1	1	1	1							
AC1KRY_002017	AOBS17_30	1	1	0	0	0	1	0	0	0							
AC1KRY_002019	AOBS17_30	1	1	1	1	1	1	1	1	1							
AC1KRY_002020	AOBS17_30	1	1	1	1	1	1	1	1	1							
AC1KRY_002023	AOBS17_30	1	1	1	1	1	1	1	1	1							
AC1KRY_002025	AOBS17_30	1	1	1	1	1	1	0	1	1							
AC1KRY_002030	AOBS17_30	1	1	1	1	1	1	0	0	1							
AC1KRY_002031	AOBS17_30	1	1	1	1	1	1	1	1	1							
AC1KRY_002032	AOBS17_30	1	1	1	1	1	1	1	1	1							
AC1KRY_002034	AOBS17_30	1	1	1	1	1	1	1	1	1							
AC1KRY_002037	AOBS17_30	1	1	1	0	1	1	1	1	1							
AC1KRY_002040	AOBS17_30	1	0	0	1	0	1	0	0	1							
AC1KRY_002042	AOBS17_30	1	1	1	0	1	1	1	1	1							
AC1KRY_002043	AOBS17_30	1	1	1	1	1	1	0	0	1							
AC1KRY_002055	AOBS17_30	1	1	1	1	1	1	1	0	1							
AC1KRY_002057	AOBS17_30	1	1	1	1	1	1	1	1	1							
AC1KRY_002058	AOBS17_30	1	1	1	1	1	1	1	1	1							
AC1KRY_002060	AOBS17_30	1	1	1	1	1	1	0	0	1							
AC1KRY_002061	AOBS17_30	1	1	1	1	1	1	1	1	1							
AC1KRY_002068	AOBS17_30	1	1	1	1	1	1	1	1	1							
AC1KRY_002069	AOBS17_30	1	1	1	1	1	1	1	1	1							
AC1KRY_002075	AOBS17_30	1	1	1	1	1	1	1	1	1							
AC1KRY_002076	AOBS17_30	1	1	1	1	1	1	0	0	1							
AC1KRY_002077	AOBS17_30	1	1	0	0	0	1	1	1	0							
AC1KRY_002078	AOBS17_30	1	1	1	1	1	1	1	1	1							
AC1KRY_002080	AOBS17_30	1	0	0	0	0	1	1	1	0							
AC1KRY_002081	AOBS17_30	1	1	0	0	0	1	0	0	0							
AC1KRY_002082	AOBS17_30	1	1	1	1	1	1	1	0	1							
AC1KRY_002086	AOBS17_30	1	1	0	0	0	1	0	0	0							
AC1KRY_002088	AOBS17_30	1	1	1	1	1	1	1	1	1							
AC1KRY_002089	AOBS17_30	1	1	1	1	1	1	1	1	1							
AC1KRY_002090	AOBS17_30	1	1	1	1	1	1	0	1	1							
AC1KRY_002092	AOBS17_30	1	1	1	1	1	1	1	1	1							
AC1KRY_002093	AOBS17_30	1	1	1	1	1	1	1	1	1							
AC1KRY_002094	AOBS17_30	1	1	1	1	1	1	1	1	1							
AC1KRY_002096	AOBS17_30	1	1	1	1	1	1	0	0	1							
AC1KRY_002097	AOBS17_30	1	1	1	1	1	1	1	1	1							
AC1KRY_002098	AOBS17_30	1	1	1	1	1	1	1	1	1							
AC1KRY_002103	AOBS17_30	1	1	1	1	1	1	1	1	1							
AC1KRY_002104	AOBS17_30	1	1	1	1	1	1	1	1	1							
AC1KRY_002105	AOBS17_30	1	1	1	1	0	1	0	1	1							
AC1KRY_002106	AOBS17_30	1	1	1	1	1	1	1	1	1							
AC1KRY_002107	AOBS17_30	1	1	1	1	1	1	1	1	1							
AC1KRY_002109	AOBS17_30	1	1	1	1	1	1	1	1	1							
AC1KRY_002110	AOBS17_30	1	1	1	1	1	1	1	0	1							
AC1KRY_002111	AOBS17_30	1	1	1	1	1	1	0	1	1							
AC1KRY_002112	AOBS17_30	1	1	1	1	1	1	1	1	1							
AC1KRY_002117	AOBS17_30	1	1	1	1	1	1	0	0	1							
AC1KRY_002121	AOBS17_30	1	0	0	0	0	1	1	0	0							
AC1KRY_002122	AOBS17_30	1	1	0	0	0	1	0	1	1							
AC1KRY_002128	AOBS17_30	1	1	1	1	1	1	0	1	1							
AC1KRY_002129	AOBS17_30	1	1	1	1	1	1	1	1	1							
AC1KRY_002136	AOBS17_30	1	1	1	1	1	1	0	1	1							
AC1KRY_002138	AOBS17_30	1	1	1	1	1	1	0	1	1							
AC1KRY_002139	AOBS17_30	1	1	1	1	1	1	1	1	1							
AC1KRY_002144	AOBS17_30	1	1	1	1	1	1	1	1	1							
AC1KRY_002146	AOBS17_30	1	1	1	1	1	1	0	1	1							
AC1KRY_002151	AOBS17_30	1	1	1	1	1	1	1	1	1							
AC1KRY_002152	AOBS17_30	1	0	0	0	0	1	1	0	0							
AC1KRY_002156	AOBS17_30	1	1	1	1	1	1	1	1	1							
AC1KRY_002158	AOBS17_30	1	1	1	1	1	1	1	1	1							
AC1KRY_002160	AOBS17_30	1	1	1	1	1	1	0	1	1							
AC1KRY_002161	AOBS17_30	1	1	1	0	1	1	1	0	1							
AC1KRY_002162	AOBS17_30	1	0	0	0	0	1	0	1	0							
AC1KRY_002167	AOBS17_30	1	1	0	1	1	1	1	1	1							
AC1KRY_002172	AOBS17_30	1	1	1	0	1	1	1	1	1							
AC1KRY_002173	AOBS17_30	1	1	0	0	0	1	0	0	1							
AC1KRY_002177	AOBS17_30	1	1	1	1	1	1	1	1	1							
AC1KRY_002178	AOBS17_30	1	1	0	0	0	1	0	0	0							
AC1KRY_002179	AOBS17_30	1	1	1	0	1	1	1	1	1							
AC1KRY_002183	AOBS17_30	1	1	1	1	1	1	1	1	1							
AC1KRY_002185	AOBS17_30	1	1	1	1	1	1	1	0	1							
AC1KRY_002186	AOBS17_30	1	1	1	1	1	1	0	1	1							
AC1KRY_002187	AOBS17_30	1	1	1	1	1	1	0	0	1							
AC1KRY_002188	AOBS17_30	1	1	1	1	0	1	0	0	1							
AC1KRY_002190	AOBS17_30	1	0	1	1	1	1	1	1	0							
AC1KRY_002191	AOBS17_30	1	1	1	1	1	1	1	1	1							
AC1KRY_002194	AOBS17_30	1	1	0	0	1	1	0	0	1							
AC1KRY_002196	AOBS17_30	1	1	1	1	1	1	1	1	1							
AC1KRY_000220	AOBS17_30	1	1	1	1	1	1	1	1	1							
AC1KRY_000223	AOBS17_30	1	0	1	1	0	1	0	1	1							
AC1KRY_000224	AOBS17_30	1	1	0	0	0	1	0	0	0							
AC1KRY_000226	AOBS17_30	1	1	1	1	1	1	1	1	1							
AC1KRY_000228	AOBS17_30	1	1	1	1	1	1	1	1	1							
AC1KRY_000230	AOBS17_30	1	1	1	1	1	1	0	1	1							
AC1KRY_000233	AOBS17_30	1	1	1	1	1	1	0	1	1							
AC1KRY_000235	AOBS17_30	1	1	0	0	0	1	0	0	0							
AC1KRY_000236	AOBS17_30	1	1	1	1	1	1	1	1	1							
AC1KRY_000237	AOBS17_30	1	1	1	1	1	1	1	1	1							
AC1KRY_000240	AOBS17_30	1	1	1	1	1	1	1	1	1							
AC1KRY_000241	AOBS17_30	1	1	0	0	0	1	0	0	0							
AC1KRY_000244	AOBS17_30	1	1	1	1	0	1	1	1	1							
AC1KRY_000248	AOBS17_30	1	1	1	1	1	1	0	0	1							
AC1KRY_000252	AOBS17_30	1	1	1	1	0	1	0	0	0							
AC1KRY_000253	AOBS17_30	1	1	1	1	1	1	1	1	1							
AC1KRY_000254	AOBS17_30	1	1	1	1	1	1	1	0	1							
AC1KRY_000255	AOBS17_30	1	1	1	1	1	1	1	1	1							
AC1KRY_000256	AOBS17_30	1	1	1	1	1	1	1	1	1							
AC1KRY_000258	AOBS17_30	1	1	1	1	1	1	1	1	1							
AC1KRY_000259	AOBS17_30	1	1	1	1	1	1	1	1	1							
AC1KRY_000261	AOBS17_30	1	0	1	0	0	1	0	0	0							
AC1KRY_000263	AOBS17_30	1	1	1	1	1	1	1	0	1							
AC1KRY_000264	AOBS17_30	1	1	1	1	1	1	1	1	1							
AC1KRY_000265	AOBS17_30	1	0	1	1	1	1	1	1	1							
AC1KRY_000267	AOBS17_30	1	1	1	1	1	1	1	0	1							
AC1KRY_000273	AOBS17_30	1	1	1	1	1	1	1	1	1							
AC1KRY_000274	AOBS17_30	1	1	1	1	1	1	0	1	0							
AC1KRY_000275	AOBS17_30	1	1	1	1	1	1	1	1	1							
AC1KRY_000277	AOBS17_30	1	1	1	1	1	1	1	1	1							
AC1KRY_000278	AOBS17_30	1	0	1	1	1	1	0	0	1							
AC1KRY_000279	AOBS17_30	1	1	0	0	0	1	0	1	1							
AC1KRY_000280	AOBS17_30	1	1	1	1	1	1	1	1	1							
AC1KRY_000286	AOBS17_30	1	0	1	0	0	1	1	0	1							
AC1KRY_000287	AOBS17_30	1	1	1	1	1	1	1	1	1							
AC1KRY_000288	AOBS17_30	1	1	1	1	1	1	1	0	1							
AC1KRY_000290	AOBS17_30	1	0	1	1	1	1	1	1	1							
AC1KRY_000295	AOBS17_30	1	1	1	1	1	1	1	1	1							
AC1KRY_000297	AOBS17_30	1	1	1	1	1	1	1	1	1							
AC1KRY_000299	AOBS17_30	1	1	1	1	1	1	1	1	1							
AC1KRY_000304	AOBS17_30	1	1	1	1	1	1	1	1	1							
AC1KRY_000306	AOBS17_30	1	1	1	1	1	1	1	1	1							
AC1KRY_000308	AOBS17_30	1	1	0	0	0	1	0	1	1							
AC1KRY_000309	AOBS17_30	1	1	1	1	1	1	1	1	1							
AC1KRY_000312	AOBS17_30	1	1	1	1	1	1	1	1	1							
AC1KRY_000313	AOBS17_30	1	1	1	1	1	1	1	1	1							
AC1KRY_000314	AOBS17_30	1	1	1	1	1	1	1	1	1							
AC1KRY_000316	AOBS17_30	1	1	0	0	0	1	0	1	0							
AC1KRY_000318	AOBS17_30	1	0	1	1	1	1	1	1	1							
AC1KRY_000319	AOBS17_30	1	1	1	1	1	1	1	1	1							
AC1KRY_000322	AOBS17_30	1	1	1	1	1	1	0	0	0							
AC1KRY_000323	AOBS17_30	1	1	1	1	1	1	1	1	1							
AC1KRY_000328	AOBS17_30	1	1	1	1	1	1	1	1	1							
AC1KRY_000334	AOBS17_30	1	1	1	1	1	1	1	1	1							
AC1KRY_000335	AOBS17_30	1	1	1	1	1	1	1	1	1							
AC1KRY_000336	AOBS17_30	1	1	1	1	1	1	1	1	1							
AC1KRY_000340	AOBS17_30	1	0	1	1	1	1	0	0	1							
AC1KRY_000341	AOBS17_30	1	1	1	1	1	1	1	1	1							
AC1KRY_000342	AOBS17_30	1	1	1	1	1	1	1	1	1							
AC1KRY_000351	AOBS17_30	1	1	1	1	1	1	1	1	1							
AC1KRY_000352	AOBS17_30	1	1	1	0	0	1	0	0	0							
AC1KRY_000355	AOBS17_30	1	1	1	1	1	1	1	0	1							
AC1KRY_000356	AOBS17_30	1	1	1	1	1	1	1	1	1							
AC1KRY_000357	AOBS17_30	1	1	1	1	1	1	0	1	1							
AC1KRY_000365	AOBS17_30	1	0	0	0	0	1	0	1	0							
AC1KRY_000367	AOBS17_30	1	1	0	1	0	1	0	0	0							
AC1KRY_000369	AOBS17_30	1	0	1	1	1	1	0	1	1							
AC1KRY_000371	AOBS17_30	1	1	1	1	1	1	0	1	1							
AC1KRY_000375	AOBS17_30	1	1	1	1	1	1	1	1	1							
AC1KRY_000377	AOBS17_30	1	1	0	0	0	1	1	0	0							
AC1KRY_000379	AOBS17_30	1	1	1	1	1	1	0	0	1							
AC1KRY_000380	AOBS17_30	1	1	0	0	1	1	1	1	0							
AC1KRY_000385	AOBS17_30	1	1	1	1	1	1	1	1	1							
AC1KRY_000387	AOBS17_30	1	1	1	1	1	1	1	1	1							
AC1KRY_000389	AOBS17_30	1	1	1	1	1	1	1	1	1							
AC1KRY_000390	AOBS17_30	1	1	1	1	1	1	1	1	1							
AC1KRY_000391	AOBS17_30	1	1	1	1	1	1	1	0	1							
AC1KRY_000392	AOBS17_30	1	1	1	1	1	1	1	1	1							
AC1KRY_000393	AOBS17_30	1	1	1	1	1	1	0	1	1							
AC1KRY_000394	AOBS17_30	1	1	1	1	1	1	1	1	1							
AC1KRY_000395	AOBS17_30	1	1	1	1	1	1	1	1	1							
AC1KRY_000400	AOBS17_30	1	0	1	1	0	1	0	0	1							
AC1KRY_000402	AOBS17_30	1	1	0	0	0	1	0	1	0							
AC1KRY_000404	AOBS17_30	1	1	1	1	1	1	0	1	1							
AC1KRY_000405	AOBS17_30	1	1	1	1	1	1	1	1	1							
AC1KRY_000407	AOBS17_30	1	1	1	0	0	1	0	0	0							
AC1KRY_000408	AOBS17_30	1	1	0	0	0	1	0	0	0							
AC1KRY_000409	AOBS17_30	1	1	1	1	1	1	1	1	1							
AC1KRY_000411	AOBS17_30	1	1	1	1	1	1	1	1	1							
AC1KRY_000412	AOBS17_30	1	1	1	1	1	1	1	1	1							
AC1KRY_000415	AOBS17_30	1	1	1	1	1	1	1	1	1							
AC1KRY_000416	AOBS17_30	1	1	1	1	1	1	1	1	1							
AC1KRY_000417	AOBS17_30	1	1	1	1	1	1	1	1	1							
AC1KRY_000419	AOBS17_30	1	1	1	1	1	1	1	1	1							
AC1KRY_000420	AOBS17_30	1	1	1	1	1	1	0	0	0							
AC1KRY_000423	AOBS17_30	1	1	1	1	1	1	1	1	1							
AC1KRY_000424	AOBS17_30	1	1	1	1	1	1	1	1	1							
AC1KRY_000425	AOBS17_30	1	1	1	1	1	1	0	0	1							
AC1KRY_000426	AOBS17_30	1	1	0	0	0	1	1	1	0							
AC1KRY_002199	AOBS17_30	1	1	1	1	1	1	1	1	1							
AC1KRY_002204	AOBS17_30	1	1	0	0	0	1	0	0	1							
AC1KRY_002205	AOBS17_30	1	1	1	1	0	1	0	0	1							
AC1KRY_002206	AOBS17_30	1	1	1	1	1	1	1	1	1							
AC1KRY_002207	AOBS17_30	1	1	1	1	1	1	1	1	1							
AC1KRY_002219	AOBS17_30	1	1	1	1	1	1	1	1	1							
AC1KRY_002220	AOBS17_30	1	0	1	0	1	1	1	0	0							
AC1KRY_002223	AOBS17_30	1	1	1	1	1	1	0	1	1							
AC1KRY_002226	AOBS17_30	1	1	1	1	1	1	1	1	1							
AC1KRY_002227	AOBS17_30	1	1	1	0	1	1	1	1	1							
AC1KRY_002228	AOBS17_30	1	1	1	1	1	1	1	1	1							
AC1KRY_002230	AOBS17_30	1	1	0	1	0	1	1	1	0							
AC1KRY_002235	AOBS17_30	1	1	1	1	1	1	0	0	1							
AC1KRY_002239	AOBS17_30	1	1	1	1	1	1	1	1	1							
AC1KRY_002245	AOBS17_30	1	1	1	1	1	1	1	1	1							
AC1KRY_002248	AOBS17_30	1	0	0	0	0	1	0	0	0							
AC1KRY_002251	AOBS17_30	1	1	1	1	1	1	1	1	1							
AC1KRY_002253	AOBS17_30	1	1	1	1	1	1	0	1	1							
AC1KRY_002254	AOBS17_30	1	1	1	1	1	1	1	1	1							
AC1KRY_002255	AOBS17_30	1	1	1	1	1	1	1	1	0							
AC1KRY_002256	AOBS17_30	1	1	1	1	1	1	0	1	1							
AC1KRY_002258	AOBS17_30	1	1	1	1	1	1	1	1	1							
AC1KRY_002261	AOBS17_30	1	1	1	1	1	1	1	1	1							
AC1KRY_002262	AOBS17_30	1	1	1	1	1	1	1	1	1							
AC1KRY_002266	AOBS17_30	1	1	1	1	1	1	1	1	1							
AC1KRY_002267	AOBS17_30	1	1	1	1	1	1	0	1	1							
AC1KRY_002268	AOBS17_30	1	1	1	0	1	1	0	1	1							
AC1KRY_002269	AOBS17_30	1	1	1	1	1	1	0	0	1							
AC1KRY_002271	AOBS17_30	1	1	1	1	1	1	1	1	1							
AC1KRY_002272	AOBS17_30	1	1	1	1	1	1	1	1	1							
AC1KRY_002273	AOBS17_30	1	1	1	1	1	1	1	1	1							
AC1KRY_002280	AOBS17_30	1	1	1	1	1	1	1	1	1							
AC1KRY_002281	AOBS17_30	1	1	0	0	0	1	1	1	0							
AC1KRY_002282	AOBS17_30	1	1	1	1	1	1	1	1	1							
AC1KRY_002288	AOBS17_30	1	1	1	1	1	1	1	1	1							
AC1KRY_002289	AOBS17_30	1	0	0	1	1	1	1	1	1							
AC1KRY_002290	AOBS17_30	1	1	1	1	1	1	1	1	1							
AC1KRY_002292	AOBS17_30	1	1	1	1	1	1	1	1	1							
AC1KRY_002293	AOBS17_30	1	1	1	1	1	1	0	0	1							
AC1KRY_002294	AOBS17_30	1	1	1	1	1	1	1	0	1							
AC1KRY_002297	AOBS17_30	1	1	1	1	1	1	1	1	1							
AC1KRY_002298	AOBS17_30	1	1	1	1	1	1	1	1	1							
AC1KRY_002299	AOBS17_30	1	1	1	1	1	1	1	1	1							
AC1KRY_002300	AOBS17_30	1	0	0	0	0	1	0	0	0							
AC1KRY_002301	AOBS17_30	1	1	1	1	1	1	1	1	1							
AC1KRY_002302	AOBS17_30	1	1	1	1	1	1	1	1	1							
AC1KRY_002303	AOBS17_30	1	1	1	1	1	1	1	1	1							
AC1KRY_002305	AOBS17_30	1	0	0	0	0	1	0	0	0							
AC1KRY_002307	AOBS17_30	1	1	1	1	1	1	1	1	1							
AC1KRY_002308	AOBS17_30	1	1	1	1	1	1	1	1	1							
AC1KRY_002315	AOBS17_30	1	1	1	1	1	1	0	1	0							
AC1KRY_002317	AOBS17_30	1	1	0	1	1	1	0	0	1							
AC1KRY_002332	AOBS17_30	1	1	1	1	1	1	1	1	1							
AC1KRY_002336	AOBS17_30	1	1	1	1	1	1	1	1	1							
AC1KRY_002340	AOBS17_30	1	1	1	1	1	1	1	1	1							
AC1KRY_002342	AOBS17_30	1	1	1	1	1	1	1	1	1							
AC1KRY_002344	AOBS17_30	1	1	1	1	1	1	1	1	1							
AC1KRY_002345	AOBS17_30	1	1	1	1	0	1	0	1	1							
AC1KRY_002347	AOBS17_30	1	1	0	0	0	1	1	1	1							
AC1KRY_002348	AOBS17_30	1	1	1	1	1	1	0	1	1							
AC1KRY_002351	AOBS17_30	1	1	1	1	1	1	1	1	1							
AC1KRY_002354	AOBS17_30	1	1	1	1	1	1	1	1	1							
AC1KRY_002356	AOBS17_30	1	1	0	0	0	1	0	0	1							
AC1KRY_002357	AOBS17_30	1	1	1	1	1	1	1	1	1							
AC1KRY_002361	AOBS17_30	1	1	1	1	1	1	1	1	1							
AC1KRY_002363	AOBS17_30	1	1	1	1	1	1	1	1	1							
AC1KRY_002364	AOBS17_30	1	0	0	0	0	1	0	0	0							
AC1KRY_002365	AOBS17_30	1	1	1	1	1	1	1	1	1							
AC1KRY_002366	AOBS17_30	1	0	1	1	1	1	0	0	1							
AC1KRY_002368	AOBS17_30	1	1	1	1	1	1	1	1	1							
AC1KRY_002374	AOBS17_30	1	1	0	1	0	1	1	0	1							
AC1KRY_002375	AOBS17_30	1	1	1	1	1	1	1	1	1							
AC1KRY_002376	AOBS17_30	1	1	1	1	1	1	1	0	1							
AC1KRY_002377	AOBS17_30	1	0	1	1	1	1	1	1	1							
AC1KRY_002378	AOBS17_30	1	1	1	1	1	1	0	0	1							
AC1KRY_002380	AOBS17_30	1	1	1	0	1	1	0	0	1							
AC1KRY_002383	AOBS17_30	1	1	1	1	1	1	0	1	1							
AC1KRY_002385	AOBS17_30	1	1	1	1	1	1	1	1	1							
AC1KRY_002386	AOBS17_30	1	1	1	1	1	1	1	1	1							
AC1KRY_002391	AOBS17_30	1	1	1	1	0	1	0	1	1							
AC1KRY_002392	AOBS17_30	1	1	1	0	1	1	1	1	1							
AC1KRY_002393	AOBS17_30	1	1	1	1	1	1	1	1	1							
AC1KRY_002400	AOBS17_30	1	0	0	0	0	1	0	0	0							
AC1KRY_002402	AOBS17_30	1	1	1	1	1	1	1	1	1							
AC1KRY_002403	AOBS17_30	1	1	1	1	1	1	0	0	1							
AC1KRY_002405	AOBS17_30	1	1	1	1	1	1	1	1	1							
AC1KRY_002409	AOBS17_30	1	0	0	0	0	1	1	1	0							
AC1KRY_002414	AOBS17_30	1	1	1	1	1	1	1	0	1							
AC1KRY_002416	AOBS17_30	1	1	0	0	0	1	0	0	0							
AC1KRY_002417	AOBS17_30	1	1	1	0	1	1	0	0	1							
AC1KRY_002420	AOBS17_30	1	1	1	1	1	1	0	1	1							
AC1KRY_002427	AOBS17_30	1	1	1	1	1	1	0	0	0							
AC1KRY_002428	AOBS17_30	1	1	1	1	1	1	1	1	1							
AC1KRY_002429	AOBS17_30	1	1	1	1	1	1	1	1	1							
AC1KRY_002430	AOBS17_30	1	1	1	1	1	1	1	1	1							
AC1KRY_002431	AOBS17_30	1	1	1	1	1	1	0	0	0							
AC1KRY_002433	AOBS17_30	1	1	1	1	1	1	1	1	1							
AC1KRY_002434	AOBS17_30	1	1	1	1	1	1	0	0	1							
AC1KRY_002436	AOBS17_30	1	1	1	1	1	1	1	1	1							
AC1KRY_002437	AOBS17_30	1	1	1	1	1	1	1	0	1							
AC1KRY_002438	AOBS17_30	1	1	1	1	1	1	1	1	1							
AC1KRY_002440	AOBS17_30	1	0	1	1	1	1	1	1	1							
AC1KRY_002441	AOBS17_30	1	1	1	1	1	1	1	1	1							
AC1KRY_002443	AOBS17_30	1	1	1	1	1	1	1	1	1							
AC1KRY_002445	AOBS17_30	1	1	1	1	1	1	0	0	1							
AC1KRY_002447	AOBS17_30	1	1	1	1	1	1	0	0	1							
AC1KRY_002448	AOBS17_30	1	1	1	1	1	1	1	1	1							
AC1KRY_002450	AOBS17_30	1	1	1	1	1	1	1	1	1							
AC1KRY_002453	AOBS17_30	1	1	1	1	0	1	0	1	1							
AC1KRY_002454	AOBS17_30	1	1	1	1	1	1	0	1	1							
AC1KRY_002457	AOBS17_30	1	1	1	1	1	1	0	1	1							
AC1KRY_002458	AOBS17_30	1	1	1	1	1	1	0	0	1							
AC1KRY_002462	AOBS17_30	1	1	1	0	1	1	1	1	1							
AC1KRY_002463	AOBS17_30	1	1	1	1	1	1	1	1	1							
AC1KRY_002467	AOBS17_30	1	1	1	1	1	1	1	1	1							
AC1KRY_002468	AOBS17_30	1	1	0	0	0	1	0	0	1							
AC1KRY_002469	AOBS17_30	1	0	1	1	1	1	0	1	0							
AC1KRY_002471	AOBS17_30	1	1	1	1	1	1	1	1	1							
AC1KRY_002474	AOBS17_30	1	1	1	1	1	1	1	1	1							
AC1KRY_002477	AOBS17_30	1	0	1	1	1	1	1	1	1							
AC1KRY_002484	AOBS17_30	1	1	1	1	1	1	1	1	1							
AC1KRY_002485	AOBS17_30	1	1	0	0	0	1	0	0	0							
AC1KRY_002487	AOBS17_30	1	1	0	0	0	1	1	1	0							
AC1KRY_002489	AOBS17_30	1	1	1	1	1	1	1	1	1							
AC1KRY_002491	AOBS17_30	1	1	0	0	0	1	0	0	0							
AC1KRY_002492	AOBS17_30	1	1	1	1	1	1	1	1	1							
AC1KRY_002493	AOBS17_30	1	1	0	0	0	1	0	1	0							
AC1KRY_002495	AOBS17_30	1	1	0	0	0	1	1	1	0							
AC1KRY_002502	AOBS17_30	1	1	1	1	1	1	1	1	1							
AC1KRY_002504	AOBS17_30	1	1	1	1	1	1	1	1	1							
AC1KRY_002507	AOBS17_30	1	1	1	1	1	1	1	0	1							
AC1KRY_002509	AOBS17_30	1	1	1	1	1	1	1	1	1							
AC1KRY_002510	AOBS17_30	1	1	0	0	0	1	0	0	0							
AC1KRY_002517	AOBS17_30	1	1	1	1	1	1	1	1	1							
AC1KRY_002518	AOBS17_30	1	1	1	1	0	1	0	0	1							
AC1KRY_002520	AOBS17_30	1	1	1	1	1	1	1	1	1							
AC1KRY_002525	AOBS17_30	1	1	1	1	1	1	1	1	1							
AC1KRY_002526	AOBS17_30	1	0	0	0	0	1	0	0	0							
AC1KRY_002531	AOBS17_30	1	0	1	1	1	1	1	1	1							
AC1KRY_002539	AOBS17_30	1	1	1	1	1	1	0	1	1							
AC1KRY_002542	AOBS17_30	1	1	1	1	1	1	1	1	1							
AC1KRY_002551	AOBS17_30	1	1	1	1	1	1	1	1	1							
AC1KRY_002553	AOBS17_30	1	1	0	0	0	1	0	0	0							
AC1KRY_002563	AOBS17_30	1	1	1	1	1	1	1	1	1							
AC1KRY_002565	AOBS17_30	1	0	0	0	0	1	0	0	1							
AC1KRY_002566	AOBS17_30	1	1	0	0	0	1	0	0	0							
AC1KRY_002567	AOBS17_30	1	1	1	1	1	1	0	1	1							
AC1KRY_002569	AOBS17_30	1	1	1	1	1	1	1	1	1							
AC1KRY_002570	AOBS17_30	1	1	1	0	1	1	1	1	1							
AC1KRY_002571	AOBS17_30	1	1	1	1	1	1	0	0	1							
AC1KRY_002572	AOBS17_30	1	1	1	1	1	1	1	1	1							
AC1KRY_002573	AOBS17_30	1	1	1	1	1	1	1	1	1							
AC1KRY_002574	AOBS17_30	1	1	1	1	1	1	1	1	1							
AC1KRY_002575	AOBS17_30	1	1	1	1	1	1	1	1	1							
AC1KRY_002576	AOBS17_30	1	1	1	1	1	1	1	0	1							
AC1KRY_002577	AOBS17_30	1	1	0	0	1	1	0	0	0							
AC1KRY_002578	AOBS17_30	1	1	1	1	1	1	1	1	1							
AC1KRY_002579	AOBS17_30	1	1	1	1	1	1	1	1	1							
AC1KRY_002584	AOBS17_30	1	1	1	1	1	1	1	1	1							
AC1KRY_002585	AOBS17_30	1	1	1	1	1	1	1	1	1							
AC1KRY_002586	AOBS17_30	1	1	1	1	1	1	1	1	1							
AC1KRY_002591	AOBS17_30	1	1	1	1	1	1	1	1	1							
AC1KRY_002593	AOBS17_30	1	1	1	1	1	1	1	0	1							
AC1KRY_002594	AOBS17_30	1	1	1	1	1	1	1	1	1							
AC1KRY_002597	AOBS17_30	1	1	1	1	1	1	1	1	1							
AC1KRY_002600	AOBS17_30	1	0	1	1	1	1	1	0	1							
AC1KRY_002603	AOBS17_30	1	1	1	1	1	1	0	1	1							
AC1KRY_002608	AOBS17_30	1	1	1	1	1	1	1	1	1							
AC1KRY_002609	AOBS17_30	1	1	1	1	1	1	1	1	1							
AC1KRY_002611	AOBS17_30	1	1	1	1	1	1	1	1	1							
AC1KRY_002612	AOBS17_30	1	1	1	1	1	1	1	1	1							
AC1KRY_002615	AOBS17_30	1	1	1	0	0	1	0	0	1							
AC1KRY_002617	AOBS17_30	1	1	1	0	0	1	0	0	0							
AC1KRY_002620	AOBS17_30	1	1	1	1	1	1	1	1	1							
AC1KRY_002621	AOBS17_30	1	1	1	1	1	1	1	1	1							
AC1KRY_002624	AOBS17_30	1	0	0	0	0	1	1	0	0							
AC1KRY_002625	AOBS17_30	1	1	1	1	1	1	1	1	1							
AC1KRY_002627	AOBS17_30	1	0	1	0	1	1	1	1	1							
AC1KRY_002628	AOBS17_30	1	1	1	1	1	1	1	1	1							
AC1KRY_002629	AOBS17_30	1	1	1	1	1	1	1	1	1							
AC1KRY_002630	AOBS17_30	1	1	1	1	1	1	1	0	1							
AC1KRY_002632	AOBS17_30	1	1	1	1	1	1	1	1	1							
AC1KRY_002633	AOBS17_30	1	1	1	1	1	1	1	1	1							
AC1KRY_002636	AOBS17_30	1	0	0	0	0	1	0	0	0							
AC1KRY_002637	AOBS17_30	1	1	1	1	1	1	1	1	1							
AC1KRY_002638	AOBS17_30	1	1	1	1	1	1	1	1	1							
AC1KRY_002641	AOBS17_30	1	1	1	1	1	1	1	1	1							
AC1KRY_002642	AOBS17_30	1	1	0	0	0	1	1	0	0							
AC1KRY_002646	AOBS17_30	1	1	1	1	1	1	1	1	1							
AC1KRY_002648	AOBS17_30	1	1	1	1	1	1	1	1	1							
AC1KRY_002650	AOBS17_30	1	1	1	1	1	1	1	1	1							
AC1KRY_002653	AOBS17_30	1	1	1	1	1	1	1	1	1							
AC1KRY_002657	AOBS17_30	1	1	1	1	1	1	1	1	1							
AC1KRY_002658	AOBS17_30	1	1	1	1	1	1	1	1	1							
AC1KRY_002659	AOBS17_30	1	1	1	1	1	1	1	1	1							
AC1KRY_002662	AOBS17_30	1	1	1	1	1	1	1	1	1							
AC1KRY_002663	AOBS17_30	1	0	1	0	1	1	0	0	1							
AC1KRY_002665	AOBS17_30	1	1	1	1	1	1	1	1	0							
AC1KRY_002669	AOBS17_30	1	1	0	0	0	1	0	1	0							
AC1KRY_002670	AOBS17_30	1	1	0	0	0	1	0	1	0							
AC1KRY_002671	AOBS17_30	1	1	1	1	1	1	1	1	1							
AC1KRY_002672	AOBS17_30	1	0	0	0	0	1	0	0	0							
AC1KRY_002675	AOBS17_30	1	1	0	0	0	1	0	0	0							
AC1KRY_002678	AOBS17_30	1	1	1	1	1	1	1	1	1							
AC1KRY_002685	AOBS17_30	1	1	1	1	1	1	0	1	1							
AC1KRY_002689	AOBS17_30	1	1	1	1	1	1	1	1	1							
AC1KRY_002691	AOBS17_30	1	1	1	1	1	1	1	1	1							
AC1KRY_002692	AOBS17_30	1	1	1	1	1	1	0	1	1							
AC1KRY_002693	AOBS17_30	1	1	1	1	1	1	1	1	0							
AC1KRY_002694	AOBS17_30	1	1	1	1	1	1	1	1	1							
AC1KRY_002696	AOBS17_30	1	1	1	1	1	1	1	1	1							
AC1KRY_002697	AOBS17_30	1	1	1	1	1	1	1	0	1							
AC1KRY_002699	AOBS17_30	1	1	1	1	1	1	1	1	1							
AC1KRY_002700	AOBS17_30	1	1	0	0	0	1	0	0	0							
AC1KRY_002717	AOBS17_30	1	1	1	1	1	1	0	1	1							
AC1KRY_002718	AOBS17_30	1	1	1	1	1	1	1	1	1							
AC1KRY_002719	AOBS17_30	1	1	1	1	1	1	1	1	1							
AC1KRY_002721	AOBS17_30	1	1	1	1	1	1	0	1	1							
AC1KRY_002724	AOBS17_30	1	1	1	1	1	1	1	1	1							
AC1KRY_002725	AOBS17_30	1	1	1	0	0	1	0	1	1							
AC1KRY_002726	AOBS17_30	1	1	1	1	1	1	1	1	1							
AC1KRY_002727	AOBS17_30	1	0	1	1	1	1	0	1	1							
AC1KRY_002728	AOBS17_30	1	1	1	1	1	1	1	1	1							
AC1KRY_002730	AOBS17_30	1	1	1	1	1	1	1	1	1							
AC1KRY_002732	AOBS17_30	1	1	0	0	0	1	0	0	0							
AC1KRY_002742	AOBS17_30	1	1	1	1	1	1	1	1	1							
AC1KRY_002743	AOBS17_30	1	1	1	1	1	1	0	0	1							
AC1KRY_002744	AOBS17_30	1	1	1	1	1	1	0	0	0							
AC1KRY_002746	AOBS17_30	1	0	1	1	1	1	1	1	1							
AC1KRY_002750	AOBS17_30	1	1	1	1	1	1	1	0	1							
AC1KRY_002756	AOBS17_30	1	1	1	1	1	1	0	0	1							
AC1KRY_002757	AOBS17_30	1	1	1	1	1	1	1	1	1							
AC1KRY_002760	AOBS17_30	1	1	1	1	0	1	1	1	1							
AC1KRY_002768	AOBS17_30	1	1	0	0	1	1	0	0	1							
AC1KRY_002770	AOBS17_30	1	0	0	0	0	1	0	0	0							
AC1KRY_002772	AOBS17_30	1	0	1	1	1	1	1	1	1							
AC1KRY_002773	AOBS17_30	1	1	1	1	1	1	0	1	1							
AC1KRY_002779	AOBS17_30	1	1	1	1	1	1	1	1	1							
AC1KRY_002782	AOBS17_30	1	1	1	1	1	1	0	1	1							
AC1KRY_002783	AOBS17_30	1	1	1	1	1	1	0	0	1							
AC1KRY_002785	AOBS17_30	1	1	1	1	1	1	1	1	1							
AC1KRY_002786	AOBS17_30	1	1	1	1	1	1	1	1	1							
AC1KRY_002790	AOBS17_30	1	1	1	1	1	1	1	1	1							
AC1KRY_002792	AOBS17_30	1	1	1	1	0	1	0	0	0							
AC1KRY_002794	AOBS17_30	1	1	1	1	1	1	1	1	1							
AC1KRY_002795	AOBS17_30	1	1	1	1	1	1	0	1	1							
AC1KRY_002797	AOBS17_30	1	1	1	1	1	1	1	1	1							
AC1KRY_002798	AOBS17_30	1	1	1	1	1	1	1	1	1							
AC1KRY_002800	AOBS17_30	1	1	1	1	1	1	1	1	1							
AC1KRY_002801	AOBS17_30	1	1	1	1	1	1	0	1	1							
AC1KRY_002802	AOBS17_30	1	1	0	0	0	1	0	0	0							
AC1KRY_002804	AOBS17_30	1	1	0	0	0	1	1	0	0							
AC1KRY_002806	AOBS17_30	1	1	1	1	1	1	1	1	1							
AC1KRY_002807	AOBS17_30	1	1	1	1	1	1	1	1	1							
AC1KRY_002808	AOBS17_30	1	1	1	1	1	1	1	1	1							
AC1KRY_002811	AOBS17_30	1	1	1	1	1	1	1	1	1							
AC1KRY_002813	AOBS17_30	1	1	1	1	1	1	1	1	1							
AC1KRY_002815	AOBS17_30	1	1	1	1	1	1	0	1	1							
AC1KRY_002816	AOBS17_30	1	1	1	0	1	1	1	1	1							
AC1KRY_002817	AOBS17_30	1	1	1	1	1	1	1	1	1							
AC1KRY_002819	AOBS17_30	1	0	1	1	1	1	1	1	1							
AC1KRY_002820	AOBS17_30	1	1	1	1	1	1	1	1	1							
AC1KRY_002821	AOBS17_30	1	0	1	0	1	1	1	0	1							
AC1KRY_002830	AOBS17_30	1	1	1	1	1	1	0	1	1							
AC1KRY_002835	AOBS17_30	1	0	1	1	0	1	0	0	0							
AC1KRY_002839	AOBS17_30	1	0	0	0	0	1	0	0	0							
AC1KRY_002843	AOBS17_30	1	1	1	1	1	1	0	0	0							
AC1KRY_002849	AOBS17_30	1	1	1	1	1	1	1	1	1							
AC1KRY_002850	AOBS17_30	1	1	1	1	1	1	1	1	1							
AC1KRY_002851	AOBS17_30	1	1	1	1	1	1	1	1	1							
AC1KRY_002853	AOBS17_30	1	1	1	1	0	1	1	0	0							
AC1KRY_002854	AOBS17_30	1	1	1	1	1	1	1	1	1							
AC1KRY_002855	AOBS17_30	1	1	1	1	1	1	1	1	1							
AC1KRY_002856	AOBS17_30	1	1	1	1	1	1	0	1	1							
AC1KRY_002857	AOBS17_30	1	1	1	1	1	1	0	0	1							
AC1KRY_002859	AOBS17_30	1	1	1	1	1	1	1	1	1							
AC1KRY_002860	AOBS17_30	1	1	0	1	0	1	1	1	1							
AC1KRY_002865	AOBS17_30	1	1	1	1	1	1	1	1	1							
AC1KRY_002866	AOBS17_30	1	1	1	1	1	1	1	1	1							
AC1KRY_002868	AOBS17_30	1	0	0	0	0	1	0	0	0							
AC1KRY_002876	AOBS17_30	1	1	1	1	1	1	1	0	1							
AC1KRY_002877	AOBS17_30	1	1	1	1	1	1	0	0	1							
AC1KRY_002881	AOBS17_30	1	1	1	1	1	1	1	0	1							
AC1KRY_002882	AOBS17_30	1	1	1	1	1	1	1	1	1							
AC1KRY_002884	AOBS17_30	1	1	1	1	1	1	1	1	1							
AC1KRY_002885	AOBS17_30	1	1	1	1	1	1	1	1	1							
AC1KRY_002890	AOBS17_30	1	1	1	1	1	1	1	1	1							
AC1KRY_000431	AOBS17_30	1	1	1	1	1	1	1	1	1							
AC1KRY_000432	AOBS17_30	1	1	0	1	1	1	1	1	1							
AC1KRY_000434	AOBS17_30	1	0	0	0	0	1	0	0	0							
AC1KRY_000435	AOBS17_30	1	1	1	1	1	1	0	0	1							
AC1KRY_000438	AOBS17_30	1	0	0	0	0	1	0	0	0							
AC1KRY_000439	AOBS17_30	1	1	0	0	0	1	0	0	0							
AC1KRY_000442	AOBS17_30	1	1	1	1	1	1	1	1	1							
AC1KRY_000445	AOBS17_30	1	1	0	0	0	1	0	0	0							
AC1KRY_000446	AOBS17_30	1	0	1	1	1	1	0	1	1							
AC1KRY_000447	AOBS17_30	1	0	1	0	1	1	0	0	1							
AC1KRY_000449	AOBS17_30	1	1	1	1	1	1	1	1	1							
AC1KRY_000450	AOBS17_30	1	0	1	0	0	1	0	0	0							
AC1KRY_000451	AOBS17_30	1	0	1	1	1	1	1	1	1							
AC1KRY_000453	AOBS17_30	1	1	1	1	1	1	1	1	1							
AC1KRY_000455	AOBS17_30	1	1	1	1	1	1	1	1	1							
AC1KRY_000456	AOBS17_30	1	1	1	1	1	1	1	1	1							
AC1KRY_000457	AOBS17_30	1	1	1	1	1	1	1	1	1							
AC1KRY_000458	AOBS17_30	1	1	1	1	1	1	1	1	1							
AC1KRY_000460	AOBS17_30	1	1	1	1	1	1	1	1	1							
AC1KRY_000462	AOBS17_30	1	1	1	1	1	1	1	1	1							
AC1KRY_000464	AOBS17_30	1	0	1	1	1	1	1	1	1							
AC1KRY_000468	AOBS17_30	1	1	1	1	1	1	1	1	1							
AC1KRY_000469	AOBS17_30	1	1	1	1	1	1	1	1	1							
AC1KRY_000471	AOBS17_30	1	1	1	1	1	1	1	1	1							
AC1KRY_000472	AOBS17_30	1	1	1	1	1	1	0	0	1							
AC1KRY_000474	AOBS17_30	1	1	0	0	1	1	0	1	0							
AC1KRY_000475	AOBS17_30	1	1	1	1	1	1	0	1	1							
AC1KRY_000476	AOBS17_30	1	1	1	1	1	1	1	1	1							
AC1KRY_000477	AOBS17_30	1	1	1	0	1	1	1	1	1							
AC1KRY_000479	AOBS17_30	1	0	0	1	0	1	1	1	1							
AC1KRY_000483	AOBS17_30	1	1	1	1	1	1	0	0	1							
AC1KRY_000486	AOBS17_30	1	1	0	0	0	1	0	0	0							
AC1KRY_000488	AOBS17_30	1	1	1	1	1	1	1	1	1							
AC1KRY_000491	AOBS17_30	1	1	0	0	1	1	0	0	0							
AC1KRY_000493	AOBS17_30	1	1	1	1	1	1	1	1	1							
AC1KRY_000494	AOBS17_30	1	1	0	0	0	1	0	0	0							
AC1KRY_000495	AOBS17_30	1	1	1	1	1	1	1	1	1							
AC1KRY_000496	AOBS17_30	1	1	1	1	1	1	1	1	1							
AC1KRY_000498	AOBS17_30	1	1	1	1	1	1	1	1	1							
AC1KRY_000499	AOBS17_30	1	0	1	1	1	1	0	0	1							
AC1KRY_000500	AOBS17_30	1	1	0	0	1	1	0	1	0							
AC1KRY_000505	AOBS17_30	1	1	1	1	1	1	1	1	1							
AC1KRY_000506	AOBS17_30	1	1	1	1	1	1	1	1	1							
AC1KRY_000507	AOBS17_30	1	1	1	1	1	1	1	0	1							
AC1KRY_000508	AOBS17_30	1	1	1	1	1	1	0	1	0							
AC1KRY_000510	AOBS17_30	1	0	0	0	0	1	0	0	0							
AC1KRY_000511	AOBS17_30	1	1	1	1	1	1	1	1	1							
AC1KRY_000518	AOBS17_30	1	1	1	1	1	1	1	1	1							
AC1KRY_000520	AOBS17_30	1	1	1	1	1	1	0	0	1							
AC1KRY_000522	AOBS17_30	1	1	0	0	0	1	0	1	1							
AC1KRY_000523	AOBS17_30	1	1	0	0	0	1	0	1	0							
AC1KRY_000524	AOBS17_30	1	1	1	1	1	1	1	1	1							
AC1KRY_000525	AOBS17_30	1	1	1	1	1	1	1	1	1							
AC1KRY_000526	AOBS17_30	1	1	1	1	1	1	1	1	1							
AC1KRY_000527	AOBS17_30	1	1	1	1	1	1	1	1	1							
AC1KRY_000528	AOBS17_30	1	1	1	1	1	1	0	1	1							
AC1KRY_000532	AOBS17_30	1	1	1	1	1	1	1	1	1							
AC1KRY_000534	AOBS17_30	1	1	0	0	0	1	0	0	0							
AC1KRY_000536	AOBS17_30	1	1	1	1	1	1	1	1	1							
AC1KRY_000540	AOBS17_30	1	1	1	1	1	1	1	1	1							
AC1KRY_000541	AOBS17_30	1	1	1	1	1	1	1	1	1							
AC1KRY_000542	AOBS17_30	1	1	1	1	1	1	1	1	1							
AC1KRY_000546	AOBS17_30	1	1	0	0	0	1	0	0	0							
AC1KRY_000548	AOBS17_30	1	1	1	1	1	1	1	1	1							
AC1KRY_000549	AOBS17_30	1	1	1	1	1	1	1	1	1							
AC1KRY_000560	AOBS17_30	1	1	1	1	1	1	0	0	1							
AC1KRY_000561	AOBS17_30	1	1	1	1	1	1	1	1	1							
AC1KRY_000563	AOBS17_30	1	1	0	0	0	1	0	0	0							
AC1KRY_000567	AOBS17_30	1	1	1	1	1	1	1	1	1							
AC1KRY_000568	AOBS17_30	1	1	1	1	1	1	1	1	1							
AC1KRY_000569	AOBS17_30	1	1	1	1	1	1	1	1	1							
AC1KRY_000570	AOBS17_30	1	1	1	0	1	1	0	0	1							
AC1KRY_000573	AOBS17_30	1	1	1	1	1	1	1	1	1							
AC1KRY_000574	AOBS17_30	1	1	1	1	1	1	0	0	1							
AC1KRY_000576	AOBS17_30	1	1	1	1	1	1	1	0	1							
AC1KRY_000579	AOBS17_30	1	1	1	1	1	1	0	1	1							
AC1KRY_000580	AOBS17_30	1	1	1	1	1	1	1	1	1							
AC1KRY_000581	AOBS17_30	1	1	1	1	1	1	1	1	1							
AC1KRY_000582	AOBS17_30	1	1	0	1	1	1	1	1	1							
AC1KRY_000583	AOBS17_30	1	0	1	1	0	1	0	0	0							
AC1KRY_000584	AOBS17_30	1	1	1	1	1	1	1	1	1							
AC1KRY_000585	AOBS17_30	1	1	1	1	1	1	1	1	1							
AC1KRY_000586	AOBS17_30	1	0	1	1	1	1	1	1	1							
AC1KRY_000587	AOBS17_30	1	1	1	1	1	1	0	1	1							
AC1KRY_000588	AOBS17_30	1	1	1	1	1	1	1	1	1							
AC1KRY_000590	AOBS17_30	1	1	1	1	1	1	1	1	1							
AC1KRY_000592	AOBS17_30	1	1	1	1	1	1	0	1	1							
AC1KRY_000593	AOBS17_30	1	1	1	1	1	1	0	0	1							
AC1KRY_000596	AOBS17_30	1	1	1	1	1	1	0	0	1							
AC1KRY_002900	AOBS17_30	1	1	1	1	1	1	1	1	1							
AC1KRY_002904	AOBS17_30	1	1	1	1	0	1	1	1	1							
AC1KRY_002907	AOBS17_30	1	1	1	1	1	1	1	1	1							
AC1KRY_002910	AOBS17_30	1	1	1	1	1	1	1	1	1							
AC1KRY_002911	AOBS17_30	1	1	1	0	0	1	1	0	0							
AC1KRY_002914	AOBS17_30	1	1	1	1	1	1	1	1	1							
AC1KRY_002916	AOBS17_30	1	1	1	1	1	1	0	0	1							
AC1KRY_002917	AOBS17_30	1	0	1	1	1	1	1	1	1							
AC1KRY_002920	AOBS17_30	1	1	0	0	1	1	1	1	0							
AC1KRY_002925	AOBS17_30	1	1	1	1	1	1	1	1	1							
AC1KRY_002926	AOBS17_30	1	1	1	1	1	1	0	0	1							
AC1KRY_002932	AOBS17_30	1	1	1	1	1	1	1	1	1							
AC1KRY_002933	AOBS17_30	1	1	1	1	1	1	1	1	1							
AC1KRY_002937	AOBS17_30	1	1	1	1	1	1	1	1	1							
AC1KRY_002938	AOBS17_30	1	1	0	0	0	1	0	0	0							
AC1KRY_002940	AOBS17_30	1	1	1	1	1	1	1	1	1							
AC1KRY_002954	AOBS17_30	1	0	0	0	0	1	0	1	1							
AC1KRY_002957	AOBS17_30	1	1	0	0	0	1	0	1	0							
AC1KRY_002958	AOBS17_30	1	1	1	1	1	1	1	1	1							
AC1KRY_002959	AOBS17_30	1	1	1	1	1	1	1	1	1							
AC1KRY_002960	AOBS17_30	1	1	1	1	1	1	0	1	1							
AC1KRY_002962	AOBS17_30	1	0	1	1	1	1	1	1	1							
AC1KRY_002965	AOBS17_30	1	1	1	1	1	1	1	1	1							
AC1KRY_002966	AOBS17_30	1	1	1	0	0	1	0	1	0							
AC1KRY_002967	AOBS17_30	1	1	1	1	1	1	1	1	1							
AC1KRY_002969	AOBS17_30	1	1	1	0	1	1	0	0	1							
AC1KRY_002973	AOBS17_30	1	1	1	1	1	1	1	1	1							
AC1KRY_002974	AOBS17_30	1	1	1	1	1	1	0	0	1							
AC1KRY_002976	AOBS17_30	1	1	0	0	0	1	1	0	0							
AC1KRY_002978	AOBS17_30	1	1	0	0	0	1	0	0	0							
AC1KRY_002980	AOBS17_30	1	1	1	1	1	1	1	1	1							
AC1KRY_002984	AOBS17_30	1	1	1	1	1	1	1	1	1							
AC1KRY_002985	AOBS17_30	1	1	1	1	1	1	0	1	1							
AC1KRY_002986	AOBS17_30	1	1	1	1	1	1	1	1	1							
AC1KRY_002996	AOBS17_30	1	1	0	0	0	1	0	0	0							
AC1KRY_003000	AOBS17_30	1	1	1	1	1	1	1	1	1							
AC1KRY_003007	AOBS17_30	1	1	0	0	0	1	0	0	0							
AC1KRY_003008	AOBS17_30	1	1	1	1	1	1	0	0	1							
AC1KRY_003009	AOBS17_30	1	1	1	1	1	1	1	1	1							
AC1KRY_003011	AOBS17_30	1	1	1	1	1	1	1	1	1							
AC1KRY_003016	AOBS17_30	1	1	1	1	1	1	1	1	1							
AC1KRY_003024	AOBS17_30	1	1	1	1	1	1	1	1	1							
AC1KRY_003026	AOBS17_30	1	1	1	1	1	1	0	0	1							
AC1KRY_003027	AOBS17_30	1	1	1	1	1	1	0	0	1							
AC1KRY_003028	AOBS17_30	1	1	1	1	1	1	1	1	1							
AC1KRY_003029	AOBS17_30	1	1	1	1	1	1	1	1	1							
AC1KRY_003030	AOBS17_30	1	1	1	1	1	1	1	1	1							
AC1KRY_003031	AOBS17_30	1	1	1	1	1	1	1	1	1							
AC1KRY_003033	AOBS17_30	1	1	1	1	1	1	1	1	1							
AC1KRY_003034	AOBS17_30	1	1	1	1	1	1	1	1	1							
AC1KRY_003035	AOBS17_30	1	1	1	1	1	1	1	1	1							
AC1KRY_003036	AOBS17_30	1	1	1	1	1	1	1	1	1							
AC1KRY_003039	AOBS17_30	1	1	1	1	0	1	1	0	1							
AC1KRY_003040	AOBS17_30	1	1	0	1	1	1	1	1	1							
AC1KRY_003042	AOBS17_30	1	1	1	1	1	1	1	1	1							
AC1KRY_003043	AOBS17_30	1	1	1	1	1	1	1	1	1							
AC1KRY_003044	AOBS17_30	1	1	1	1	1	1	1	1	1							
AC1KRY_003045	AOBS17_30	1	1	1	1	1	1	1	1	1							
AC1KRY_003051	AOBS17_30	1	1	1	1	1	1	1	1	1							
AC1KRY_003052	AOBS17_30	1	1	1	1	1	1	1	1	1							
AC1KRY_003057	AOBS17_30	1	1	1	1	1	1	0	1	1							
AC1KRY_003058	AOBS17_30	1	1	1	1	1	1	0	1	1							
AC1KRY_003065	AOBS17_30	1	1	1	1	1	1	0	0	1							
AC1KRY_003066	AOBS17_30	1	1	1	0	1	1	1	0	1							
AC1KRY_003067	AOBS17_30	1	1	1	1	1	1	0	0	1							
AC1KRY_003070	AOBS17_30	1	1	1	1	1	1	1	1	1							
AC1KRY_003071	AOBS17_30	1	1	1	1	1	1	1	1	1							
AC1KRY_003077	AOBS17_30	1	1	1	1	1	1	0	1	1							
AC1KRY_003079	AOBS17_30	1	0	0	0	0	1	1	1	0							
AC1KRY_003081	AOBS17_30	1	1	1	1	1	1	1	1	1							
AC1KRY_003082	AOBS17_30	1	1	1	1	1	1	1	1	1							
AC1KRY_003083	AOBS17_30	1	1	1	1	1	1	1	1	1							
AC1KRY_003085	AOBS17_30	1	1	1	1	1	1	1	1	1							
AC1KRY_003086	AOBS17_30	1	1	1	1	1	1	1	1	1							
AC1KRY_003087	AOBS17_30	1	1	1	1	1	1	1	1	1							
AC1KRY_003093	AOBS17_30	1	0	1	1	1	1	1	1	1							
AC1KRY_003097	AOBS17_30	1	1	1	1	1	1	1	1	1							
AC1KRY_003098	AOBS17_30	1	1	1	1	1	1	0	1	1							
AC1KRY_003100	AOBS17_30	1	1	1	1	1	1	1	1	1							
AC1KRY_003101	AOBS17_30	1	0	1	1	1	1	1	1	1							
AC1KRY_003102	AOBS17_30	1	1	1	1	1	1	0	1	1							
AC1KRY_003108	AOBS17_30	1	1	1	1	1	1	1	1	1							
AC1KRY_003110	AOBS17_30	1	1	1	1	1	1	1	1	1							
AC1KRY_003116	AOBS17_30	1	1	1	1	1	1	1	1	1							
AC1KRY_003118	AOBS17_30	1	1	0	0	0	1	0	0	0							
AC1KRY_003120	AOBS17_30	1	1	1	1	1	1	1	1	1							
AC1KRY_003121	AOBS17_30	1	1	0	0	1	1	0	1	1							
AC1KRY_003127	AOBS17_30	1	1	1	1	1	1	1	1	1							
AC1KRY_003129	AOBS17_30	1	1	1	1	1	1	1	1	1							
AC1KRY_003134	AOBS17_30	1	1	1	1	1	1	1	1	1							
AC1KRY_003139	AOBS17_30	1	1	1	1	1	1	0	0	1							
AC1KRY_003140	AOBS17_30	1	1	1	1	1	1	1	1	1							
AC1KRY_003143	AOBS17_30	1	1	1	1	1	1	1	1	1							
AC1KRY_003144	AOBS17_30	1	1	1	1	1	1	1	1	1							
AC1KRY_003146	AOBS17_30	1	1	1	1	0	1	1	0	0							
AC1KRY_003159	AOBS17_30	1	1	1	1	1	1	0	1	1							
AC1KRY_003161	AOBS17_30	1	0	1	1	1	1	1	0	1							
AC1KRY_003163	AOBS17_30	1	0	1	1	1	1	1	1	1							
AC1KRY_003165	AOBS17_30	1	1	0	0	0	1	0	0	0							
AC1KRY_003167	AOBS17_30	1	1	0	0	0	1	0	1	0							
AC1KRY_003169	AOBS17_30	1	0	1	1	1	1	1	1	1							
AC1KRY_003171	AOBS17_30	1	0	1	1	1	1	1	1	1							
AC1KRY_003172	AOBS17_30	1	1	1	1	1	1	0	1	1							
AC1KRY_003174	AOBS17_30	1	1	0	1	1	1	1	1	0							
AC1KRY_003183	AOBS17_30	1	1	1	1	1	1	1	1	1							
AC1KRY_003184	AOBS17_30	1	1	1	1	1	1	1	1	1							
AC1KRY_003185	AOBS17_30	1	1	1	1	1	1	1	1	1							
AC1KRY_003192	AOBS17_30	1	1	0	0	0	1	0	0	0							
AC1KRY_003193	AOBS17_30	1	1	0	0	0	1	1	1	1							
AC1KRY_003195	AOBS17_30	1	1	1	1	1	1	1	1	1							
AC1KRY_003199	AOBS17_30	1	1	1	1	1	1	1	1	1							
AC1KRY_003200	AOBS17_30	1	1	0	0	1	1	1	1	1							
AC1KRY_003201	AOBS17_30	1	1	0	1	1	1	1	1	1							
AC1KRY_003203	AOBS17_30	1	1	1	1	1	1	1	1	1							
AC1KRY_003204	AOBS17_30	1	1	0	0	0	1	0	1	0							
AC1KRY_003207	AOBS17_30	1	1	1	1	1	1	1	1	1							
AC1KRY_003210	AOBS17_30	1	1	1	1	1	1	0	0	1							
AC1KRY_003212	AOBS17_30	1	1	1	1	1	1	1	1	1							
AC1KRY_003213	AOBS17_30	1	1	1	1	1	1	1	1	1							
AC1KRY_003215	AOBS17_30	1	1	1	1	1	1	1	1	1							
AC1KRY_003218	AOBS17_30	1	1	1	1	1	1	1	1	1							
AC1KRY_003221	AOBS17_30	1	1	1	1	1	1	1	1	1							
AC1KRY_003222	AOBS17_30	1	1	1	1	0	1	1	1	1							
AC1KRY_003223	AOBS17_30	1	1	1	1	1	1	1	1	1							
AC1KRY_003225	AOBS17_30	1	1	1	1	1	1	0	1	1							
AC1KRY_003226	AOBS17_30	1	1	0	0	0	1	0	1	1							
AC1KRY_003234	AOBS17_30	1	1	1	1	1	1	1	1	1							
AC1KRY_003236	AOBS17_30	1	0	1	1	1	1	1	1	1							
AC1KRY_003237	AOBS17_30	1	1	1	1	1	1	0	1	1							
AC1KRY_003238	AOBS17_30	1	1	1	1	1	1	1	1	1							
AC1KRY_003239	AOBS17_30	1	1	1	1	1	1	1	1	1							
AC1KRY_003240	AOBS17_30	1	1	1	1	1	1	1	1	1							
AC1KRY_003241	AOBS17_30	1	1	1	1	1	1	1	1	1							
AC1KRY_003242	AOBS17_30	1	1	1	1	1	1	1	1	1							
AC1KRY_003243	AOBS17_30	1	0	1	1	1	1	0	1	1							
AC1KRY_003244	AOBS17_30	1	1	1	1	1	1	1	1	0							
AC1KRY_003245	AOBS17_30	1	0	1	1	1	1	1	1	1							
AC1KRY_003248	AOBS17_30	1	1	1	1	1	1	1	1	1							
AC1KRY_003249	AOBS17_30	1	1	1	1	1	1	1	1	1							
AC1KRY_003250	AOBS17_30	1	1	1	1	1	1	1	1	1							
AC1KRY_003254	AOBS17_30	1	1	1	1	1	1	0	1	1							
AC1KRY_003256	AOBS17_30	1	1	1	1	1	1	1	1	0							
AC1KRY_003258	AOBS17_30	1	1	1	1	1	1	1	1	1							
AC1KRY_003262	AOBS17_30	1	1	1	1	1	1	1	1	1							
AC1KRY_003263	AOBS17_30	1	1	1	1	1	1	0	0	1							
AC1KRY_003264	AOBS17_30	1	1	1	1	1	1	1	1	1							
AC1KRY_003265	AOBS17_30	1	1	0	1	0	1	0	0	0							
AC1KRY_003266	AOBS17_30	1	1	1	1	1	1	0	1	1							
AC1KRY_003267	AOBS17_30	1	1	1	1	1	1	0	1	1							
AC1KRY_003268	AOBS17_30	1	1	1	1	1	1	1	1	1							
AC1KRY_003270	AOBS17_30	1	0	0	1	0	1	1	0	0							
AC1KRY_003271	AOBS17_30	1	1	1	1	1	1	0	0	1							
AC1KRY_003272	AOBS17_30	1	1	0	1	1	1	0	0	1							
AC1KRY_003274	AOBS17_30	1	1	1	1	1	1	0	1	1							
AC1KRY_003275	AOBS17_30	1	0	1	0	1	1	1	1	1							
AC1KRY_003278	AOBS17_30	1	1	1	1	1	1	1	1	1							
AC1KRY_003282	AOBS17_30	1	1	1	1	1	1	1	1	1							
AC1KRY_003283	AOBS17_30	1	1	1	1	1	1	1	1	1							
AC1KRY_003284	AOBS17_30	1	1	1	1	1	1	0	0	1							
AC1KRY_003285	AOBS17_30	1	0	0	1	1	1	0	1	1							
AC1KRY_003286	AOBS17_30	1	1	1	1	1	1	1	1	1							
AC1KRY_003287	AOBS17_30	1	1	1	1	1	1	1	1	1							
AC1KRY_003288	AOBS17_30	1	1	1	1	1	1	1	1	1							
AC1KRY_003289	AOBS17_30	1	1	1	1	1	1	1	1	1							
AC1KRY_003293	AOBS17_30	1	1	1	1	1	1	1	1	1							
AC1KRY_003294	AOBS17_30	1	1	0	0	0	1	0	0	0							
AC1KRY_003295	AOBS17_30	1	1	1	1	0	1	1	1	1							
AC1KRY_003297	AOBS17_30	1	1	0	0	0	1	1	0	0							
AC1KRY_003298	AOBS17_30	1	1	1	1	1	1	1	1	1							
AC1KRY_003299	AOBS17_30	1	1	1	1	1	1	1	1	1							
AC1KRY_003302	AOBS17_30	1	1	1	1	0	1	0	0	1							
AC1KRY_003303	AOBS17_30	1	1	1	1	1	1	1	1	1							
AC1KRY_003330	AOBS17_30	1	0	1	1	1	1	0	1	1							
AC1KRY_003339	AOBS17_30	1	1	1	1	1	1	1	1	1							
AC1KRY_003340	AOBS17_30	1	1	1	1	1	1	1	1	1							
AC1KRY_003343	AOBS17_30	1	1	1	1	1	1	0	1	1							
AC1KRY_003344	AOBS17_30	1	1	1	0	1	1	0	0	1							
AC1KRY_003350	AOBS17_30	1	1	0	0	0	1	0	0	0							
AC1KRY_003351	AOBS17_30	1	1	1	1	1	1	1	1	1							
AC1KRY_003352	AOBS17_30	1	0	0	0	0	1	1	0	0							
AC1KRY_003353	AOBS17_30	1	1	1	1	1	1	1	1	1							
AC1KRY_003359	AOBS17_30	1	1	0	0	0	1	1	1	0							
AC1KRY_003363	AOBS17_30	1	1	1	1	1	1	1	1	1							
AC1KRY_003365	AOBS17_30	1	1	1	1	1	1	0	1	1							
AC1KRY_003367	AOBS17_30	1	1	1	1	1	1	1	1	1							
AC1KRY_003369	AOBS17_30	1	1	1	1	1	1	0	0	1							
AC1KRY_003370	AOBS17_30	1	1	0	0	0	1	0	0	0							
AC1KRY_003372	AOBS17_30	1	1	1	0	0	1	1	1	0							
AC1KRY_003378	AOBS17_30	1	1	1	1	1	1	1	1	1							
AC1KRY_003382	AOBS17_30	1	1	1	1	1	1	0	0	1							
AC1KRY_003384	AOBS17_30	1	1	1	1	1	1	0	1	1							
AC1KRY_003386	AOBS17_30	1	1	1	1	1	1	1	1	1							
AC1KRY_003387	AOBS17_30	1	1	1	1	1	1	1	1	1							
AC1KRY_003389	AOBS17_30	1	0	0	0	0	1	1	1	0							
AC1KRY_003393	AOBS17_30	1	0	0	0	0	1	0	1	0							
AC1KRY_003399	AOBS17_30	1	1	1	1	1	1	0	0	1							
AC1KRY_000599	AOBS17_30	1	1	1	1	1	1	1	1	1							
AC1KRY_000604	AOBS17_30	1	1	1	1	1	1	1	1	1							
AC1KRY_000605	AOBS17_30	1	1	1	1	1	1	1	1	0							
AC1KRY_000606	AOBS17_30	1	1	1	1	1	1	1	1	1							
AC1KRY_000607	AOBS17_30	1	1	1	1	1	1	1	1	1							
AC1KRY_000611	AOBS17_30	1	1	1	1	1	1	1	1	1							
AC1KRY_000613	AOBS17_30	1	1	1	1	1	1	1	1	1							
AC1KRY_000614	AOBS17_30	1	0	1	1	1	1	1	1	1							
AC1KRY_000615	AOBS17_30	1	1	1	1	1	1	1	1	1							
AC1KRY_000616	AOBS17_30	1	1	1	1	1	1	1	1	1							
AC1KRY_000617	AOBS17_30	1	1	1	1	1	1	1	0	1							
AC1KRY_000621	AOBS17_30	1	1	1	1	1	1	0	1	1							
AC1KRY_000624	AOBS17_30	1	0	0	0	0	1	0	0	0							
AC1KRY_000626	AOBS17_30	1	1	1	1	1	1	1	1	1							
AC1KRY_000627	AOBS17_30	1	1	0	0	0	1	0	0	0							
AC1KRY_000628	AOBS17_30	1	1	1	1	1	1	1	1	1							
AC1KRY_000629	AOBS17_30	1	1	1	1	1	1	1	1	0							
AC1KRY_000630	AOBS17_30	1	0	1	1	1	1	1	1	0							
AC1KRY_000635	AOBS17_30	1	1	1	1	1	1	0	1	1							
AC1KRY_000637	AOBS17_30	1	1	0	0	0	1	1	0	0							
AC1KRY_000638	AOBS17_30	1	1	1	1	1	1	0	0	1							
AC1KRY_000639	AOBS17_30	1	1	1	1	1	1	1	1	1							
AC1KRY_000641	AOBS17_30	1	1	1	1	1	1	0	1	1							
AC1KRY_000642	AOBS17_30	1	0	0	1	1	1	1	0	0							
AC1KRY_000643	AOBS17_30	1	1	1	1	1	1	1	1	1							
AC1KRY_000647	AOBS17_30	1	1	0	0	1	1	0	1	1							
AC1KRY_000648	AOBS17_30	1	1	1	1	1	1	1	0	1							
AC1KRY_000649	AOBS17_30	1	1	1	1	1	1	0	0	1							
AC1KRY_000650	AOBS17_30	1	1	1	1	1	1	0	1	1							
AC1KRY_000653	AOBS17_30	1	1	1	1	1	1	1	1	1							
AC1KRY_000654	AOBS17_30	1	1	1	1	1	1	1	1	1							
AC1KRY_000655	AOBS17_30	1	1	1	1	1	1	1	1	1							
AC1KRY_000657	AOBS17_30	1	1	1	1	1	1	1	1	1							
AC1KRY_000658	AOBS17_30	1	1	1	1	1	1	0	0	1							
AC1KRY_000662	AOBS17_30	1	1	1	1	1	1	0	1	1							
AC1KRY_000665	AOBS17_30	1	1	1	1	1	1	1	1	1							
AC1KRY_000666	AOBS17_30	1	0	0	0	0	1	0	0	0							
AC1KRY_000670	AOBS17_30	1	1	0	1	1	1	0	0	1							
AC1KRY_000671	AOBS17_30	1	1	1	1	1	1	0	0	1							
AC1KRY_000672	AOBS17_30	1	1	1	1	1	1	1	1	1							
AC1KRY_000675	AOBS17_30	1	1	1	1	1	1	1	1	1							
AC1KRY_000676	AOBS17_30	1	0	0	0	1	1	0	0	0							
AC1KRY_000677	AOBS17_30	1	1	1	1	0	1	1	0	1							
AC1KRY_000680	AOBS17_30	1	1	1	1	1	1	1	1	1							
AC1KRY_000682	AOBS17_30	1	1	1	1	1	1	1	1	1							
AC1KRY_000687	AOBS17_30	1	1	1	1	1	1	1	1	1							
AC1KRY_000688	AOBS17_30	1	1	1	1	1	1	1	0	1							
AC1KRY_000690	AOBS17_30	1	1	1	1	1	1	1	1	1							
AC1KRY_000692	AOBS17_30	1	0	0	0	0	1	1	1	0							
AC1KRY_000693	AOBS17_30	1	1	1	1	1	1	0	1	1							
AC1KRY_000694	AOBS17_30	1	1	1	1	1	1	1	1	1							
AC1KRY_000695	AOBS17_30	1	1	1	0	0	1	0	1	1							
AC1KRY_000697	AOBS17_30	1	1	1	1	1	1	1	1	1							
AC1KRY_000698	AOBS17_30	1	1	1	1	1	1	1	1	1							
AC1KRY_000700	AOBS17_30	1	1	1	1	1	1	1	1	1							
AC1KRY_000703	AOBS17_30	1	1	1	1	1	1	1	1	1							
AC1KRY_000706	AOBS17_30	1	1	1	1	1	1	1	1	1							
AC1KRY_000707	AOBS17_30	1	0	1	1	1	1	0	0	0							
AC1KRY_000710	AOBS17_30	1	1	1	1	1	1	1	1	1							
AC1KRY_000711	AOBS17_30	1	1	1	1	1	1	1	1	1							
AC1KRY_000712	AOBS17_30	1	1	1	1	0	1	0	1	1							
AC1KRY_000713	AOBS17_30	1	1	1	1	1	1	1	1	1							
AC1KRY_000714	AOBS17_30	1	1	1	1	1	1	1	1	1							
AC1KRY_000716	AOBS17_30	1	1	1	1	1	1	1	1	1							
AC1KRY_000720	AOBS17_30	1	1	1	0	0	1	0	0	1							
AC1KRY_000723	AOBS17_30	1	1	1	1	1	1	1	1	1							
AC1KRY_000724	AOBS17_30	1	1	1	1	1	1	1	1	1							
AC1KRY_000725	AOBS17_30	1	1	1	1	1	1	1	1	1							
AC1KRY_000731	AOBS17_30	1	1	1	1	1	1	1	1	1							
AC1KRY_000732	AOBS17_30	1	1	1	1	1	1	0	1	1							
AC1KRY_000733	AOBS17_30	1	1	1	1	1	1	1	1	1							
AC1KRY_000734	AOBS17_30	1	1	1	1	1	1	1	1	1							
AC1KRY_000735	AOBS17_30	1	1	1	1	1	1	1	0	1							
AC1KRY_000739	AOBS17_30	1	1	0	0	0	1	0	0	0							
AC1KRY_000744	AOBS17_30	1	0	1	0	0	1	0	1	0							
AC1KRY_003408	AOBS17_30	1	1	1	1	1	1	0	1	1							
AC1KRY_003409	AOBS17_30	1	1	1	1	1	1	1	1	1							
AC1KRY_003412	AOBS17_30	1	1	1	1	1	1	1	1	1							
AC1KRY_003415	AOBS17_30	1	1	1	1	1	1	1	1	1							
AC1KRY_003419	AOBS17_30	1	1	1	1	1	1	1	1	1							
AC1KRY_003422	AOBS17_30	1	1	1	1	1	1	1	1	1							
AC1KRY_003423	AOBS17_30	1	1	1	1	1	1	0	0	1							
AC1KRY_003425	AOBS17_30	1	1	1	1	1	1	1	1	1							
AC1KRY_003426	AOBS17_30	1	0	1	0	1	1	1	0	0							
AC1KRY_003427	AOBS17_30	1	1	1	1	1	1	1	1	1							
AC1KRY_003428	AOBS17_30	1	1	1	1	1	1	1	1	1							
AC1KRY_003433	AOBS17_30	1	0	0	0	0	1	0	0	0							
AC1KRY_003437	AOBS17_30	1	1	1	1	1	1	1	1	1							
AC1KRY_003439	AOBS17_30	1	1	1	1	1	1	1	1	1							
AC1KRY_003441	AOBS17_30	1	1	1	1	1	1	0	1	1							
AC1KRY_003442	AOBS17_30	1	0	0	1	0	1	0	0	1							
AC1KRY_003445	AOBS17_30	1	1	0	0	0	1	0	0	0							
AC1KRY_003446	AOBS17_30	1	1	1	1	1	1	1	0	1							
AC1KRY_003456	AOBS17_30	1	1	1	1	1	1	1	1	1							
AC1KRY_003458	AOBS17_30	1	1	1	1	1	1	1	1	1							
AC1KRY_003459	AOBS17_30	1	1	1	0	1	1	1	1	1							
AC1KRY_003460	AOBS17_30	1	1	0	0	1	1	0	0	0							
AC1KRY_003462	AOBS17_30	1	1	1	1	1	1	1	1	1							
AC1KRY_003464	AOBS17_30	1	1	1	1	1	1	1	1	1							
AC1KRY_003465	AOBS17_30	1	1	1	1	1	1	1	1	1							
AC1KRY_003469	AOBS17_30	1	1	1	1	1	1	1	1	1							
AC1KRY_003470	AOBS17_30	1	1	1	1	1	1	0	1	1							
AC1KRY_003471	AOBS17_30	1	1	0	0	1	1	0	0	1							
AC1KRY_003472	AOBS17_30	1	1	1	1	1	1	1	1	1							
AC1KRY_003473	AOBS17_30	1	1	1	1	1	1	1	1	1							
AC1KRY_003474	AOBS17_30	1	1	1	1	0	1	1	1	1							
AC1KRY_003475	AOBS17_30	1	1	1	1	1	1	1	1	1							
AC1KRY_003476	AOBS17_30	1	1	0	0	0	1	0	1	0							
AC1KRY_003477	AOBS17_30	1	1	1	1	1	1	1	1	1							
AC1KRY_003478	AOBS17_30	1	1	1	1	0	1	0	0	0							
AC1KRY_003486	AOBS17_30	1	1	1	1	1	1	1	0	1							
AC1KRY_003502	AOBS17_30	1	1	1	1	1	1	0	1	1							
AC1KRY_003504	AOBS17_30	1	0	0	0	1	1	1	1	1							
AC1KRY_003506	AOBS17_30	1	0	1	1	1	1	1	1	1							
AC1KRY_003507	AOBS17_30	1	1	0	0	0	1	0	0	0							
AC1KRY_003513	AOBS17_30	1	0	0	0	0	1	0	0	0							
AC1KRY_003516	AOBS17_30	1	1	1	1	1	1	1	1	1							
AC1KRY_003519	AOBS17_30	1	1	1	1	1	1	1	1	1							
AC1KRY_003524	AOBS17_30	1	1	1	1	1	1	1	1	1							
AC1KRY_003527	AOBS17_30	1	1	1	1	1	1	1	1	1							
AC1KRY_003528	AOBS17_30	1	1	1	1	1	1	1	1	1							
AC1KRY_003529	AOBS17_30	1	1	1	1	0	1	0	1	1							
AC1KRY_003535	AOBS17_30	1	0	0	0	0	1	1	0	0							
AC1KRY_003537	AOBS17_30	1	1	1	1	1	1	1	1	1							
AC1KRY_003538	AOBS17_30	1	1	1	1	1	1	0	1	1							
AC1KRY_003548	AOBS17_30	1	1	1	1	1	1	1	1	1							
AC1KRY_003550	AOBS17_30	1	1	0	0	0	1	0	0	1							
AC1KRY_003551	AOBS17_30	1	1	1	1	1	1	1	1	1							
AC1KRY_003552	AOBS17_30	1	1	1	1	1	1	1	1	1							
AC1KRY_003554	AOBS17_30	1	1	1	1	1	1	1	1	1							
AC1KRY_003555	AOBS17_30	1	1	1	1	1	1	1	1	1							
AC1KRY_003556	AOBS17_30	1	1	1	1	1	1	0	1	1							
AC1KRY_003557	AOBS17_30	1	1	0	1	0	1	0	1	1							
AC1KRY_003558	AOBS17_30	1	1	1	1	1	1	1	1	1							
AC1KRY_003561	AOBS17_30	1	1	0	0	0	1	0	0	1							
AC1KRY_003565	AOBS17_30	1	1	1	1	1	1	0	1	1							
AC1KRY_003568	AOBS17_30	1	1	1	1	1	1	0	1	1							
AC1KRY_003572	AOBS17_30	1	1	0	0	0	1	0	0	0							
AC1KRY_003573	AOBS17_30	1	1	1	1	1	1	1	1	1							
AC1KRY_003574	AOBS17_30	1	0	1	1	1	1	1	1	1							
AC1KRY_003576	AOBS17_30	1	1	1	1	1	1	1	1	1							
AC1KRY_003577	AOBS17_30	1	1	1	0	0	1	1	1	0							
AC1KRY_003578	AOBS17_30	1	0	1	1	1	1	1	1	1							
AC1KRY_003579	AOBS17_30	1	1	1	1	1	1	1	1	1							
AC1KRY_003580	AOBS17_30	1	1	1	1	1	1	0	1	1							
AC1KRY_003582	AOBS17_30	1	0	1	1	1	1	1	1	0							
AC1KRY_003585	AOBS17_30	1	1	1	1	1	1	1	1	1							
AC1KRY_003586	AOBS17_30	1	1	1	1	1	1	1	1	1							
AC1KRY_003587	AOBS17_30	1	1	1	1	1	1	1	1	1							
AC1KRY_003589	AOBS17_30	1	1	1	1	1	1	1	1	1							
AC1KRY_003590	AOBS17_30	1	1	1	1	1	1	0	1	1							
AC1KRY_003591	AOBS17_30	1	1	1	1	1	1	0	1	1							
AC1KRY_003592	AOBS17_30	1	1	1	1	1	1	0	1	1							
AC1KRY_003593	AOBS17_30	1	1	1	1	1	1	1	1	1							
AC1KRY_003597	AOBS17_30	1	0	1	1	1	1	1	1	1							
AC1KRY_003598	AOBS17_30	1	0	0	0	0	1	1	0	0							
AC1KRY_003599	AOBS17_30	1	1	1	1	1	1	1	1	1							
AC1KRY_003600	AOBS17_30	1	1	1	1	1	1	1	1	1							
AC1KRY_003601	AOBS17_30	1	1	1	1	1	1	1	1	1							
AC1KRY_003605	AOBS17_30	1	1	1	1	1	1	0	1	1							
AC1KRY_003609	AOBS17_30	1	1	1	1	1	1	1	1	1							
AC1KRY_003611	AOBS17_30	1	1	1	1	1	1	1	1	1							
AC1KRY_003613	AOBS17_30	1	1	0	0	1	1	0	0	0							
AC1KRY_003614	AOBS17_30	1	1	1	1	1	1	1	1	1							
AC1KRY_003615	AOBS17_30	1	1	1	1	1	1	0	1	1							
AC1KRY_003617	AOBS17_30	1	1	0	0	0	1	0	1	0							
AC1KRY_003619	AOBS17_30	1	1	1	1	1	1	1	1	1							
AC1KRY_003620	AOBS17_30	1	1	1	1	1	1	1	1	1							
AC1KRY_003621	AOBS17_30	1	1	1	1	1	1	1	1	1							
AC1KRY_003622	AOBS17_30	1	1	1	1	1	1	1	1	1							
AC1KRY_003624	AOBS17_30	1	1	1	1	1	1	1	1	1							
AC1KRY_003626	AOBS17_30	1	0	1	1	1	1	1	0	1							
AC1KRY_003632	AOBS17_30	1	1	1	1	1	1	1	1	1							
AC1KRY_003635	AOBS17_30	1	1	0	0	0	1	0	1	0							
AC1KRY_003636	AOBS17_30	1	1	1	1	1	1	1	1	1							
AC1KRY_003639	AOBS17_30	1	1	1	0	1	1	1	0	1							
AC1KRY_003640	AOBS17_30	1	0	0	0	1	1	0	1	1							
AC1KRY_003641	AOBS17_30	1	1	1	1	1	1	1	1	1							
AC1KRY_003643	AOBS17_30	1	1	0	0	0	1	0	0	0							
AC1KRY_003644	AOBS17_30	1	1	1	1	0	1	0	1	1							
AC1KRY_003648	AOBS17_30	1	1	1	1	1	1	1	1	1							
AC1KRY_003653	AOBS17_30	1	0	1	1	1	1	1	1	1							
AC1KRY_003655	AOBS17_30	1	1	1	1	1	1	0	0	1							
AC1KRY_003656	AOBS17_30	1	1	1	1	1	1	0	1	1							
AC1KRY_003661	AOBS17_30	1	1	0	0	0	1	0	0	0							
AC1KRY_003662	AOBS17_30	1	1	1	1	1	1	0	1	1							
AC1KRY_003665	AOBS17_30	1	1	1	1	1	1	1	1	1							
AC1KRY_003667	AOBS17_30	1	1	1	1	1	1	1	1	1							
AC1KRY_003668	AOBS17_30	1	1	1	1	1	1	1	1	1							
AC1KRY_003671	AOBS17_30	1	1	1	1	1	1	1	1	1							
AC1KRY_003672	AOBS17_30	1	0	0	0	0	1	1	1	0							
AC1KRY_003673	AOBS17_30	1	0	0	0	0	1	1	1	0							
AC1KRY_003677	AOBS17_30	1	1	1	1	1	1	0	0	1							
AC1KRY_003679	AOBS17_30	1	1	1	1	1	1	1	1	1							
AC1KRY_003680	AOBS17_30	1	1	1	1	1	1	1	1	1							
AC1KRY_003683	AOBS17_30	1	1	1	1	1	1	1	1	1							
AC1KRY_003685	AOBS17_30	1	1	1	1	1	1	0	1	1							
AC1KRY_003691	AOBS17_30	1	1	1	1	1	1	0	1	1							
AC1KRY_003693	AOBS17_30	1	1	1	1	1	1	0	1	1							
AC1KRY_003694	AOBS17_30	1	1	1	1	1	1	1	1	1							
AC1KRY_003695	AOBS17_30	1	1	1	1	1	1	1	1	1							
AC1KRY_003697	AOBS17_30	1	1	1	1	1	1	1	0	1							
AC1KRY_003698	AOBS17_30	1	1	1	1	1	1	1	1	1							
AC1KRY_003703	AOBS17_30	1	1	1	1	1	1	1	1	1							
AC1KRY_003706	AOBS17_30	1	1	1	1	1	1	1	1	1							
AC1KRY_003707	AOBS17_30	1	0	0	0	1	1	1	1	0							
AC1KRY_003709	AOBS17_30	1	0	0	0	0	1	1	1	0							
AC1KRY_003710	AOBS17_30	1	1	0	1	1	1	0	0	0							
AC1KRY_003711	AOBS17_30	1	1	1	1	1	1	1	1	1							
AC1KRY_003712	AOBS17_30	1	1	0	1	1	1	0	0	1							
AC1KRY_003714	AOBS17_30	1	1	1	0	1	1	1	0	1							
AC1KRY_003723	AOBS17_30	1	1	1	1	1	1	1	0	1							
AC1KRY_003727	AOBS17_30	1	1	1	1	1	1	0	0	1							
AC1KRY_003728	AOBS17_30	1	1	1	1	1	1	0	1	1							
AC1KRY_003731	AOBS17_30	1	1	1	1	1	1	0	0	1							
AC1KRY_003733	AOBS17_30	1	1	0	0	0	1	0	0	1							
AC1KRY_003734	AOBS17_30	1	1	1	0	0	1	0	1	1							
AC1KRY_003737	AOBS17_30	1	0	1	0	0	1	0	1	1							
AC1KRY_003738	AOBS17_30	1	1	1	1	0	1	1	1	0							
AC1KRY_003740	AOBS17_30	1	1	1	1	1	1	1	1	1							
AC1KRY_003742	AOBS17_30	1	1	1	1	1	1	1	1	1							
AC1KRY_003743	AOBS17_30	1	1	1	1	0	1	0	0	1							
AC1KRY_003744	AOBS17_30	1	0	1	1	1	1	1	1	1							
AC1KRY_003745	AOBS17_30	1	1	1	1	1	1	0	1	1							
AC1KRY_003748	AOBS17_30	1	1	1	1	1	1	1	1	1							
AC1KRY_003749	AOBS17_30	1	1	1	1	1	1	0	0	1							
AC1KRY_003751	AOBS17_30	1	1	1	1	1	1	1	1	1							
AC1KRY_003754	AOBS17_30	1	1	0	0	0	1	0	0	0							
AC1KRY_003756	AOBS17_30	1	1	1	1	1	1	1	1	1							
AC1KRY_003757	AOBS17_30	1	1	1	1	1	1	1	1	1							
AC1KRY_003758	AOBS17_30	1	1	0	0	0	1	1	0	0							
AC1KRY_003761	AOBS17_30	1	1	1	1	1	1	1	0	0							
AC1KRY_003762	AOBS17_30	1	1	1	1	1	1	1	1	1							
AC1KRY_003765	AOBS17_30	1	1	1	1	1	1	1	1	1							
AC1KRY_003769	AOBS17_30	1	1	1	1	1	1	0	1	0							
AC1KRY_003770	AOBS17_30	1	1	0	1	1	1	0	0	1							
AC1KRY_003774	AOBS17_30	1	1	1	1	1	1	1	1	1							
AC1KRY_003775	AOBS17_30	1	0	0	0	0	1	0	0	0							
AC1KRY_003776	AOBS17_30	1	1	1	1	1	1	1	1	1							
AC1KRY_003777	AOBS17_30	1	1	1	1	1	1	1	1	1							
AC1KRY_003778	AOBS17_30	1	1	1	1	1	1	1	1	1							
AC1KRY_003779	AOBS17_30	1	1	1	1	1	1	1	1	1							
AC1KRY_003781	AOBS17_30	1	1	1	1	1	1	0	1	1							
AC1KRY_003785	AOBS17_30	1	1	0	1	0	1	0	1	0							
AC1KRY_003787	AOBS17_30	1	1	1	1	1	1	1	1	1							
AC1KRY_003790	AOBS17_30	1	1	1	1	1	1	1	0	1							
AC1KRY_003791	AOBS17_30	1	1	1	1	1	1	1	1	0							
AC1KRY_003792	AOBS17_30	1	0	1	1	1	1	1	1	1							
AC1KRY_003793	AOBS17_30	1	0	0	0	0	1	1	0	0							
AC1KRY_003795	AOBS17_30	1	1	1	1	1	1	1	1	1							
AC1KRY_003796	AOBS17_30	1	1	0	0	0	1	0	0	0							
AC1KRY_003797	AOBS17_30	1	1	1	1	1	1	1	1	1							
AC1KRY_003800	AOBS17_30	1	1	1	1	1	1	1	1	1							
AC1KRY_003801	AOBS17_30	1	1	1	1	1	1	1	1	1							
AC1KRY_003802	AOBS17_30	1	1	1	1	1	1	1	1	1							
AC1KRY_003803	AOBS17_30	1	1	0	1	0	1	0	0	1							
AC1KRY_000769	AOBS17_30	1	1	1	0	1	1	1	1	1							
AC1KRY_000770	AOBS17_30	1	1	1	1	1	1	0	1	1							
AC1KRY_000774	AOBS17_30	1	1	1	1	1	1	1	0	1							
AC1KRY_000776	AOBS17_30	1	1	1	1	1	1	1	1	1							
AC1KRY_000777	AOBS17_30	1	1	1	1	1	1	1	0	1							
AC1KRY_000782	AOBS17_30	1	1	0	0	0	1	0	1	0							
AC1KRY_000783	AOBS17_30	1	1	1	1	1	1	1	1	1							
AC1KRY_000788	AOBS17_30	1	1	1	1	1	1	1	1	1							
AC1KRY_000789	AOBS17_30	1	0	0	0	0	1	0	0	0							
AC1KRY_000791	AOBS17_30	1	1	1	1	1	1	1	1	1							
AC1KRY_000794	AOBS17_30	1	1	1	1	1	1	1	1	1							
AC1KRY_000795	AOBS17_30	1	1	1	1	1	1	1	1	1							
AC1KRY_000797	AOBS17_30	1	1	1	1	1	1	0	0	1							
AC1KRY_000798	AOBS17_30	1	1	1	1	1	1	1	1	1							
AC1KRY_000801	AOBS17_30	1	1	1	1	1	1	1	1	1							
AC1KRY_000803	AOBS17_30	1	1	1	1	1	1	1	0	1							
AC1KRY_000807	AOBS17_30	1	1	1	1	1	1	1	1	1							
AC1KRY_000811	AOBS17_30	1	1	1	0	0	1	1	1	0							
AC1KRY_000812	AOBS17_30	1	1	0	1	0	1	0	0	1							
AC1KRY_000813	AOBS17_30	1	1	1	1	1	1	1	1	1							
AC1KRY_000814	AOBS17_30	1	1	1	1	1	1	1	1	1							
AC1KRY_000815	AOBS17_30	1	0	1	1	1	1	1	1	1							
AC1KRY_000816	AOBS17_30	1	1	1	1	1	1	1	1	1							
AC1KRY_000820	AOBS17_30	1	1	1	1	1	1	1	1	1							
AC1KRY_000822	AOBS17_30	1	1	1	1	1	1	1	1	1							
AC1KRY_000826	AOBS17_30	1	1	1	1	1	1	1	1	1							
AC1KRY_000827	AOBS17_30	1	0	1	0	0	1	0	0	1							
AC1KRY_000832	AOBS17_30	1	1	1	1	1	1	1	1	1							
AC1KRY_000833	AOBS17_30	1	1	1	0	0	1	0	1	1							
AC1KRY_000834	AOBS17_30	1	1	0	0	0	1	0	0	0							
AC1KRY_000835	AOBS17_30	1	1	0	1	0	1	0	1	0							
AC1KRY_000837	AOBS17_30	1	1	1	1	1	1	1	1	1							
AC1KRY_000839	AOBS17_30	1	0	1	1	1	1	1	1	1							
AC1KRY_000841	AOBS17_30	1	1	1	1	1	1	1	1	1							
AC1KRY_000846	AOBS17_30	1	1	0	0	0	1	0	0	0							
AC1KRY_000848	AOBS17_30	1	1	0	0	1	1	0	0	0							
AC1KRY_000849	AOBS17_30	1	1	1	1	1	1	1	1	1							
AC1KRY_000850	AOBS17_30	1	1	0	0	0	1	0	0	0							
AC1KRY_000859	AOBS17_30	1	1	1	1	1	1	1	1	1							
AC1KRY_000860	AOBS17_30	1	1	1	1	1	1	1	1	1							
AC1KRY_000861	AOBS17_30	1	1	1	1	0	1	0	0	0							
AC1KRY_000864	AOBS17_30	1	1	1	1	1	1	1	1	1							
AC1KRY_000865	AOBS17_30	1	1	1	1	1	1	1	1	1							
AC1KRY_000866	AOBS17_30	1	1	1	1	1	1	1	1	1							
AC1KRY_000867	AOBS17_30	1	0	0	1	1	1	1	1	1							
AC1KRY_000868	AOBS17_30	1	1	1	1	1	1	1	1	1							
AC1KRY_000871	AOBS17_30	1	1	1	1	1	1	1	1	1							
AC1KRY_000873	AOBS17_30	1	1	1	1	1	1	1	1	1							
AC1KRY_000874	AOBS17_30	1	1	1	1	1	1	1	1	1							
AC1KRY_000878	AOBS17_30	1	1	1	1	1	1	0	1	1							
AC1KRY_000879	AOBS17_30	1	1	0	0	0	1	0	0	0							
AC1KRY_000882	AOBS17_30	1	1	1	1	1	1	1	1	1							
AC1KRY_000885	AOBS17_30	1	1	1	1	1	1	1	0	1							
AC1KRY_000886	AOBS17_30	1	1	1	1	1	1	1	1	1							
AC1KRY_000887	AOBS17_30	1	1	1	1	1	1	1	1	1							
AC1KRY_000890	AOBS17_30	1	1	1	1	1	1	1	1	1							
AC1KRY_000891	AOBS17_30	1	1	1	1	1	1	1	1	1							
AC1KRY_003811	AOBS17_30	1	1	1	1	1	1	1	1	1							
AC1KRY_003812	AOBS17_30	1	1	1	1	1	1	1	1	1							
AC1KRY_003815	AOBS17_30	1	1	1	1	1	1	0	1	1							
AC1KRY_003816	AOBS17_30	1	1	1	1	1	1	0	1	1							
AC1KRY_003817	AOBS17_30	1	1	1	1	1	1	1	1	1							
AC1KRY_003820	AOBS17_30	1	1	1	1	1	1	1	1	1							
AC1KRY_003823	AOBS17_30	1	1	1	1	0	1	1	1	1							
AC1KRY_003824	AOBS17_30	1	1	1	1	1	1	1	1	1							
AC1KRY_003826	AOBS17_30	1	1	1	1	1	1	1	1	1							
AC1KRY_003829	AOBS17_30	1	1	1	1	1	1	0	1	1							
AC1KRY_003832	AOBS17_30	1	1	1	1	1	1	1	1	1							
AC1KRY_003833	AOBS17_30	1	1	1	1	1	1	1	1	1							
AC1KRY_003834	AOBS17_30	1	1	1	1	1	1	1	1	1							
AC1KRY_003838	AOBS17_30	1	1	1	1	1	1	1	1	1							
AC1KRY_003839	AOBS17_30	1	1	1	1	1	1	1	1	1							
AC1KRY_003841	AOBS17_30	1	1	1	1	1	1	1	1	1							
AC1KRY_003842	AOBS17_30	1	1	1	1	1	1	1	1	1							
AC1KRY_003844	AOBS17_30	1	0	1	1	1	1	1	1	1							
AC1KRY_003850	AOBS17_30	1	0	1	0	1	1	1	1	1							
AC1KRY_003851	AOBS17_30	1	1	1	1	1	1	1	1	1							
AC1KRY_003852	AOBS17_30	1	0	0	0	0	1	1	1	0							
AC1KRY_003854	AOBS17_30	1	1	1	1	1	1	1	0	1							
AC1KRY_003862	AOBS17_30	1	1	0	0	1	1	1	0	0							
AC1KRY_003865	AOBS17_30	1	0	1	1	1	1	1	1	1							
AC1KRY_003867	AOBS17_30	1	0	0	0	0	1	0	0	0							
AC1KRY_003869	AOBS17_30	1	1	1	1	1	1	0	1	1							
AC1KRY_003871	AOBS17_30	1	1	0	0	0	1	0	0	0							
AC1KRY_003872	AOBS17_30	1	1	1	1	1	1	1	1	1							
AC1KRY_003874	AOBS17_30	1	1	1	1	1	1	1	1	1							
AC1KRY_003877	AOBS17_30	1	1	1	1	1	1	1	1	1							
AC1KRY_003882	AOBS17_30	1	1	1	1	1	1	1	1	1							
AC1KRY_003885	AOBS17_30	1	1	1	1	1	1	1	1	1							
AC1KRY_003886	AOBS17_30	1	1	1	1	1	1	1	1	1							
AC1KRY_003887	AOBS17_30	1	1	1	0	0	1	1	1	0							
AC1KRY_003889	AOBS17_30	1	1	1	1	1	1	1	1	1							
AC1KRY_003890	AOBS17_30	1	1	0	0	0	1	1	1	0							
AC1KRY_003891	AOBS17_30	1	0	1	1	1	1	1	1	1							
AC1KRY_003895	AOBS17_30	1	1	1	1	1	1	1	1	1							
AC1KRY_003896	AOBS17_30	1	1	1	1	1	1	1	1	1							
AC1KRY_003900	AOBS17_30	1	1	1	1	1	1	1	0	1							
AC1KRY_003902	AOBS17_30	1	1	1	1	1	1	1	1	1							
AC1KRY_003906	AOBS17_30	1	1	1	1	1	1	1	1	1							
AC1KRY_003908	AOBS17_30	1	0	1	1	1	1	0	1	1							
AC1KRY_003912	AOBS17_30	1	1	0	0	1	1	1	0	1							
AC1KRY_003914	AOBS17_30	1	0	1	1	1	1	1	1	1							
AC1KRY_003916	AOBS17_30	1	1	1	1	1	1	0	0	1							
AC1KRY_003934	AOBS17_30	1	1	1	1	1	1	1	1	1							
AC1KRY_003939	AOBS17_30	1	1	1	1	1	1	0	0	1							
AC1KRY_003940	AOBS17_30	1	1	1	1	1	1	1	1	1							
AC1KRY_003941	AOBS17_30	1	1	1	1	1	1	1	1	1							
AC1KRY_003942	AOBS17_30	1	1	1	1	1	1	1	1	1							
AC1KRY_003943	AOBS17_30	1	1	1	1	1	1	1	1	1							
AC1KRY_003946	AOBS17_30	1	1	0	0	0	1	0	0	0							
AC1KRY_003948	AOBS17_30	1	0	0	0	0	1	1	0	0							
AC1KRY_003949	AOBS17_30	1	1	1	1	1	1	1	1	1							
AC1KRY_003950	AOBS17_30	1	1	1	1	1	1	0	0	1							
AC1KRY_003953	AOBS17_30	1	1	1	1	1	1	1	1	1							
AC1KRY_003954	AOBS17_30	1	1	1	1	1	1	1	1	1							
AC1KRY_003962	AOBS17_30	1	1	1	1	1	1	0	0	1							
AC1KRY_003965	AOBS17_30	1	1	1	1	1	1	0	1	1							
AC1KRY_003966	AOBS17_30	1	0	0	0	0	1	1	1	1							
AC1KRY_003967	AOBS17_30	1	1	1	1	1	1	1	1	1							
AC1KRY_003968	AOBS17_30	1	1	0	0	0	1	0	0	0							
AC1KRY_003969	AOBS17_30	1	1	1	1	1	1	0	1	1							
AC1KRY_003973	AOBS17_30	1	1	1	1	1	1	0	1	1							
AC1KRY_003980	AOBS17_30	1	1	1	1	1	1	1	1	1							
AC1KRY_003981	AOBS17_30	1	1	1	0	1	1	0	0	1							
AC1KRY_003982	AOBS17_30	1	1	1	1	1	1	1	1	1							
AC1KRY_003984	AOBS17_30	1	1	1	1	1	1	1	1	1							
AC1KRY_003985	AOBS17_30	1	1	1	1	1	1	1	1	1							
AC1KRY_003987	AOBS17_30	1	1	1	1	1	1	1	1	1							
AC1KRY_003991	AOBS17_30	1	1	1	1	1	1	1	1	1							
AC1KRY_003992	AOBS17_30	1	1	1	1	1	1	1	1	1							
AC1KRY_003997	AOBS17_30	1	1	1	1	0	1	1	1	1							
AC1KRY_003998	AOBS17_30	1	1	1	1	1	1	1	1	1							
AC1KRY_003999	AOBS17_30	1	1	1	1	1	1	0	1	1							
AC1KRY_004000	AOBS17_30	1	1	1	1	1	1	1	1	1							
AC1KRY_004001	AOBS17_30	1	1	1	1	1	1	1	1	1							
AC1KRY_004002	AOBS17_30	1	1	1	1	1	1	1	1	1							
AC1KRY_004006	AOBS17_30	1	1	1	1	1	1	1	1	1							
AC1KRY_004007	AOBS17_30	1	1	1	1	1	1	0	1	1							
AC1KRY_004009	AOBS17_30	1	1	1	1	1	1	1	1	1							
AC1KRY_004010	AOBS17_30	1	1	1	1	1	1	1	1	1							
AC1KRY_004011	AOBS17_30	1	1	1	1	1	1	1	1	1							
AC1KRY_004012	AOBS17_30	1	1	1	1	1	1	1	1	1							
AC1KRY_004013	AOBS17_30	1	1	1	1	1	1	1	1	1							
AC1KRY_004014	AOBS17_30	1	0	1	1	1	1	1	1	1							
AC1KRY_004015	AOBS17_30	1	0	0	0	0	1	0	1	1							
AC1KRY_004020	AOBS17_30	1	1	1	1	1	1	1	1	1							
AC1KRY_004023	AOBS17_30	1	1	1	1	1	1	1	1	1							
AC1KRY_004026	AOBS17_30	1	1	0	1	1	1	0	0	0							
AC1KRY_004028	AOBS17_30	1	1	1	1	1	1	1	1	1							
AC1KRY_004031	AOBS17_30	1	1	1	1	1	1	1	0	1							
AC1KRY_004032	AOBS17_30	1	1	1	1	1	1	1	0	1							
AC1KRY_004035	AOBS17_30	1	1	1	1	1	1	1	1	1							
AC1KRY_004038	AOBS17_30	1	1	1	1	1	1	0	1	1							
AC1KRY_004041	AOBS17_30	1	1	0	1	1	1	1	1	1							
AC1KRY_004043	AOBS17_30	1	1	1	0	1	1	0	1	1							
AC1KRY_004045	AOBS17_30	1	1	1	1	1	1	1	1	1							
AC1KRY_004046	AOBS17_30	1	1	1	1	1	1	1	1	1							
AC1KRY_004047	AOBS17_30	1	1	1	1	1	1	1	1	1							
AC1KRY_004048	AOBS17_30	1	1	0	0	0	1	0	1	0							
AC1KRY_004049	AOBS17_30	1	1	0	1	1	1	0	1	1							
AC1KRY_004053	AOBS17_30	1	1	1	1	1	1	1	1	1							
AC1KRY_004054	AOBS17_30	1	1	1	1	1	1	0	0	1							
AC1KRY_004058	AOBS17_30	1	1	1	1	1	1	1	0	1							
AC1KRY_004061	AOBS17_30	1	1	0	0	0	1	0	0	0							
AC1KRY_004065	AOBS17_30	1	1	0	0	0	1	0	1	0							
AC1KRY_004070	AOBS17_30	1	0	1	1	1	1	0	0	1							
AC1KRY_004071	AOBS17_30	1	1	1	1	1	1	1	1	1							
AC1KRY_004076	AOBS17_30	1	1	1	1	1	1	1	1	1							
AC1KRY_004077	AOBS17_30	1	1	1	1	1	1	1	1	1							
AC1KRY_004078	AOBS17_30	1	1	1	1	1	1	1	1	1							
AC1KRY_004080	AOBS17_30	1	1	1	1	1	1	1	1	1							
AC1KRY_004081	AOBS17_30	1	1	1	1	1	1	1	1	1							
AC1KRY_004083	AOBS17_30	1	1	1	1	1	1	0	1	1							
AC1KRY_004084	AOBS17_30	1	1	1	1	1	1	1	1	1							
AC1KRY_004087	AOBS17_30	1	1	1	1	1	1	1	1	1							
AC1KRY_004088	AOBS17_30	1	1	1	1	1	1	0	0	1							
AC1KRY_004089	AOBS17_30	1	1	1	1	0	1	0	0	1							
AC1KRY_004098	AOBS17_30	1	1	1	0	1	1	0	1	1							
AC1KRY_004102	AOBS17_30	1	1	1	0	0	1	0	0	0							
AC1KRY_004104	AOBS17_30	1	1	1	1	1	1	0	0	1							
AC1KRY_004105	AOBS17_30	1	1	1	1	1	1	1	1	1							
AC1KRY_004106	AOBS17_30	1	1	1	1	1	1	1	0	1							
AC1KRY_004107	AOBS17_30	1	1	1	1	1	1	1	1	1							
AC1KRY_004108	AOBS17_30	1	1	1	1	1	1	0	0	1							
AC1KRY_004109	AOBS17_30	1	1	1	1	1	1	0	1	1							
AC1KRY_004111	AOBS17_30	1	1	1	1	1	1	1	1	1							
AC1KRY_004112	AOBS17_30	1	1	1	0	1	1	0	1	0							
AC1KRY_004113	AOBS17_30	1	1	1	1	1	1	1	1	1							
AC1KRY_004115	AOBS17_30	1	1	1	1	1	1	1	1	1							
AC1KRY_004117	AOBS17_30	1	1	0	0	0	1	0	0	0							
AC1KRY_004118	AOBS17_30	1	1	1	1	1	1	0	0	1							
AC1KRY_004119	AOBS17_30	1	1	1	1	1	1	0	0	1							
AC1KRY_004121	AOBS17_30	1	1	1	1	0	1	0	0	1							
AC1KRY_004122	AOBS17_30	1	1	0	0	0	1	0	0	0							
AC1KRY_004123	AOBS17_30	1	1	1	1	0	1	0	1	1							
AC1KRY_004124	AOBS17_30	1	1	1	1	1	1	1	1	1							
AC1KRY_004126	AOBS17_30	1	1	1	1	1	1	1	1	1							
AC1KRY_004127	AOBS17_30	1	1	1	1	0	1	0	0	0							
AC1KRY_004129	AOBS17_30	1	1	0	0	0	1	0	0	0							
AC1KRY_004130	AOBS17_30	1	1	1	1	1	1	1	0	1							
AC1KRY_000906	AOBS17_30	1	1	1	1	1	1	0	1	1							
AC1KRY_000909	AOBS17_30	1	0	1	1	1	1	1	1	1							
AC1KRY_000913	AOBS17_30	1	1	1	1	1	1	1	1	1							
AC1KRY_000916	AOBS17_30	1	1	1	1	1	1	1	1	1							
AC1KRY_000918	AOBS17_30	1	1	0	1	1	1	1	0	0							
AC1KRY_000919	AOBS17_30	1	1	1	1	1	1	1	1	1							
AC1KRY_000920	AOBS17_30	1	1	1	1	1	1	1	1	1							
AC1KRY_000922	AOBS17_30	1	1	1	1	1	1	1	1	1							
AC1KRY_000924	AOBS17_30	1	0	0	0	0	1	0	0	0							
AC1KRY_000925	AOBS17_30	1	1	0	0	0	1	1	1	0							
AC1KRY_000926	AOBS17_30	1	1	0	0	0	1	0	0	0							
AC1KRY_000935	AOBS17_30	1	1	1	1	1	1	1	1	1							
AC1KRY_000939	AOBS17_30	1	1	1	1	1	1	1	1	1							
AC1KRY_000942	AOBS17_30	1	1	1	1	1	1	1	0	1							
AC1KRY_000944	AOBS17_30	1	1	1	1	1	1	1	1	1							
AC1KRY_000946	AOBS17_30	1	0	0	0	0	1	0	0	0							
AC1KRY_000947	AOBS17_30	1	1	1	1	1	1	1	1	1							
AC1KRY_000948	AOBS17_30	1	0	1	1	1	1	0	1	1							
AC1KRY_000950	AOBS17_30	1	1	0	0	0	1	0	0	0							
AC1KRY_000955	AOBS17_30	1	1	1	1	1	1	1	1	1							
AC1KRY_000956	AOBS17_30	1	1	1	1	1	1	0	0	1							
AC1KRY_000960	AOBS17_30	1	1	0	1	0	1	1	1	1							
AC1KRY_000962	AOBS17_30	1	1	1	1	1	1	1	1	1							
AC1KRY_000963	AOBS17_30	1	0	1	1	1	1	1	1	1							
AC1KRY_000966	AOBS17_30	1	1	1	1	1	1	1	1	1							
AC1KRY_000971	AOBS17_30	1	1	1	1	1	1	0	1	0							
AC1KRY_000974	AOBS17_30	1	1	1	1	1	1	0	0	1							
AC1KRY_000975	AOBS17_30	1	1	1	1	0	1	0	0	0							
AC1KRY_000976	AOBS17_30	1	1	1	1	1	1	1	1	1							
AC1KRY_000977	AOBS17_30	1	1	1	1	0	1	1	1	0							
AC1KRY_000978	AOBS17_30	1	1	1	1	1	1	0	1	1							
AC1KRY_000979	AOBS17_30	1	1	0	0	0	1	1	0	0							
AC1KRY_000980	AOBS17_30	1	1	1	1	1	1	1	1	1							
AC1KRY_000981	AOBS17_30	1	1	1	1	1	1	1	1	1							
AC1KRY_000984	AOBS17_30	1	1	1	1	1	1	1	1	1							
AC1KRY_000985	AOBS17_30	1	1	1	1	1	1	1	1	1							
AC1KRY_000986	AOBS17_30	1	1	1	1	1	1	1	1	1							
AC1KRY_000991	AOBS17_30	1	1	1	1	1	1	1	1	1							
AC1KRY_000993	AOBS17_30	1	0	1	1	1	1	1	0	1							
AC1KRY_000994	AOBS17_30	1	1	1	1	1	1	0	1	1							
AC1KRY_000996	AOBS17_30	1	1	1	1	1	1	1	1	1							
AC1KRY_000997	AOBS17_30	1	1	1	1	1	1	1	1	1							
AC1KRY_000998	AOBS17_30	1	1	0	1	0	1	0	0	0							
AC1KRY_000999	AOBS17_30	1	1	1	1	1	1	1	1	1							
AC1KRY_001000	AOBS17_30	1	1	1	1	1	1	0	1	1							
AC1KRY_001001	AOBS17_30	1	1	0	0	0	1	0	1	0							
AC1KRY_001005	AOBS17_30	1	1	1	1	1	1	1	1	1							
AC1KRY_001006	AOBS17_30	1	1	1	0	1	1	1	0	1							
AC1KRY_001008	AOBS17_30	1	1	1	1	1	1	0	1	1							
AC1KRY_004134	AOBS17_30	1	1	1	1	1	1	1	1	1							
AC1KRY_004135	AOBS17_30	1	1	1	1	1	1	1	1	1							
AC1KRY_004136	AOBS17_30	1	1	1	1	1	1	0	0	1							
AC1KRY_004138	AOBS17_30	1	1	1	1	1	1	1	0	1							
AC1KRY_004139	AOBS17_30	1	1	1	1	1	1	0	1	1							
AC1KRY_004143	AOBS17_30	1	1	1	1	1	1	1	1	1							
AC1KRY_004145	AOBS17_30	1	0	1	1	1	1	1	1	1							
AC1KRY_004150	AOBS17_30	1	0	1	1	1	1	1	1	1							
AC1KRY_004153	AOBS17_30	1	0	0	0	0	1	0	0	0							
AC1KRY_004155	AOBS17_30	1	0	0	0	0	1	1	0	0							
AC1KRY_004156	AOBS17_30	1	0	1	1	1	1	1	1	1							
AC1KRY_004157	AOBS17_30	1	0	1	1	1	1	1	1	1							
AC1KRY_004161	AOBS17_30	1	1	0	0	0	1	0	1	0							
AC1KRY_004163	AOBS17_30	1	1	0	0	0	1	0	0	0							
AC1KRY_004164	AOBS17_30	1	1	1	1	1	1	1	1	1							
AC1KRY_004166	AOBS17_30	1	1	1	1	1	1	0	1	1							
AC1KRY_004177	AOBS17_30	1	1	1	1	1	1	1	1	1							
AC1KRY_004182	AOBS17_30	1	1	1	1	1	1	1	1	1							
AC1KRY_004184	AOBS17_30	1	1	1	1	1	1	1	1	1							
AC1KRY_004187	AOBS17_30	1	1	1	1	1	1	1	0	1							
AC1KRY_004191	AOBS17_30	1	1	1	1	1	1	1	1	1							
AC1KRY_004192	AOBS17_30	1	1	1	1	1	1	1	1	1							
AC1KRY_004193	AOBS17_30	1	1	1	1	1	1	0	1	1							
AC1KRY_004195	AOBS17_30	1	1	1	1	1	1	1	1	0							
AC1KRY_004196	AOBS17_30	1	1	1	0	1	1	1	1	1							
AC1KRY_004198	AOBS17_30	1	1	1	1	1	1	0	1	1							
AC1KRY_004199	AOBS17_30	1	1	0	0	0	1	0	0	1							
AC1KRY_004205	AOBS17_30	1	0	0	0	1	1	1	1	0							
AC1KRY_004207	AOBS17_30	1	0	1	1	1	1	1	1	1							
AC1KRY_004209	AOBS17_30	1	1	1	1	1	1	1	1	1							
AC1KRY_004210	AOBS17_30	1	1	1	1	1	1	1	1	1							
AC1KRY_004211	AOBS17_30	1	1	1	1	1	1	0	0	1							
AC1KRY_004215	AOBS17_30	1	1	1	1	1	1	1	1	1							
AC1KRY_004216	AOBS17_30	1	1	1	1	1	1	1	1	1							
AC1KRY_004217	AOBS17_30	1	1	1	1	1	1	1	1	1							
AC1KRY_004219	AOBS17_30	1	1	1	1	1	1	1	1	1							
AC1KRY_004220	AOBS17_30	1	1	1	1	1	1	1	1	1							
AC1KRY_004221	AOBS17_30	1	1	1	1	1	1	0	1	1							
AC1KRY_004222	AOBS17_30	1	1	1	1	1	1	1	1	1							
AC1KRY_004223	AOBS17_30	1	1	0	0	0	1	0	0	0							
AC1KRY_004227	AOBS17_30	1	1	1	1	1	1	1	1	1							
AC1KRY_004228	AOBS17_30	1	0	1	1	1	1	1	1	1							
AC1KRY_004229	AOBS17_30	1	1	1	1	1	1	1	1	1							
AC1KRY_004232	AOBS17_30	1	1	1	1	1	1	1	1	1							
AC1KRY_004235	AOBS17_30	1	1	1	1	1	1	0	1	1							
AC1KRY_004245	AOBS17_30	1	1	1	1	1	1	1	1	1							
AC1KRY_004246	AOBS17_30	1	0	0	0	0	1	0	0	0							
AC1KRY_004251	AOBS17_30	1	1	1	1	1	1	1	1	1							
AC1KRY_004252	AOBS17_30	1	1	1	1	1	1	0	1	1							
AC1KRY_004253	AOBS17_30	1	1	1	1	1	1	1	1	1							
AC1KRY_004255	AOBS17_30	1	1	1	1	1	1	1	1	1							
AC1KRY_004256	AOBS17_30	1	0	0	0	0	1	0	0	0							
AC1KRY_004261	AOBS17_30	1	1	0	0	0	1	0	1	0							
AC1KRY_004264	AOBS17_30	1	1	0	0	0	1	0	0	0							
AC1KRY_004265	AOBS17_30	1	1	1	1	1	1	1	0	1							
AC1KRY_004271	AOBS17_30	1	1	0	0	0	1	0	0	0							
AC1KRY_004272	AOBS17_30	1	1	1	1	1	1	1	1	1							
AC1KRY_004273	AOBS17_30	1	1	1	1	1	1	1	1	1							
AC1KRY_004275	AOBS17_30	1	1	1	1	1	1	1	1	1							
AC1KRY_004276	AOBS17_30	1	1	1	1	1	1	1	1	1							
AC1KRY_004279	AOBS17_30	1	1	1	1	1	1	1	1	1							
AC1KRY_004280	AOBS17_30	1	1	1	1	1	1	1	1	1							
AC1KRY_004281	AOBS17_30	1	1	1	1	1	1	1	1	1							
AC1KRY_004287	AOBS17_30	1	1	1	1	1	1	1	1	1							
AC1KRY_004288	AOBS17_30	1	0	0	0	1	1	1	1	0							
AC1KRY_004296	AOBS17_30	1	1	0	1	1	1	1	1	0							
AC1KRY_004300	AOBS17_30	1	1	1	1	0	1	1	1	0							
AC1KRY_004301	AOBS17_30	1	1	1	1	1	1	1	1	1							
AC1KRY_004302	AOBS17_30	1	0	1	1	1	1	1	1	1							
AC1KRY_004304	AOBS17_30	1	1	1	1	1	1	1	1	1							
AC1KRY_004305	AOBS17_30	1	1	1	1	1	1	1	1	1							
AC1KRY_004306	AOBS17_30	1	1	1	1	1	1	1	1	1							
AC1KRY_004312	AOBS17_30	1	1	1	1	1	1	1	1	1							
AC1KRY_004315	AOBS17_30	1	1	1	1	1	1	1	1	1							
AC1KRY_004316	AOBS17_30	1	1	0	0	0	1	0	0	0							
AC1KRY_004317	AOBS17_30	1	1	1	1	1	1	1	1	1							
AC1KRY_004318	AOBS17_30	1	1	1	1	1	1	0	0	1							
AC1KRY_004321	AOBS17_30	1	1	0	0	0	1	0	0	0							
AC1KRY_004326	AOBS17_30	1	1	1	1	1	1	1	1	1							
AC1KRY_004327	AOBS17_30	1	1	1	1	1	1	1	1	1							
AC1KRY_004330	AOBS17_30	1	1	1	1	1	1	1	1	1							
AC1KRY_004331	AOBS17_30	1	1	1	1	1	1	1	1	1							
AC1KRY_004335	AOBS17_30	1	1	1	1	1	1	1	1	1							
AC1KRY_004336	AOBS17_30	1	1	1	1	1	1	1	1	1							
AC1KRY_004337	AOBS17_30	1	0	1	1	0	1	0	0	0							
AC1KRY_004338	AOBS17_30	1	1	1	1	1	1	1	1	1							
AC1KRY_004341	AOBS17_30	1	1	0	0	0	1	1	1	0							
AC1KRY_004342	AOBS17_30	1	1	1	1	1	1	1	1	1							
AC1KRY_004344	AOBS17_30	1	1	1	1	1	1	1	1	1							
AC1KRY_004345	AOBS17_30	1	1	1	1	1	1	0	0	1							
AC1KRY_004352	AOBS17_30	1	1	0	0	0	1	1	1	1							
AC1KRY_004355	AOBS17_30	1	1	0	0	0	1	0	1	0							
AC1KRY_004356	AOBS17_30	1	1	1	1	0	1	0	1	1							
AC1KRY_004357	AOBS17_30	1	1	1	1	1	1	1	1	1							
AC1KRY_004358	AOBS17_30	1	1	1	1	1	1	1	1	1							
AC1KRY_004362	AOBS17_30	1	1	1	1	1	1	1	1	1							
AC1KRY_004364	AOBS17_30	1	0	1	1	1	1	0	0	1							
AC1KRY_004366	AOBS17_30	1	1	1	1	1	1	0	0	1							
AC1KRY_004381	AOBS17_30	1	1	1	1	1	1	0	0	1							
AC1KRY_004383	AOBS17_30	1	1	1	1	1	1	1	1	1							
AC1KRY_004390	AOBS17_30	1	1	1	1	1	1	1	1	1							
AC1KRY_004392	AOBS17_30	1	1	0	0	0	1	0	0	0							
AC1KRY_004393	AOBS17_30	1	1	1	1	1	1	1	1	1							
AC1KRY_004394	AOBS17_30	1	1	1	0	1	1	0	0	1							
AC1KRY_001011	AOBS17_30	1	1	1	1	0	1	0	1	0							
AC1KRY_001013	AOBS17_30	1	1	1	1	1	1	1	1	1							
AC1KRY_001015	AOBS17_30	1	1	1	1	1	1	1	1	1							
AC1KRY_001016	AOBS17_30	1	1	1	1	1	1	1	1	1							
AC1KRY_001017	AOBS17_30	1	1	1	1	1	1	1	1	1							
AC1KRY_001018	AOBS17_30	1	1	1	1	1	1	1	1	1							
AC1KRY_001020	AOBS17_30	1	1	1	1	1	1	1	1	1							
AC1KRY_001022	AOBS17_30	1	1	0	0	0	1	0	0	0							
AC1KRY_001023	AOBS17_30	1	1	1	1	1	1	0	1	1							
AC1KRY_001031	AOBS17_30	1	1	1	1	1	1	1	0	1							
AC1KRY_001033	AOBS17_30	1	1	1	1	1	1	1	0	1							
AC1KRY_001034	AOBS17_30	1	1	1	1	1	1	1	1	1							
AC1KRY_001035	AOBS17_30	1	1	1	1	1	1	1	1	1							
AC1KRY_001036	AOBS17_30	1	1	0	0	0	1	0	0	0							
AC1KRY_001039	AOBS17_30	1	1	1	1	1	1	0	0	1							
AC1KRY_001058	AOBS17_30	1	1	1	1	1	1	1	1	1							
AC1KRY_001063	AOBS17_30	1	1	1	1	1	1	1	1	1							
AC1KRY_001066	AOBS17_30	1	1	0	0	0	1	0	1	0							
AC1KRY_001067	AOBS17_30	1	1	1	1	1	1	1	1	1							
AC1KRY_001072	AOBS17_30	1	1	1	1	1	1	1	1	1							
AC1KRY_001073	AOBS17_30	1	1	1	1	1	1	0	1	1							
AC1KRY_001075	AOBS17_30	1	1	1	1	0	1	1	1	0							
AC1KRY_001078	AOBS17_30	1	1	1	1	1	1	1	1	1							
AC1KRY_001081	AOBS17_30	1	1	1	1	1	1	1	1	1							
AC1KRY_001082	AOBS17_30	1	1	1	1	1	1	1	1	1							
AC1KRY_001083	AOBS17_30	1	1	1	1	1	1	1	1	1							
AC1KRY_001086	AOBS17_30	1	1	1	1	1	1	1	1	1							
AC1KRY_001088	AOBS17_30	1	0	0	0	0	1	1	0	0							
AC1KRY_001090	AOBS17_30	1	1	1	1	1	1	1	1	1							
AC1KRY_001091	AOBS17_30	1	1	1	1	1	1	0	0	0							
AC1KRY_001092	AOBS17_30	1	0	1	1	1	1	1	1	1							
AC1KRY_001093	AOBS17_30	1	0	1	1	1	1	1	1	1							
AC1KRY_001096	AOBS17_30	1	1	0	0	1	1	1	0	1							
AC1KRY_001101	AOBS17_30	1	1	0	1	1	1	0	1	1							
AC1KRY_001102	AOBS17_30	1	1	1	1	1	1	1	1	1							
AC1KRY_001105	AOBS17_30	1	1	1	1	1	1	1	1	1							
AC1KRY_001107	AOBS17_30	1	1	0	0	0	1	0	0	0							
AC1KRY_004397	AOBS17_30	1	1	1	1	1	1	1	1	1							
AC1KRY_004398	AOBS17_30	1	1	1	1	1	1	1	1	1							
AC1KRY_004401	AOBS17_30	1	0	1	1	1	1	1	1	1							
AC1KRY_004409	AOBS17_30	1	1	1	1	1	1	1	1	1							
AC1KRY_004415	AOBS17_30	1	1	1	1	1	1	1	1	1							
AC1KRY_004418	AOBS17_30	1	1	1	0	0	1	0	0	1							
AC1KRY_004424	AOBS17_30	1	0	0	0	0	1	1	0	0							
AC1KRY_004427	AOBS17_30	1	1	1	1	1	1	1	0	1							
AC1KRY_004429	AOBS17_30	1	1	1	1	0	1	0	1	1							
AC1KRY_004432	AOBS17_30	1	1	0	0	0	1	0	1	0							
AC1KRY_004439	AOBS17_30	1	1	1	0	1	1	0	0	1							
AC1KRY_004441	AOBS17_30	1	1	1	1	1	1	1	1	1							
AC1KRY_004451	AOBS17_30	1	0	0	0	0	1	0	0	0							
AC1KRY_004454	AOBS17_30	1	0	1	1	1	1	1	1	0							
AC1KRY_004458	AOBS17_30	1	1	1	1	1	1	1	1	1							
AC1KRY_004462	AOBS17_30	1	1	1	1	1	1	1	0	1							
AC1KRY_004464	AOBS17_30	1	1	1	1	1	1	1	1	1							
AC1KRY_004465	AOBS17_30	1	1	1	1	1	1	1	1	1							
AC1KRY_004469	AOBS17_30	1	1	0	0	0	1	0	0	0							
AC1KRY_004471	AOBS17_30	1	1	0	0	1	1	1	0	0							
AC1KRY_004472	AOBS17_30	1	1	1	1	1	1	1	1	1							
AC1KRY_004474	AOBS17_30	1	1	1	1	1	1	1	1	1							
AC1KRY_004475	AOBS17_30	1	0	1	1	1	1	1	1	1							
AC1KRY_004482	AOBS17_30	1	1	1	0	1	1	0	1	0							
AC1KRY_004488	AOBS17_30	1	1	1	1	1	1	1	1	1							
AC1KRY_004490	AOBS17_30	1	1	0	0	0	1	0	1	0							
AC1KRY_004491	AOBS17_30	1	1	1	1	1	1	1	0	1							
AC1KRY_004498	AOBS17_30	1	1	1	1	0	1	1	1	1							
AC1KRY_004506	AOBS17_30	1	1	1	1	1	1	0	1	1							
AC1KRY_004508	AOBS17_30	1	1	1	1	1	1	1	1	1							
AC1KRY_004509	AOBS17_30	1	1	1	1	1	1	1	1	1							
AC1KRY_004510	AOBS17_30	1	1	1	1	1	1	0	0	0							
AC1KRY_004514	AOBS17_30	1	1	1	1	1	1	1	1	1							
AC1KRY_004515	AOBS17_30	1	1	1	1	1	1	0	0	1							
AC1KRY_004518	AOBS17_30	1	0	1	1	1	1	1	1	1							
AC1KRY_004520	AOBS17_30	1	1	1	1	1	1	1	1	1							
AC1KRY_004522	AOBS17_30	1	1	0	0	0	1	0	0	0							
AC1KRY_004523	AOBS17_30	1	1	1	1	1	1	1	1	1							
AC1KRY_004524	AOBS17_30	1	1	1	1	1	1	1	1	1							
AC1KRY_004527	AOBS17_30	1	1	1	1	0	1	0	0	1							
AC1KRY_004531	AOBS17_30	1	1	0	0	1	1	0	0	0							
AC1KRY_004533	AOBS17_30	1	1	1	1	1	1	1	1	1							
AC1KRY_004534	AOBS17_30	1	1	1	1	1	1	1	0	1							
AC1KRY_004537	AOBS17_30	1	1	1	1	1	1	1	1	1							
AC1KRY_004540	AOBS17_30	1	1	1	1	1	1	1	1	1							
AC1KRY_004544	AOBS17_30	1	1	0	0	0	1	0	0	1							
AC1KRY_004551	AOBS17_30	1	1	1	1	1	1	0	1	1							
AC1KRY_004552	AOBS17_30	1	1	1	1	1	1	1	1	1							
AC1KRY_004554	AOBS17_30	1	1	1	1	1	1	1	1	1							
AC1KRY_004555	AOBS17_30	1	1	1	1	1	1	1	1	1							
AC1KRY_004557	AOBS17_30	1	0	1	1	1	1	1	1	1							
AC1KRY_004559	AOBS17_30	1	1	1	1	1	1	1	1	0							
AC1KRY_004562	AOBS17_30	1	1	1	1	1	1	1	1	1							
AC1KRY_004564	AOBS17_30	1	1	1	1	1	1	0	0	1							
AC1KRY_004565	AOBS17_30	1	1	0	0	1	1	0	1	1							
AC1KRY_004566	AOBS17_30	1	1	1	1	1	1	1	1	1							
AC1KRY_004567	AOBS17_30	1	0	0	0	0	1	0	0	0							
AC1KRY_004568	AOBS17_30	1	1	1	1	1	1	0	0	1							
AC1KRY_004569	AOBS17_30	1	1	1	0	1	1	0	1	1							
AC1KRY_004570	AOBS17_30	1	1	1	1	1	1	1	1	1							
AC1KRY_004572	AOBS17_30	1	1	1	1	1	1	1	1	1							
AC1KRY_004574	AOBS17_30	1	1	1	1	1	1	0	1	1							
AC1KRY_004576	AOBS17_30	1	1	1	1	1	1	0	0	1							
AC1KRY_004577	AOBS17_30	1	1	1	1	1	1	1	1	1							
AC1KRY_004582	AOBS17_30	1	1	1	1	1	1	1	1	1							
AC1KRY_004584	AOBS17_30	1	1	1	1	1	1	1	0	1							
AC1KRY_004586	AOBS17_30	1	1	1	1	1	1	1	1	1							
AC1KRY_004587	AOBS17_30	1	1	1	1	1	1	1	0	1							
AC1KRY_004591	AOBS17_30	1	0	0	0	0	1	1	0	0							
AC1KRY_004593	AOBS17_30	1	1	1	1	1	1	1	1	1							
AC1KRY_004598	AOBS17_30	1	1	1	1	1	1	0	1	1							
AC1KRY_004599	AOBS17_30	1	1	1	1	1	1	1	1	1							
AC1KRY_004603	AOBS17_30	1	1	1	1	1	1	0	0	1							
AC1KRY_004604	AOBS17_30	1	1	0	1	0	1	0	0	1							
AC1KRY_004605	AOBS17_30	1	1	1	1	1	1	1	1	1							
AC1KRY_004607	AOBS17_30	1	1	1	1	1	1	0	1	1							
AC1KRY_004609	AOBS17_30	1	1	1	1	1	1	1	1	1							
AC1KRY_004615	AOBS17_30	1	1	1	1	1	1	1	1	1							
AC1KRY_004616	AOBS17_30	1	1	0	1	1	1	1	1	1							
AC1KRY_001110	AOBS17_30	1	1	1	1	1	1	0	0	0							
AC1KRY_001111	AOBS17_30	1	1	1	1	1	1	0	0	1							
AC1KRY_001114	AOBS17_30	1	1	1	1	1	1	0	1	1							
AC1KRY_001115	AOBS17_30	1	1	1	1	1	1	1	1	1							
AC1KRY_001116	AOBS17_30	1	1	1	1	1	1	1	1	1							
AC1KRY_001117	AOBS17_30	1	1	1	1	1	1	1	1	1							
AC1KRY_001118	AOBS17_30	1	1	1	1	1	1	1	1	1							
AC1KRY_001120	AOBS17_30	1	1	1	1	0	1	0	1	1							
AC1KRY_001121	AOBS17_30	1	1	1	1	1	1	1	1	1							
AC1KRY_001123	AOBS17_30	1	1	1	1	1	1	0	0	1							
AC1KRY_001124	AOBS17_30	1	1	1	0	0	1	0	1	0							
AC1KRY_001125	AOBS17_30	1	1	1	1	1	1	0	1	1							
AC1KRY_001126	AOBS17_30	1	1	1	1	1	1	0	0	1							
AC1KRY_001129	AOBS17_30	1	1	1	1	1	1	0	1	1							
AC1KRY_001130	AOBS17_30	1	1	1	1	1	1	1	1	1							
AC1KRY_001132	AOBS17_30	1	1	1	1	1	1	1	1	1							
AC1KRY_001133	AOBS17_30	1	0	0	0	0	1	0	1	0							
AC1KRY_001136	AOBS17_30	1	1	1	1	1	1	1	1	1							
AC1KRY_001139	AOBS17_30	1	1	1	1	1	1	1	1	1							
AC1KRY_001140	AOBS17_30	1	1	1	1	1	1	1	1	1							
AC1KRY_001141	AOBS17_30	1	1	1	1	1	1	1	1	1							
AC1KRY_001143	AOBS17_30	1	1	1	1	1	1	0	1	1							
AC1KRY_001144	AOBS17_30	1	1	0	1	0	1	0	1	0							
AC1KRY_001147	AOBS17_30	1	1	1	1	1	1	1	1	1							
AC1KRY_001148	AOBS17_30	1	1	1	1	1	1	1	1	1							
AC1KRY_001152	AOBS17_30	1	1	0	0	0	1	0	0	0							
AC1KRY_001154	AOBS17_30	1	1	0	0	0	1	1	0	0							
AC1KRY_001159	AOBS17_30	1	1	0	0	0	1	1	1	0							
AC1KRY_001160	AOBS17_30	1	1	1	1	1	1	1	1	1							
AC1KRY_001161	AOBS17_30	1	1	1	1	1	1	0	0	1							
AC1KRY_001163	AOBS17_30	1	1	1	1	1	1	1	1	1							
AC1KRY_001168	AOBS17_30	1	1	1	1	1	1	1	1	1							
AC1KRY_001173	AOBS17_30	1	1	1	1	1	1	1	1	1							
AC1KRY_001174	AOBS17_30	1	1	1	1	1	1	1	1	1							
AC1KRY_001175	AOBS17_30	1	0	1	1	1	1	1	1	1							
AC1KRY_001176	AOBS17_30	1	1	1	0	1	1	1	1	1							
AC1KRY_001177	AOBS17_30	1	1	1	1	1	1	1	1	1							
AC1KRY_001178	AOBS17_30	1	1	1	0	0	1	1	0	1							
AC1KRY_001180	AOBS17_30	1	0	0	0	0	1	0	1	0							
AC1KRY_001183	AOBS17_30	1	0	1	1	1	1	1	1	1							
AC1KRY_001187	AOBS17_30	1	1	1	1	1	1	1	1	1							
AC1KRY_001192	AOBS17_30	1	0	0	0	0	1	0	1	0							
AC1KRY_001193	AOBS17_30	1	1	1	1	1	1	1	1	1							
AC1KRY_001195	AOBS17_30	1	1	1	1	1	1	1	1	1							
AC1KRY_001196	AOBS17_30	1	1	1	1	1	1	1	1	1							
AC1KRY_001200	AOBS17_30	1	1	1	1	1	1	1	1	1							
AC1KRY_001204	AOBS17_30	1	1	1	1	1	1	1	1	1							
AC1KRY_004622	AOBS17_30	1	1	1	1	1	1	1	1	1							
AC1KRY_004624	AOBS17_30	1	1	1	0	1	1	1	0	1							
AC1KRY_004629	AOBS17_30	1	1	1	0	0	1	0	1	1							
AC1KRY_004630	AOBS17_30	1	0	1	1	1	1	1	1	1							
AC1KRY_004631	AOBS17_30	1	1	1	0	1	1	1	1	1							
AC1KRY_004639	AOBS17_30	1	0	1	1	1	1	0	0	0							
AC1KRY_004640	AOBS17_30	1	0	1	1	1	1	0	1	1							
AC1KRY_004642	AOBS17_30	1	0	1	1	1	1	1	1	1							
AC1KRY_004643	AOBS17_30	1	0	1	1	1	1	1	1	1							
AC1KRY_004644	AOBS17_30	1	0	1	1	1	1	1	1	1							
AC1KRY_004649	AOBS17_30	1	0	1	1	1	1	1	1	1							
AC1KRY_004650	AOBS17_30	1	0	1	1	1	1	0	1	1							
AC1KRY_004653	AOBS17_30	1	0	1	1	1	1	1	1	1							
AC1KRY_004656	AOBS17_30	1	0	1	1	1	1	0	0	0							
AC1KRY_004657	AOBS17_30	1	0	0	0	0	1	0	0	0							
AC1KRY_004659	AOBS17_30	1	0	1	1	1	1	1	1	1							
AC1KRY_004660	AOBS17_30	1	0	1	1	1	1	1	0	1							
AC1KRY_004662	AOBS17_30	1	1	1	1	1	1	1	1	0							
AC1KRY_004664	AOBS17_30	1	1	1	1	1	1	1	1	1							
AC1KRY_004665	AOBS17_30	1	1	1	1	1	1	1	1	1							
AC1KRY_004667	AOBS17_30	1	1	1	1	1	1	1	1	1							
AC1KRY_004671	AOBS17_30	1	1	1	1	1	1	0	1	1							
AC1KRY_004673	AOBS17_30	1	1	1	1	1	1	1	1	1							
AC1KRY_004674	AOBS17_30	1	1	1	1	1	1	1	1	1							
AC1KRY_004675	AOBS17_30	1	1	1	1	1	1	1	1	1							
AC1KRY_004677	AOBS17_30	1	1	1	1	1	1	1	1	1							
AC1KRY_004678	AOBS17_30	1	1	1	1	1	1	1	1	1							
AC1KRY_004683	AOBS17_30	1	1	1	1	1	1	1	1	1							
AC1KRY_004685	AOBS17_30	1	1	1	1	1	1	1	1	1							
AC1KRY_004687	AOBS17_30	1	1	1	1	1	1	0	0	1							
AC1KRY_004689	AOBS17_30	1	1	1	1	1	1	1	0	1							
AC1KRY_004690	AOBS17_30	1	1	1	1	1	1	1	1	1							
AC1KRY_004691	AOBS17_30	1	1	1	1	1	1	1	0	1							
AC1KRY_004693	AOBS17_30	1	1	1	1	1	1	1	1	1							
AC1KRY_004694	AOBS17_30	1	1	1	1	1	1	1	1	0							
AC1KRY_004697	AOBS17_30	1	1	1	1	1	1	1	1	1							
AC1KRY_004701	AOBS17_30	1	1	0	0	0	1	0	0	0							
AC1KRY_004714	AOBS17_30	1	1	1	1	1	1	1	1	1							
AC1KRY_004718	AOBS17_30	1	1	1	1	1	1	0	0	1							
AC1KRY_004729	AOBS17_30	1	1	1	1	1	1	1	1	1							
AC1KRY_004731	AOBS17_30	1	0	1	1	1	1	0	1	1							
AC1KRY_004733	AOBS17_30	1	0	1	1	1	1	1	1	1							
AC1KRY_004734	AOBS17_30	1	1	1	1	1	1	1	1	1							
AC1KRY_004735	AOBS17_30	1	1	1	1	1	1	1	1	1							
AC1KRY_004736	AOBS17_30	1	1	1	1	1	1	1	1	1							
AC1KRY_004737	AOBS17_30	1	1	0	1	1	1	0	0	1							
AC1KRY_004740	AOBS17_30	1	1	1	1	1	1	1	1	1							
AC1KRY_004743	AOBS17_30	1	1	1	1	1	1	1	0	1							
AC1KRY_004747	AOBS17_30	1	1	1	1	1	1	1	1	1							
AC1KRY_004748	AOBS17_30	1	1	1	1	1	1	0	1	1							
AC1KRY_004763	AOBS17_30	1	0	0	0	0	1	0	1	0							
AC1KRY_004765	AOBS17_30	1	1	1	1	1	1	0	1	1							
AC1KRY_004766	AOBS17_30	1	0	1	0	0	1	0	1	0							
AC1KRY_004767	AOBS17_30	1	1	1	1	1	1	0	0	1							
AC1KRY_004768	AOBS17_30	1	0	1	1	1	1	1	1	1							
AC1KRY_004769	AOBS17_30	1	1	1	1	1	1	1	0	1							
AC1KRY_004771	AOBS17_30	1	0	0	0	0	1	0	0	0							
AC1KRY_004773	AOBS17_30	1	1	1	0	1	1	0	0	1							
AC1KRY_004774	AOBS17_30	1	1	1	1	1	1	1	1	1							
AC1KRY_004775	AOBS17_30	1	1	1	1	1	1	1	1	1							
AC1KRY_004781	AOBS17_30	1	1	1	1	1	1	1	1	1							
AC1KRY_004787	AOBS17_30	1	1	1	0	0	1	0	1	0							
AC1KRY_004791	AOBS17_30	1	0	1	0	0	1	0	0	0							
AC1KRY_001210	AOBS17_30	1	1	0	0	0	1	0	1	1							
AC1KRY_001211	AOBS17_30	1	1	1	1	1	1	1	1	1							
AC1KRY_001212	AOBS17_30	1	1	1	0	1	1	0	0	1							
AC1KRY_001215	AOBS17_30	1	1	0	0	0	1	0	0	0							
AC1KRY_001217	AOBS17_30	1	0	0	0	0	1	0	0	0							
AC1KRY_001222	AOBS17_30	1	1	1	1	1	1	1	1	1							
AC1KRY_001223	AOBS17_30	1	1	1	1	1	1	1	1	1							
AC1KRY_001224	AOBS17_30	1	1	0	0	1	1	1	1	1							
AC1KRY_001225	AOBS17_30	1	1	1	1	1	1	0	1	1							
AC1KRY_001227	AOBS17_30	1	1	1	1	1	1	1	1	1							
AC1KRY_001228	AOBS17_30	1	1	1	1	1	1	1	1	1							
AC1KRY_001230	AOBS17_30	1	0	1	1	1	1	1	1	1							
AC1KRY_001232	AOBS17_30	1	1	1	1	1	1	1	1	1							
AC1KRY_001235	AOBS17_30	1	1	1	1	1	1	1	1	1							
AC1KRY_001236	AOBS17_30	1	1	1	1	1	1	1	1	1							
AC1KRY_001238	AOBS17_30	1	1	1	1	1	1	0	1	0							
AC1KRY_001239	AOBS17_30	1	1	1	1	1	1	1	1	1							
AC1KRY_001241	AOBS17_30	1	1	1	1	1	1	1	1	1							
AC1KRY_001242	AOBS17_30	1	1	1	1	1	1	1	1	1							
AC1KRY_001244	AOBS17_30	1	1	1	1	1	1	1	1	1							
AC1KRY_001247	AOBS17_30	1	1	1	1	1	1	1	1	1							
AC1KRY_001255	AOBS17_30	1	1	1	1	1	1	1	1	1							
AC1KRY_001256	AOBS17_30	1	1	1	1	1	1	1	0	1							
AC1KRY_001258	AOBS17_30	1	1	1	1	1	1	1	1	1							
AC1KRY_001260	AOBS17_30	1	1	0	1	0	1	0	0	1							
AC1KRY_001263	AOBS17_30	1	1	0	0	0	1	0	0	0							
AC1KRY_001264	AOBS17_30	1	1	1	1	1	1	1	1	1							
AC1KRY_001276	AOBS17_30	1	1	1	1	1	1	0	0	1							
AC1KRY_001279	AOBS17_30	1	1	1	1	1	1	0	1	1							
AC1KRY_001280	AOBS17_30	1	1	0	0	1	1	0	0	1							
AC1KRY_001281	AOBS17_30	1	1	0	0	0	1	1	1	0							
AC1KRY_001283	AOBS17_30	1	0	0	0	0	1	0	0	0							
AC1KRY_001286	AOBS17_30	1	1	0	0	0	1	0	0	0							
AC1KRY_001287	AOBS17_30	1	1	1	1	1	1	1	0	1							
AC1KRY_001289	AOBS17_30	1	1	1	1	1	1	1	1	1							
AC1KRY_001290	AOBS17_30	1	1	1	0	1	1	0	0	1							
AC1KRY_001291	AOBS17_30	1	1	1	1	1	1	0	0	1							
AC1KRY_001295	AOBS17_30	1	1	1	1	1	1	1	1	1							
AC1KRY_001297	AOBS17_30	1	1	1	1	1	1	1	0	1							
AC1KRY_004793	AOBS17_30	1	1	1	1	1	1	1	1	1							
AC1KRY_004794	AOBS17_30	1	1	1	1	1	1	0	1	1							
AC1KRY_004797	AOBS17_30	1	1	1	1	1	1	1	1	1							
AC1KRY_004798	AOBS17_30	1	1	1	1	0	1	0	0	1							
AC1KRY_004805	AOBS17_30	1	1	1	1	1	1	0	0	1							
AC1KRY_004806	AOBS17_30	1	1	1	1	1	1	0	1	1							
AC1KRY_004812	AOBS17_30	1	1	1	1	1	1	1	1	1							
AC1KRY_004814	AOBS17_30	1	1	1	1	1	1	1	1	1							
AC1KRY_004815	AOBS17_30	1	1	1	1	1	1	1	1	1							
AC1KRY_004817	AOBS17_30	1	1	1	1	1	1	1	1	1							
AC1KRY_004820	AOBS17_30	1	1	1	1	1	1	1	1	1							
AC1KRY_004821	AOBS17_30	1	1	1	1	1	1	1	1	1							
AC1KRY_004823	AOBS17_30	1	0	0	1	1	1	1	1	1							
AC1KRY_004836	AOBS17_30	1	1	1	0	1	1	1	1	1							
AC1KRY_004837	AOBS17_30	1	1	0	0	0	1	0	0	0							
AC1KRY_004838	AOBS17_30	1	0	1	1	0	1	1	1	0							
AC1KRY_004841	AOBS17_30	1	1	1	1	1	1	1	1	1							
AC1KRY_004844	AOBS17_30	1	1	1	1	0	1	0	0	0							
AC1KRY_004847	AOBS17_30	1	1	1	0	1	1	1	1	1							
AC1KRY_004848	AOBS17_30	1	1	1	1	1	1	1	1	1							
AC1KRY_004849	AOBS17_30	1	1	1	1	1	1	1	1	1							
AC1KRY_004850	AOBS17_30	1	1	1	1	1	1	1	1	1							
AC1KRY_004851	AOBS17_30	1	1	1	1	1	1	0	0	1							
AC1KRY_004853	AOBS17_30	1	1	0	0	1	1	0	0	0							
AC1KRY_004854	AOBS17_30	1	1	0	0	0	1	1	0	0							
AC1KRY_004858	AOBS17_30	1	1	1	1	1	1	0	0	1							
AC1KRY_004859	AOBS17_30	1	1	1	1	1	1	0	1	1							
AC1KRY_004860	AOBS17_30	1	1	1	1	1	1	1	0	1							
AC1KRY_004871	AOBS17_30	1	0	0	0	0	1	0	0	0							
AC1KRY_004874	AOBS17_30	1	1	1	1	1	1	1	0	1							
AC1KRY_004875	AOBS17_30	1	1	1	1	1	1	1	1	1							
AC1KRY_004877	AOBS17_30	1	1	1	1	1	1	1	1	1							
AC1KRY_004878	AOBS17_30	1	0	0	0	0	1	0	0	0							
AC1KRY_004879	AOBS17_30	1	1	1	1	1	1	1	1	1							
AC1KRY_004881	AOBS17_30	1	1	1	1	1	1	0	0	1							
AC1KRY_004888	AOBS17_30	1	0	0	0	0	1	0	0	0							
AC1KRY_004889	AOBS17_30	1	1	1	1	1	1	1	1	1							
AC1KRY_004890	AOBS17_30	1	1	1	1	1	1	1	1	1							
AC1KRY_004892	AOBS17_30	1	1	1	1	1	1	1	1	1							
AC1KRY_004893	AOBS17_30	1	1	1	1	1	1	1	1	1							
AC1KRY_004895	AOBS17_30	1	1	1	1	1	1	1	1	1							
AC1KRY_004896	AOBS17_30	1	1	1	0	1	1	1	1	0							
AC1KRY_004901	AOBS17_30	1	0	0	0	0	1	0	0	0							
AC1KRY_004903	AOBS17_30	1	1	1	1	1	1	1	1	1							
AC1KRZ_000003	AOBS82_9	1	1	1	1	1	1	0	1	0							
AC1KRZ_000004	AOBS82_9	1	1	1	1	1	1	0	0	1							
AC1KRZ_000007	AOBS82_9	1	1	1	1	1	1	0	1	1							
AC1KRZ_000008	AOBS82_9	1	1	1	1	1	1	1	1	1							
AC1KRZ_000009	AOBS82_9	1	1	1	1	1	1	1	1	1							
AC1KRZ_000010	AOBS82_9	1	1	1	1	1	1	1	1	1							
AC1KRZ_000011	AOBS82_9	1	1	1	1	1	1	1	1	1							
AC1KRZ_000013	AOBS82_9	1	1	1	1	0	1	0	1	1							
AC1KRZ_000014	AOBS82_9	1	1	1	1	1	1	1	1	1							
AC1KRZ_000016	AOBS82_9	1	1	1	1	1	1	0	0	1							
AC1KRZ_000017	AOBS82_9	1	1	1	0	0	1	0	1	0							
AC1KRZ_000018	AOBS82_9	1	1	1	1	1	1	0	1	1							
AC1KRZ_000021	AOBS82_9	1	1	1	1	1	1	0	1	1							
AC1KRZ_000022	AOBS82_9	1	1	1	1	1	1	1	1	1							
AC1KRZ_000024	AOBS82_9	1	1	1	1	1	1	1	1	1							
AC1KRZ_000025	AOBS82_9	0	1	0	0	0	1	0	1	0							
AC1KRZ_000030	AOBS82_9	1	1	1	1	1	1	1	1	1							
AC1KRZ_000031	AOBS82_9	1	1	1	1	1	1	1	1	1							
AC1KRZ_000033	AOBS82_9	1	1	1	1	1	1	0	1	1							
AC1KRZ_000034	AOBS82_9	1	1	0	1	0	1	0	1	0							
AC1KRZ_000036	AOBS82_9	1	1	1	1	1	1	1	1	1							
AC1KRZ_000037	AOBS82_9	1	1	1	1	1	1	1	1	1							
AC1KRZ_000038	AOBS82_9	1	1	1	1	1	1	1	1	1							
AC1KRZ_000041	AOBS82_9	1	1	0	0	0	1	0	0	0							
AC1KRZ_000045	AOBS82_9	0	1	1	1	1	1	1	1	0							
AC1KRZ_000048	AOBS82_9	1	1	0	0	0	1	1	1	0							
AC1KRZ_000049	AOBS82_9	1	1	1	1	1	1	1	1	1							
AC1KRZ_000051	AOBS82_9	1	1	1	1	1	1	1	1	1							
AC1KRZ_000056	AOBS82_9	1	1	1	1	1	1	1	1	1							
AC1KRZ_000061	AOBS82_9	1	1	1	1	1	1	1	1	1							
AC1KRZ_000062	AOBS82_9	1	1	1	1	1	1	1	1	1							
AC1KRZ_000063	AOBS82_9	0	1	1	1	1	1	1	1	1							
AC1KRZ_000064	AOBS82_9	1	1	1	0	1	1	1	1	1							
AC1KRZ_000065	AOBS82_9	1	1	1	1	1	1	1	1	1							
AC1KRZ_000066	AOBS82_9	1	1	1	0	0	1	1	0	1							
AC1KRZ_000068	AOBS82_9	0	1	0	0	0	1	0	1	0							
AC1KRZ_000071	AOBS82_9	0	1	1	1	1	1	1	1	1							
AC1KRZ_000075	AOBS82_9	1	1	1	1	1	1	1	1	1							
AC1KRZ_000081	AOBS82_9	0	1	0	0	0	1	0	1	0							
AC1KRZ_000082	AOBS82_9	1	1	1	1	1	1	1	1	1							
AC1KRZ_000084	AOBS82_9	1	1	1	1	1	1	1	1	1							
AC1KRZ_000085	AOBS82_9	1	1	1	1	1	1	1	1	1							
AC1KRZ_000089	AOBS82_9	1	1	1	1	1	1	1	1	1							
AC1KRZ_000093	AOBS82_9	1	1	1	1	1	1	1	1	1							
AC1KRZ_000098	AOBS82_9	1	1	1	1	1	1	1	1	1							
AC1KRZ_000102	AOBS82_9	1	1	0	0	0	1	0	0	1							
AC1KRZ_000103	AOBS82_9	1	1	1	1	1	1	1	1	1							
AC1KRZ_000104	AOBS82_9	1	1	1	1	1	1	1	1	1							
AC1KRZ_000115	AOBS82_9	1	1	1	1	1	1	1	1	1							
AC1KRZ_000116	AOBS82_9	0	1	1	0	1	1	1	0	0							
AC1KRZ_000119	AOBS82_9	1	1	1	1	1	1	0	1	1							
AC1KRZ_000123	AOBS82_9	1	1	1	0	1	1	0	1	1							
AC1KRZ_000124	AOBS82_9	1	1	1	1	1	1	1	1	1							
AC1KRZ_000126	AOBS82_9	1	1	0	1	0	1	1	1	0							
AC1KRZ_000135	AOBS82_9	1	1	1	1	1	1	1	1	1							
AC1KRZ_000140	AOBS82_9	1	1	1	1	1	1	1	1	1							
AC1KRZ_000144	AOBS82_9	0	1	0	0	0	1	0	0	0							
AC1KRZ_000145	AOBS82_9	1	1	0	0	0	1	1	1	0							
AC1KRZ_000147	AOBS82_9	1	1	1	1	1	1	1	1	1							
AC1KRZ_000149	AOBS82_9	1	1	1	1	1	1	0	1	1							
AC1KRZ_000150	AOBS82_9	1	1	1	1	1	1	1	1	1							
AC1KRZ_000151	AOBS82_9	1	1	1	1	0	1	1	1	0							
AC1KRZ_000152	AOBS82_9	1	1	1	1	1	1	0	1	1							
AC1KRZ_000154	AOBS82_9	1	1	1	1	1	1	1	1	1							
AC1KRZ_000157	AOBS82_9	1	1	1	1	1	1	1	1	1							
AC1KRZ_000158	AOBS82_9	1	1	1	1	1	1	1	1	1							
AC1KRZ_000161	AOBS82_9	1	1	1	1	1	1	1	1	1							
AC1KRZ_000162	AOBS82_9	1	1	1	1	1	1	0	1	1							
AC1KRZ_000163	AOBS82_9	1	1	1	0	1	1	0	1	0							
AC1KRZ_000165	AOBS82_9	1	1	1	1	1	1	1	1	1							
AC1KRZ_000170	AOBS82_9	0	1	0	0	1	1	1	1	0							
AC1KRZ_000174	AOBS82_9	0	1	1	1	0	1	1	1	0							
AC1KRZ_000177	AOBS82_9	1	1	1	1	1	1	1	0	1							
AC1KRZ_000179	AOBS82_9	1	1	1	0	1	1	1	1	1							
AC1KRZ_000180	AOBS82_9	1	1	1	1	1	1	1	1	1							
AC1KRZ_000181	AOBS82_9	1	1	1	1	1	1	1	1	1							
AC1KRZ_000182	AOBS82_9	1	1	1	1	1	1	1	1	1							
AC1KRZ_000183	AOBS82_9	0	1	0	0	0	1	1	1	0							
AC1KRZ_000184	AOBS82_9	1	1	1	1	1	1	1	1	1							
AC1KRZ_000186	AOBS82_9	1	1	1	1	1	1	1	1	1							
AC1KRZ_000187	AOBS82_9	1	1	1	1	1	1	1	1	1							
AC1KRZ_000190	AOBS82_9	1	1	1	1	1	1	1	1	1							
AC1KRZ_000194	AOBS82_9	1	1	1	1	1	1	0	0	1							
AC1KRZ_000196	AOBS82_9	1	1	1	1	1	1	1	1	1							
AC1KRZ_000197	AOBS82_9	0	1	0	0	0	1	1	1	1							
AC1KRZ_000198	AOBS82_9	1	1	1	1	1	1	1	1	1							
AC1KRZ_000200	AOBS82_9	1	1	1	1	1	1	1	1	1							
AC1KRZ_000203	AOBS82_9	1	1	0	0	0	1	0	1	0							
AC1KRZ_000206	AOBS82_9	1	1	0	0	1	1	0	1	1							
AC1KRZ_000207	AOBS82_9	1	1	1	1	1	1	0	1	1							
AC1KRZ_000210	AOBS82_9	1	1	1	1	1	1	1	1	1							
AC1KRZ_000213	AOBS82_9	1	1	1	1	1	1	0	0	1							
AC1KRZ_000214	AOBS82_9	1	1	1	1	1	1	1	1	1							
AC1KRZ_000215	AOBS82_9	1	1	1	1	1	1	1	1	1							
AC1KRZ_000216	AOBS82_9	1	1	1	1	1	1	1	1	1							
AC1KRZ_000226	AOBS82_9	1	1	1	1	1	1	1	1	1							
AC1KRZ_000228	AOBS82_9	1	1	0	0	0	1	0	0	0							
AC1KRZ_000229	AOBS82_9	1	1	1	1	1	1	1	1	1							
AC1KRZ_000230	AOBS82_9	1	1	1	1	0	1	0	1	1							
AC1KRZ_000231	AOBS82_9	1	1	1	1	1	1	1	1	1							
AC1KRZ_000233	AOBS82_9	1	1	1	1	1	1	1	1	1							
AC1KRZ_000234	AOBS82_9	1	1	0	0	0	1	1	1	0							
AC1KRZ_000235	AOBS82_9	1	1	1	1	1	1	1	1	1							
AC1KRZ_000236	AOBS82_9	1	1	1	1	1	1	0	0	1							
AC1KRZ_000237	AOBS82_9	1	1	1	1	1	1	0	1	1							
AC1KRZ_000238	AOBS82_9	1	1	1	1	1	1	1	1	1							
AC1KRZ_000244	AOBS82_9	1	1	1	1	1	1	1	1	1							
AC1KRZ_000247	AOBS82_9	1	1	1	1	1	1	0	1	1							
AC1KRZ_001634	AOBS82_9	1	1	1	1	1	1	1	1	1							
AC1KRZ_001635	AOBS82_9	1	1	1	1	1	1	0	1	1							
AC1KRZ_001637	AOBS82_9	1	1	1	1	1	1	1	1	1							
AC1KRZ_001638	AOBS82_9	1	1	1	1	1	1	1	1	1							
AC1KRZ_001640	AOBS82_9	1	1	1	1	1	1	1	1	1							
AC1KRZ_001641	AOBS82_9	1	1	1	1	1	1	0	1	1							
AC1KRZ_001642	AOBS82_9	1	1	0	0	0	1	0	0	0							
AC1KRZ_001645	AOBS82_9	1	1	0	0	0	1	1	0	0							
AC1KRZ_001646	AOBS82_9	1	1	1	1	1	1	1	1	1							
AC1KRZ_001647	AOBS82_9	1	1	1	1	1	1	1	1	1							
AC1KRZ_001648	AOBS82_9	0	1	1	1	1	1	1	1	1							
AC1KRZ_001649	AOBS82_9	1	1	1	1	1	1	1	1	1							
AC1KRZ_001650	AOBS82_9	1	1	1	1	1	1	1	1	1							
AC1KRZ_001653	AOBS82_9	1	1	1	1	1	1	1	1	1							
AC1KRZ_001655	AOBS82_9	1	1	1	1	1	1	1	1	1							
AC1KRZ_001657	AOBS82_9	1	1	1	1	1	1	0	1	1							
AC1KRZ_001658	AOBS82_9	1	1	1	0	1	1	1	1	1							
AC1KRZ_001659	AOBS82_9	1	1	1	1	1	1	1	1	1							
AC1KRZ_001660	AOBS82_9	1	1	1	1	1	1	1	1	1							
AC1KRZ_001669	AOBS82_9	1	1	1	1	1	1	0	1	1							
AC1KRZ_001677	AOBS82_9	0	1	0	0	0	1	0	0	0							
AC1KRZ_001681	AOBS82_9	1	1	1	1	1	1	0	0	0							
AC1KRZ_001685	AOBS82_9	1	1	1	0	1	1	1	1	0							
AC1KRZ_001689	AOBS82_9	1	1	1	1	1	1	1	1	1							
AC1KRZ_001691	AOBS82_9	0	1	1	1	1	1	1	1	1							
AC1KRZ_001697	AOBS82_9	1	1	1	1	1	1	1	1	1							
AC1KRZ_001700	AOBS82_9	1	1	0	0	0	1	0	1	0							
AC1KRZ_001701	AOBS82_9	1	1	1	1	1	1	1	1	1							
AC1KRZ_001704	AOBS82_9	1	1	1	0	1	1	1	0	1							
AC1KRZ_001705	AOBS82_9	0	1	0	0	1	1	0	1	0							
AC1KRZ_001706	AOBS82_9	1	1	1	1	1	1	1	1	1							
AC1KRZ_001707	AOBS82_9	1	1	0	1	0	1	0	0	1							
AC1KRZ_001708	AOBS82_9	1	1	1	1	0	1	0	1	1							
AC1KRZ_001712	AOBS82_9	1	1	1	1	1	1	1	1	1							
AC1KRZ_001717	AOBS82_9	0	1	1	1	1	1	1	1	1							
AC1KRZ_001719	AOBS82_9	1	1	1	1	1	1	0	0	1							
AC1KRZ_001720	AOBS82_9	1	1	1	1	1	1	0	1	1							
AC1KRZ_001725	AOBS82_9	1	1	0	0	0	1	0	0	0							
AC1KRZ_001726	AOBS82_9	1	1	1	1	1	1	0	1	1							
AC1KRZ_001729	AOBS82_9	1	1	1	1	1	1	1	1	1							
AC1KRZ_001737	AOBS82_9	1	1	1	1	1	1	0	1	1							
AC1KRZ_001738	AOBS82_9	1	1	1	1	1	1	1	1	1							
AC1KRZ_001740	AOBS82_9	0	1	0	0	0	1	1	0	0							
AC1KRZ_001747	AOBS82_9	1	1	1	1	0	1	0	1	1							
AC1KRZ_001748	AOBS82_9	1	1	1	1	1	1	1	1	1							
AC1KRZ_001749	AOBS82_9	1	1	1	1	1	1	1	1	1							
AC1KRZ_001752	AOBS82_9	1	1	1	1	1	1	1	1	1							
AC1KRZ_001757	AOBS82_9	1	1	1	1	1	1	1	1	1							
AC1KRZ_001760	AOBS82_9	1	1	1	1	1	1	1	1	0							
AC1KRZ_001762	AOBS82_9	1	1	1	1	1	1	1	1	1							
AC1KRZ_001764	AOBS82_9	0	1	0	0	0	1	0	0	0							
AC1KRZ_001765	AOBS82_9	1	1	1	1	1	1	0	1	1							
AC1KRZ_001766	AOBS82_9	1	1	0	0	0	1	0	0	0							
AC1KRZ_001767	AOBS82_9	0	1	1	1	1	1	1	1	1							
AC1KRZ_001769	AOBS82_9	0	1	0	0	1	1	1	1	1							
AC1KRZ_001771	AOBS82_9	1	1	1	1	1	1	0	1	1							
AC1KRZ_001778	AOBS82_9	1	1	1	1	1	1	1	1	1							
AC1KRZ_001779	AOBS82_9	1	1	1	1	1	1	0	0	1							
AC1KRZ_001780	AOBS82_9	1	1	1	1	1	1	0	1	1							
AC1KRZ_001782	AOBS82_9	1	1	1	1	1	1	1	1	1							
AC1KRZ_001784	AOBS82_9	1	1	1	1	1	1	1	1	1							
AC1KRZ_001786	AOBS82_9	1	1	1	0	1	1	0	1	1							
AC1KRZ_001787	AOBS82_9	1	1	1	1	1	1	0	0	1							
AC1KRZ_001788	AOBS82_9	0	1	0	0	0	1	0	0	0							
AC1KRZ_001789	AOBS82_9	1	1	1	1	1	1	1	1	1							
AC1KRZ_001790	AOBS82_9	1	1	0	0	1	1	0	1	1							
AC1KRZ_001791	AOBS82_9	1	1	1	1	1	1	0	0	1							
AC1KRZ_001793	AOBS82_9	1	1	1	1	1	1	1	1	1							
AC1KRZ_001796	AOBS82_9	1	1	1	1	1	1	1	1	0							
AC1KRZ_001798	AOBS82_9	0	1	1	1	1	1	1	1	1							
AC1KRZ_001802	AOBS82_9	1	1	1	1	1	1	1	1	1							
AC1KRZ_001803	AOBS82_9	1	1	1	1	1	1	1	1	1							
AC1KRZ_001806	AOBS82_9	0	1	0	0	0	1	1	1	0							
AC1KRZ_001807	AOBS82_9	1	1	1	1	1	1	0	1	1							
AC1KRZ_001809	AOBS82_9	1	1	1	1	1	1	1	1	1							
AC1KRZ_001812	AOBS82_9	1	1	1	1	1	1	1	1	1							
AC1KRZ_001813	AOBS82_9	1	1	1	1	1	1	1	0	1							
AC1KRZ_001815	AOBS82_9	1	1	1	1	1	1	1	1	1							
AC1KRZ_001816	AOBS82_9	1	1	1	1	1	1	1	1	1							
AC1KRZ_001818	AOBS82_9	1	1	1	1	1	1	1	1	1							
AC1KRZ_001819	AOBS82_9	0	1	0	0	0	1	0	0	0							
AC1KRZ_001820	AOBS82_9	1	1	1	1	1	1	1	1	1							
AC1KRZ_001824	AOBS82_9	1	1	1	1	1	1	1	1	1							
AC1KRZ_001825	AOBS82_9	1	1	0	0	0	1	1	0	0							
AC1KRZ_001830	AOBS82_9	1	1	1	1	1	1	1	1	1							
AC1KRZ_001832	AOBS82_9	1	1	1	1	1	1	1	1	1							
AC1KRZ_001834	AOBS82_9	1	1	1	1	1	1	1	1	1							
AC1KRZ_001837	AOBS82_9	1	1	1	1	1	1	1	1	1							
AC1KRZ_001841	AOBS82_9	1	1	1	1	1	1	1	1	1							
AC1KRZ_001842	AOBS82_9	1	1	1	1	1	1	1	1	1							
AC1KRZ_001843	AOBS82_9	1	1	1	1	1	1	1	1	1							
AC1KRZ_001847	AOBS82_9	1	1	1	1	1	1	1	1	1							
AC1KRZ_001848	AOBS82_9	1	1	1	1	1	1	0	1	1							
AC1KRZ_001849	AOBS82_9	1	1	1	1	1	1	1	1	1							
AC1KRZ_001850	AOBS82_9	0	1	1	1	1	1	0	0	1							
AC1KRZ_001851	AOBS82_9	1	1	1	1	1	1	1	1	1							
AC1KRZ_001858	AOBS82_9	1	1	1	1	1	1	1	1	1							
AC1KRZ_001860	AOBS82_9	1	1	1	1	1	1	0	0	1							
AC1KRZ_001868	AOBS82_9	1	1	0	0	0	1	0	0	0							
AC1KRZ_001878	AOBS82_9	1	1	0	0	0	1	0	1	0							
AC1KRZ_001894	AOBS82_9	0	1	0	0	0	1	1	1	0							
AC1KRZ_001899	AOBS82_9	1	1	1	1	1	1	1	0	1							
AC1KRZ_001902	AOBS82_9	1	1	1	1	1	1	1	1	1							
AC1KRZ_001904	AOBS82_9	1	1	1	1	1	1	1	1	1							
AC1KRZ_001909	AOBS82_9	1	1	1	1	1	1	1	1	1							
AC1KRZ_001921	AOBS82_9	1	1	1	1	1	1	1	1	1							
AC1KRZ_001924	AOBS82_9	1	1	0	0	0	1	0	1	0							
AC1KRZ_001928	AOBS82_9	1	1	1	1	1	1	1	0	1							
AC1KRZ_001929	AOBS82_9	1	1	1	1	1	1	1	1	1							
AC1KRZ_001932	AOBS82_9	1	1	1	1	1	1	1	1	1							
AC1KRZ_001933	AOBS82_9	1	1	1	1	1	1	1	1	1							
AC1KRZ_001934	AOBS82_9	1	1	0	0	0	1	0	0	0							
AC1KRZ_001936	AOBS82_9	1	1	0	0	0	1	1	0	0							
AC1KRZ_001937	AOBS82_9	1	1	1	1	1	1	1	1	1							
AC1KRZ_001938	AOBS82_9	1	1	1	1	1	1	1	1	1							
AC1KRZ_001939	AOBS82_9	1	1	1	1	1	1	0	1	0							
AC1KRZ_001941	AOBS82_9	1	1	1	1	1	1	1	1	1							
AC1KRZ_001942	AOBS82_9	1	1	1	1	1	1	1	1	1							
AC1KRZ_001950	AOBS82_9	1	1	1	1	1	1	1	1	1							
AC1KRZ_001951	AOBS82_9	1	1	1	1	1	1	1	1	1							
AC1KRZ_001960	AOBS82_9	1	1	0	0	0	1	1	0	1							
AC1KRZ_001961	AOBS82_9	1	1	1	1	1	1	1	1	1							
AC1KRZ_001964	AOBS82_9	1	1	1	1	0	1	0	1	1							
AC1KRZ_001965	AOBS82_9	0	1	1	1	0	1	1	1	1							
AC1KRZ_001966	AOBS82_9	1	1	1	0	1	1	0	0	1							
AC1KRZ_001967	AOBS82_9	1	1	1	1	1	1	0	1	1							
AC1KRZ_001972	AOBS82_9	1	1	1	1	1	1	0	1	1							
AC1KRZ_001974	AOBS82_9	1	1	1	1	1	1	1	1	1							
AC1KRZ_001975	AOBS82_9	1	1	1	1	1	1	1	1	1							
AC1KRZ_001981	AOBS82_9	1	1	1	1	1	1	1	1	1							
AC1KRZ_001982	AOBS82_9	1	1	0	0	1	1	0	0	0							
AC1KRZ_001983	AOBS82_9	1	1	1	1	1	1	1	1	1							
AC1KRZ_001986	AOBS82_9	1	1	1	1	1	1	0	0	0							
AC1KRZ_001989	AOBS82_9	1	1	1	1	1	1	1	1	1							
AC1KRZ_001990	AOBS82_9	1	1	1	1	1	1	1	1	1							
AC1KRZ_001991	AOBS82_9	1	1	1	1	1	1	0	0	1							
AC1KRZ_001995	AOBS82_9	1	1	1	1	1	1	1	1	1							
AC1KRZ_002002	AOBS82_9	1	1	1	1	1	1	1	1	1							
AC1KRZ_002003	AOBS82_9	1	1	1	1	1	1	0	1	1							
AC1KRZ_002004	AOBS82_9	1	1	1	1	1	1	1	1	1							
AC1KRZ_002005	AOBS82_9	0	1	0	0	1	1	1	1	1							
AC1KRZ_002009	AOBS82_9	1	1	0	1	1	1	0	0	1							
AC1KRZ_002011	AOBS82_9	1	1	1	1	1	1	1	1	1							
AC1KRZ_002017	AOBS82_9	0	1	0	0	1	1	0	0	0							
AC1KRZ_002028	AOBS82_9	1	1	1	1	1	1	0	1	1							
AC1KRZ_002029	AOBS82_9	1	1	1	1	1	1	1	1	1							
AC1KRZ_002033	AOBS82_9	1	1	1	1	1	1	1	1	1							
AC1KRZ_002034	AOBS82_9	1	1	1	1	1	1	1	1	1							
AC1KRZ_002036	AOBS82_9	1	1	0	0	0	1	0	0	0							
AC1KRZ_002037	AOBS82_9	1	1	1	1	1	1	1	1	1							
AC1KRZ_002040	AOBS82_9	1	1	1	1	1	1	1	1	1							
AC1KRZ_002041	AOBS82_9	0	1	1	1	1	1	1	1	1							
AC1KRZ_002043	AOBS82_9	1	1	1	1	1	1	1	1	1							
AC1KRZ_002044	AOBS82_9	1	1	1	1	1	1	1	1	1							
AC1KRZ_002046	AOBS82_9	1	1	1	1	1	1	1	1	1							
AC1KRZ_002047	AOBS82_9	1	1	1	1	1	1	0	1	1							
AC1KRZ_002048	AOBS82_9	1	1	0	0	0	1	0	0	0							
AC1KRZ_002051	AOBS82_9	1	1	1	1	1	1	0	0	1							
AC1KRZ_002052	AOBS82_9	1	1	1	1	1	1	1	1	1							
AC1KRZ_002056	AOBS82_9	1	1	1	1	1	1	1	1	1							
AC1KRZ_002060	AOBS82_9	1	1	1	1	1	1	1	1	1							
AC1KRZ_002061	AOBS82_9	1	1	1	1	1	1	1	0	1							
AC1KRZ_002064	AOBS82_9	1	1	1	1	1	1	0	1	1							
AC1KRZ_002065	AOBS82_9	1	1	1	1	1	1	0	0	1							
AC1KRZ_002066	AOBS82_9	1	1	1	1	1	1	1	1	1							
AC1KRZ_002067	AOBS82_9	1	1	1	1	1	1	0	1	1							
AC1KRZ_002069	AOBS82_9	1	1	1	1	1	1	0	0	1							
AC1KRZ_002070	AOBS82_9	1	1	1	1	1	1	1	1	1							
AC1KRZ_002072	AOBS82_9	1	1	1	1	1	1	0	1	1							
AC1KRZ_002073	AOBS82_9	1	1	1	1	1	1	0	1	1							
AC1KRZ_002074	AOBS82_9	0	1	1	1	1	1	1	0	1							
AC1KRZ_002075	AOBS82_9	1	1	1	1	1	1	0	0	1							
AC1KRZ_002077	AOBS82_9	0	1	1	1	0	1	1	1	1							
AC1KRZ_002079	AOBS82_9	1	1	1	1	1	1	1	1	1							
AC1KRZ_002080	AOBS82_9	1	1	1	1	1	1	1	1	1							
AC1KRZ_002083	AOBS82_9	1	1	1	1	1	1	1	1	1							
AC1KRZ_002086	AOBS82_9	1	1	1	1	1	1	1	1	1							
AC1KRZ_002092	AOBS82_9	1	1	1	1	1	1	1	0	1							
AC1KRZ_002093	AOBS82_9	1	1	0	0	0	1	0	1	0							
AC1KRZ_002094	AOBS82_9	0	1	1	1	1	1	0	0	1							
AC1KRZ_002095	AOBS82_9	1	1	1	1	1	1	1	1	1							
AC1KRZ_002101	AOBS82_9	1	1	1	0	1	1	0	1	0							
AC1KRZ_002109	AOBS82_9	0	1	1	1	1	1	1	1	1							
AC1KRZ_002110	AOBS82_9	1	1	1	1	1	1	1	1	1							
AC1KRZ_002111	AOBS82_9	1	1	1	1	1	1	1	1	1							
AC1KRZ_002112	AOBS82_9	1	1	0	0	1	1	1	0	0							
AC1KRZ_002113	AOBS82_9	1	1	1	1	1	1	1	1	1							
AC1KRZ_002114	AOBS82_9	1	1	1	1	0	1	1	1	0							
AC1KRZ_002115	AOBS82_9	1	1	1	1	1	1	1	1	1							
AC1KRZ_002116	AOBS82_9	0	1	1	1	1	1	1	1	1							
AC1KRZ_002118	AOBS82_9	1	1	1	1	1	1	1	1	1							
AC1KRZ_002119	AOBS82_9	1	1	1	1	1	1	1	1	1							
AC1KRZ_002120	AOBS82_9	1	1	1	1	0	1	1	1	1							
AC1KRZ_002122	AOBS82_9	0	1	1	1	1	1	1	0	1							
AC1KRZ_002127	AOBS82_9	1	1	1	1	1	1	1	1	1							
AC1KRZ_002129	AOBS82_9	1	1	1	1	1	1	1	1	1							
AC1KRZ_002131	AOBS82_9	1	1	1	1	1	1	1	1	1							
AC1KRZ_002132	AOBS82_9	1	1	1	1	1	1	0	0	1							
AC1KRZ_002135	AOBS82_9	1	1	0	0	0	1	0	0	0							
AC1KRZ_002137	AOBS82_9	1	1	1	1	1	1	1	1	1							
AC1KRZ_002138	AOBS82_9	1	1	1	1	1	1	1	1	1							
AC1KRZ_002139	AOBS82_9	1	1	1	1	1	1	1	1	1							
AC1KRZ_002140	AOBS82_9	0	1	0	0	0	1	1	1	0							
AC1KRZ_002141	AOBS82_9	1	1	1	1	1	1	1	1	1							
AC1KRZ_002142	AOBS82_9	1	1	1	1	1	1	0	0	1							
AC1KRZ_002144	AOBS82_9	1	1	1	1	0	1	0	1	1							
AC1KRZ_002146	AOBS82_9	1	1	1	1	1	1	0	1	1							
AC1KRZ_002147	AOBS82_9	1	1	1	1	1	1	1	1	1							
AC1KRZ_002149	AOBS82_9	1	1	1	1	1	1	0	0	1							
AC1KRZ_002150	AOBS82_9	1	1	1	1	1	1	1	1	1							
AC1KRZ_002153	AOBS82_9	1	1	1	1	1	1	1	0	1							
AC1KRZ_002154	AOBS82_9	1	1	1	1	1	1	0	0	1							
AC1KRZ_002157	AOBS82_9	1	1	1	1	1	1	1	1	1							
AC1KRZ_002162	AOBS82_9	1	1	1	1	1	1	1	1	1							
AC1KRZ_002163	AOBS82_9	1	1	1	1	1	1	0	0	1							
AC1KRZ_002165	AOBS82_9	1	1	0	0	1	1	1	1	1							
AC1KRZ_002168	AOBS82_9	1	1	1	1	1	1	1	1	1							
AC1KRZ_002169	AOBS82_9	1	1	1	1	1	1	1	0	1							
AC1KRZ_002175	AOBS82_9	1	1	1	1	1	1	1	0	0							
AC1KRZ_002176	AOBS82_9	1	1	1	1	1	1	1	1	1							
AC1KRZ_002177	AOBS82_9	1	1	1	1	1	1	1	1	1							
AC1KRZ_002179	AOBS82_9	1	1	0	0	0	1	1	0	0							
AC1KRZ_002180	AOBS82_9	1	1	0	0	0	1	0	0	0							
AC1KRZ_002182	AOBS82_9	1	1	0	0	0	1	0	0	0							
AC1KRZ_002183	AOBS82_9	1	1	1	1	1	1	1	1	1							
AC1KRZ_002184	AOBS82_9	1	1	0	0	0	1	1	1	1							
AC1KRZ_002187	AOBS82_9	1	1	1	1	1	1	1	1	1							
AC1KRZ_002189	AOBS82_9	1	1	0	0	0	1	0	1	0							
AC1KRZ_002195	AOBS82_9	0	1	1	1	1	1	1	1	1							
AC1KRZ_002204	AOBS82_9	0	1	1	1	1	1	1	1	1							
AC1KRZ_002210	AOBS82_9	1	1	1	1	0	1	1	1	1							
AC1KRZ_002217	AOBS82_9	1	1	1	1	1	1	0	1	1							
AC1KRZ_002219	AOBS82_9	1	1	1	1	1	1	1	1	1							
AC1KRZ_002220	AOBS82_9	1	1	1	1	1	1	1	1	1							
AC1KRZ_002227	AOBS82_9	1	1	1	1	1	1	1	1	1							
AC1KRZ_002228	AOBS82_9	1	1	1	1	1	1	0	0	1							
AC1KRZ_002230	AOBS82_9	1	1	1	1	1	1	0	1	1							
AC1KRZ_002233	AOBS82_9	1	1	0	1	1	1	1	1	1							
AC1KRZ_002235	AOBS82_9	1	1	1	0	1	1	0	1	1							
AC1KRZ_002237	AOBS82_9	1	1	1	1	1	1	1	1	1							
AC1KRZ_002238	AOBS82_9	1	1	1	1	1	1	1	1	1							
AC1KRZ_002239	AOBS82_9	1	1	1	1	1	1	1	1	1							
AC1KRZ_002241	AOBS82_9	1	1	0	1	1	1	0	1	1							
AC1KRZ_002245	AOBS82_9	1	1	1	1	1	1	1	1	1							
AC1KRZ_002246	AOBS82_9	1	1	1	1	1	1	0	0	1							
AC1KRZ_002250	AOBS82_9	1	1	1	1	1	1	1	0	1							
AC1KRZ_002253	AOBS82_9	1	1	0	0	0	1	0	0	0							
AC1KRZ_002257	AOBS82_9	0	1	0	0	1	1	0	1	0							
AC1KRZ_002259	AOBS82_9	1	1	1	1	1	1	0	1	1							
AC1KRZ_002263	AOBS82_9	1	1	1	1	1	1	0	0	1							
AC1KRZ_002264	AOBS82_9	1	1	1	1	1	1	1	1	1							
AC1KRZ_002266	AOBS82_9	1	1	1	1	1	1	1	0	1							
AC1KRZ_002267	AOBS82_9	1	1	1	1	1	1	1	1	1							
AC1KRZ_002268	AOBS82_9	1	1	1	1	0	1	0	0	0							
AC1KRZ_002269	AOBS82_9	1	1	1	1	1	1	0	1	1							
AC1KRZ_002271	AOBS82_9	1	1	1	1	1	1	1	1	1							
AC1KRZ_002272	AOBS82_9	1	1	1	0	1	1	0	1	0							
AC1KRZ_002273	AOBS82_9	1	1	1	1	1	1	1	1	1							
AC1KRZ_002276	AOBS82_9	1	1	1	1	1	1	0	0	1							
AC1KRZ_002277	AOBS82_9	1	1	1	1	1	1	0	0	1							
AC1KRZ_002278	AOBS82_9	1	1	1	1	1	1	0	0	1							
AC1KRZ_002280	AOBS82_9	1	1	1	1	0	1	0	0	1							
AC1KRZ_002281	AOBS82_9	1	1	1	1	1	1	1	0	1							
AC1KRZ_002282	AOBS82_9	1	1	1	1	0	1	0	1	1							
AC1KRZ_002283	AOBS82_9	0	1	0	1	0	1	0	0	0							
AC1KRZ_002284	AOBS82_9	1	1	1	1	1	1	1	1	1							
AC1KRZ_002286	AOBS82_9	1	1	1	1	1	1	1	1	1							
AC1KRZ_002289	AOBS82_9	1	1	1	0	0	1	0	0	0							
AC1KRZ_002290	AOBS82_9	1	1	1	1	1	1	1	0	1							
AC1KRZ_002292	AOBS82_9	1	1	0	1	1	1	0	0	0							
AC1KRZ_002295	AOBS82_9	1	1	1	1	1	1	1	1	1							
AC1KRZ_002297	AOBS82_9	1	1	1	1	0	1	1	1	1							
AC1KRZ_002298	AOBS82_9	0	1	1	1	1	1	1	1	1							
AC1KRZ_002299	AOBS82_9	1	1	1	1	1	1	1	1	1							
AC1KRZ_002301	AOBS82_9	1	1	1	1	1	1	1	1	0							
AC1KRZ_002310	AOBS82_9	1	1	1	1	1	1	1	1	1							
AC1KRZ_002312	AOBS82_9	0	1	0	0	0	1	0	0	1							
AC1KRZ_002313	AOBS82_9	1	1	0	0	0	1	0	0	0							
AC1KRZ_002314	AOBS82_9	1	1	1	1	1	1	0	1	1							
AC1KRZ_002316	AOBS82_9	1	1	1	1	1	1	1	1	1							
AC1KRZ_002318	AOBS82_9	1	1	1	0	1	1	1	1	1							
AC1KRZ_002319	AOBS82_9	1	1	1	1	1	1	0	0	1							
AC1KRZ_002320	AOBS82_9	1	1	1	1	1	1	1	1	1							
AC1KRZ_002321	AOBS82_9	1	1	1	1	1	1	1	1	1							
AC1KRZ_002322	AOBS82_9	1	1	1	1	1	1	1	0	1							
AC1KRZ_002323	AOBS82_9	1	1	0	0	1	1	0	0	0							
AC1KRZ_002324	AOBS82_9	1	1	1	1	1	1	1	1	1							
AC1KRZ_002325	AOBS82_9	1	1	1	1	1	1	1	1	1							
AC1KRZ_002330	AOBS82_9	1	1	1	1	1	1	1	1	1							
AC1KRZ_002331	AOBS82_9	1	1	1	1	1	1	1	0	1							
AC1KRZ_002332	AOBS82_9	1	1	1	1	1	1	1	1	1							
AC1KRZ_002338	AOBS82_9	1	1	1	1	1	1	0	1	1							
AC1KRZ_002341	AOBS82_9	1	1	1	1	1	1	1	0	1							
AC1KRZ_002342	AOBS82_9	1	1	1	1	1	1	1	1	1							
AC1KRZ_002344	AOBS82_9	1	1	1	1	1	1	1	1	1							
AC1KRZ_002347	AOBS82_9	0	1	1	1	1	1	1	0	1							
AC1KRZ_002350	AOBS82_9	1	1	1	1	1	1	0	1	1							
AC1KRZ_002356	AOBS82_9	1	1	1	1	1	1	1	1	1							
AC1KRZ_002357	AOBS82_9	1	1	1	1	1	1	1	1	1							
AC1KRZ_002359	AOBS82_9	1	1	1	1	1	1	1	1	1							
AC1KRZ_002360	AOBS82_9	1	1	1	1	1	1	1	1	1							
AC1KRZ_002366	AOBS82_9	1	1	1	1	1	1	1	1	0							
AC1KRZ_002375	AOBS82_9	1	1	1	0	1	1	0	1	1							
AC1KRZ_002376	AOBS82_9	1	1	1	1	1	1	1	1	1							
AC1KRZ_002382	AOBS82_9	1	1	1	1	1	1	1	1	1							
AC1KRZ_002383	AOBS82_9	1	1	1	1	1	1	1	1	1							
AC1KRZ_002384	AOBS82_9	1	1	1	1	1	1	1	1	1							
AC1KRZ_002387	AOBS82_9	1	1	1	1	1	1	1	1	1							
AC1KRZ_002388	AOBS82_9	1	1	1	1	1	1	1	1	1							
AC1KRZ_002391	AOBS82_9	1	1	1	1	1	1	1	1	1							
AC1KRZ_002392	AOBS82_9	1	1	0	0	0	1	0	0	0							
AC1KRZ_002393	AOBS82_9	1	1	0	0	0	1	0	0	0							
AC1KRZ_002399	AOBS82_9	1	1	1	1	1	1	0	1	1							
AC1KRZ_002400	AOBS82_9	0	1	0	1	0	1	1	1	0							
AC1KRZ_002402	AOBS82_9	1	1	1	1	1	1	1	1	1							
AC1KRZ_002403	AOBS82_9	1	1	1	1	1	1	1	1	1							
AC1KRZ_002405	AOBS82_9	1	1	1	1	1	1	1	1	1							
AC1KRZ_002407	AOBS82_9	0	1	0	0	0	1	0	0	0							
AC1KRZ_002411	AOBS82_9	1	1	1	0	1	1	1	1	1							
AC1KRZ_002412	AOBS82_9	1	1	1	1	1	1	1	1	1							
AC1KRZ_002415	AOBS82_9	1	1	1	1	1	1	0	1	1							
AC1KRZ_002420	AOBS82_9	1	1	0	0	0	1	0	0	0							
AC1KRZ_002430	AOBS82_9	1	1	1	1	1	1	1	1	1							
AC1KRZ_002431	AOBS82_9	1	1	1	1	1	1	0	1	1							
AC1KRZ_002432	AOBS82_9	1	1	1	1	1	1	1	1	1							
AC1KRZ_002436	AOBS82_9	1	1	1	1	1	1	1	1	1							
AC1KRZ_002438	AOBS82_9	1	1	0	0	0	1	0	0	0							
AC1KRZ_002440	AOBS82_9	1	1	0	0	0	1	1	0	0							
AC1KRZ_002442	AOBS82_9	1	1	1	1	1	1	0	0	1							
AC1KRZ_002443	AOBS82_9	1	1	1	1	1	1	1	1	1							
AC1KRZ_002447	AOBS82_9	1	1	1	0	1	1	0	0	1							
AC1KRZ_002450	AOBS82_9	1	1	1	1	1	1	1	1	1							
AC1KRZ_002451	AOBS82_9	1	1	1	0	0	1	0	1	0							
AC1KRZ_002452	AOBS82_9	1	1	1	1	1	1	1	1	1							
AC1KRZ_002456	AOBS82_9	0	1	1	1	1	1	1	1	1							
AC1KRZ_002458	AOBS82_9	1	1	1	1	1	1	0	0	1							
AC1KRZ_002459	AOBS82_9	1	1	1	1	1	1	0	1	1							
AC1KRZ_002460	AOBS82_9	1	1	1	1	1	1	1	0	1							
AC1KRZ_002461	AOBS82_9	1	1	1	1	1	1	1	1	1							
AC1KRZ_002462	AOBS82_9	1	1	0	0	0	1	0	1	0							
AC1KRZ_002465	AOBS82_9	0	1	0	0	0	1	0	1	1							
AC1KRZ_002470	AOBS82_9	0	1	1	0	0	1	0	1	0							
AC1KRZ_002475	AOBS82_9	1	1	0	0	0	1	0	0	0							
AC1KRZ_002478	AOBS82_9	1	1	1	1	1	1	1	0	1							
AC1KRZ_002479	AOBS82_9	1	1	1	1	1	1	1	1	1							
AC1KRZ_002480	AOBS82_9	1	1	1	1	1	1	1	1	1							
AC1KRZ_002481	AOBS82_9	1	1	1	1	1	1	0	1	1							
AC1KRZ_002482	AOBS82_9	1	1	1	1	1	1	0	1	1							
AC1KRZ_002484	AOBS82_9	1	1	1	1	1	1	1	1	1							
AC1KRZ_002485	AOBS82_9	0	1	1	1	1	1	1	1	1							
AC1KRZ_002488	AOBS82_9	1	1	1	1	1	1	1	1	1							
AC1KRZ_002489	AOBS82_9	1	1	1	1	1	1	1	1	1							
AC1KRZ_002490	AOBS82_9	1	1	1	1	1	1	1	1	1							
AC1KRZ_002493	AOBS82_9	1	1	0	0	0	1	1	0	0							
AC1KRZ_002495	AOBS82_9	1	1	1	1	1	1	1	1	1							
AC1KRZ_002496	AOBS82_9	1	1	1	1	1	1	1	1	1							
AC1KRZ_002497	AOBS82_9	1	1	1	1	1	1	1	1	1							
AC1KRZ_002498	AOBS82_9	1	1	1	1	1	1	1	1	1							
AC1KRZ_002499	AOBS82_9	1	1	1	1	0	1	0	1	1							
AC1KRZ_002500	AOBS82_9	1	1	1	1	1	1	1	1	1							
AC1KRZ_002502	AOBS82_9	0	1	1	1	1	1	0	0	0							
AC1KRZ_002503	AOBS82_9	1	1	1	1	1	1	1	1	1							
AC1KRZ_002506	AOBS82_9	1	1	1	1	1	1	1	1	1							
AC1KRZ_002511	AOBS82_9	1	1	1	1	1	1	1	1	1							
AC1KRZ_002512	AOBS82_9	1	1	1	1	1	1	1	1	1							
AC1KRZ_002515	AOBS82_9	0	1	1	1	1	1	1	1	1							
AC1KRZ_002516	AOBS82_9	1	1	1	1	1	1	0	1	1							
AC1KRZ_002517	AOBS82_9	0	1	0	0	0	1	1	1	0							
AC1KRZ_002519	AOBS82_9	1	1	1	1	1	1	1	1	1							
AC1KRZ_002520	AOBS82_9	1	1	0	0	0	1	0	1	0							
AC1KRZ_002521	AOBS82_9	1	1	1	1	1	1	1	0	1							
AC1KRZ_002522	AOBS82_9	1	1	1	1	1	1	0	1	1							
AC1KRZ_002527	AOBS82_9	1	1	1	1	1	1	1	1	1							
AC1KRZ_002529	AOBS82_9	1	1	1	1	1	1	1	1	1							
AC1KRZ_002531	AOBS82_9	0	1	1	1	0	1	1	0	1							
AC1KRZ_002532	AOBS82_9	0	1	0	0	1	1	0	0	0							
AC1KRZ_002533	AOBS82_9	1	1	1	1	1	1	1	1	1							
AC1KRZ_002536	AOBS82_9	1	1	1	1	1	1	1	1	1							
AC1KRZ_002537	AOBS82_9	1	1	1	1	1	1	0	0	1							
AC1KRZ_002538	AOBS82_9	1	1	0	1	1	1	0	0	1							
AC1KRZ_002542	AOBS82_9	0	1	0	0	0	1	0	0	0							
AC1KRZ_002543	AOBS82_9	1	1	1	1	1	1	1	1	1							
AC1KRZ_002546	AOBS82_9	1	1	1	1	1	1	0	1	1							
AC1KRZ_002550	AOBS82_9	1	1	1	1	1	1	1	0	1							
AC1KRZ_002551	AOBS82_9	1	1	1	1	1	1	1	1	1							
AC1KRZ_002553	AOBS82_9	1	1	1	1	1	1	1	1	1							
AC1KRZ_002554	AOBS82_9	1	1	1	1	1	1	0	1	1							
AC1KRZ_002555	AOBS82_9	1	1	1	1	1	1	1	1	1							
AC1KRZ_002558	AOBS82_9	1	1	1	1	1	1	0	1	1							
AC1KRZ_002559	AOBS82_9	1	1	1	1	1	1	0	0	1							
AC1KRZ_002560	AOBS82_9	1	1	1	1	1	1	1	0	1							
AC1KRZ_002561	AOBS82_9	1	1	0	0	1	1	0	1	1							
AC1KRZ_002565	AOBS82_9	1	1	1	1	1	1	1	1	1							
AC1KRZ_002566	AOBS82_9	0	1	0	1	1	1	1	0	0							
AC1KRZ_002567	AOBS82_9	1	1	1	1	1	1	0	1	1							
AC1KRZ_002571	AOBS82_9	1	1	1	1	1	1	1	1	1							
AC1KRZ_002572	AOBS82_9	1	1	1	1	1	1	1	1	1							
AC1KRZ_002573	AOBS82_9	0	1	1	0	0	1	0	0	0							
AC1KRZ_002576	AOBS82_9	1	1	1	1	0	1	1	1	1							
AC1KRZ_002577	AOBS82_9	1	1	1	1	1	1	1	1	1							
AC1KRZ_002580	AOBS82_9	1	1	1	1	1	1	1	1	1							
AC1KRZ_002584	AOBS82_9	1	1	1	0	1	1	1	1	1							
AC1KRZ_002585	AOBS82_9	1	1	1	1	1	1	0	1	1							
AC1KRZ_002588	AOBS82_9	1	1	1	1	1	1	1	1	1							
AC1KRZ_002590	AOBS82_9	1	1	1	1	1	1	1	1	1							
AC1KRZ_002591	AOBS82_9	1	1	1	1	1	1	1	1	1							
AC1KRZ_002592	AOBS82_9	1	1	0	0	0	1	1	0	0							
AC1KRZ_002594	AOBS82_9	1	1	1	1	1	1	1	1	1							
AC1KRZ_002595	AOBS82_9	1	1	1	1	1	1	1	1	1							
AC1KRZ_002596	AOBS82_9	0	1	0	0	0	1	0	1	0							
AC1KRZ_002598	AOBS82_9	1	1	1	1	1	1	1	1	1							
AC1KRZ_002599	AOBS82_9	1	1	1	1	1	1	1	1	1							
AC1KRZ_002600	AOBS82_9	1	1	1	1	1	1	1	1	1							
AC1KRZ_002608	AOBS82_9	1	1	1	1	1	1	1	1	1							
AC1KRZ_002612	AOBS82_9	1	1	1	1	1	1	1	1	1							
AC1KRZ_002615	AOBS82_9	1	1	1	1	0	1	1	1	1							
AC1KRZ_002616	AOBS82_9	1	1	1	1	1	1	0	1	1							
AC1KRZ_002618	AOBS82_9	1	1	1	1	1	1	0	0	1							
AC1KRZ_002619	AOBS82_9	1	1	1	1	1	1	1	1	1							
AC1KRZ_002623	AOBS82_9	1	1	1	1	1	1	1	1	1							
AC1KRZ_002625	AOBS82_9	1	1	1	1	1	1	1	1	0							
AC1KRZ_002626	AOBS82_9	0	1	0	0	0	1	0	0	0							
AC1KRZ_002627	AOBS82_9	1	1	1	1	1	1	1	1	1							
AC1KRZ_002629	AOBS82_9	1	1	1	1	1	1	1	1	1							
AC1KRZ_002630	AOBS82_9	1	1	1	1	0	1	1	1	1							
AC1KRZ_002632	AOBS82_9	0	1	1	1	0	1	1	1	0							
AC1KRZ_002633	AOBS82_9	1	1	1	1	1	1	0	1	1							
AC1KRZ_002634	AOBS82_9	1	1	1	1	1	1	1	1	1							
AC1KRZ_002637	AOBS82_9	1	1	1	1	1	1	1	1	1							
AC1KRZ_002638	AOBS82_9	1	1	1	1	1	1	1	0	1							
AC1KRZ_002642	AOBS82_9	1	1	1	1	1	1	1	1	1							
AC1KRZ_002645	AOBS82_9	1	1	1	1	1	1	0	1	1							
AC1KRZ_002647	AOBS82_9	1	1	1	1	1	1	1	1	1							
AC1KRZ_002649	AOBS82_9	1	1	1	1	1	1	1	1	1							
AC1KRZ_002668	AOBS82_9	0	1	0	0	0	1	0	1	0							
AC1KRZ_002670	AOBS82_9	1	1	1	1	1	1	0	1	1							
AC1KRZ_002679	AOBS82_9	1	1	1	1	1	1	1	0	1							
AC1KRZ_002681	AOBS82_9	1	1	1	1	1	1	1	1	1							
AC1KRZ_002682	AOBS82_9	1	1	1	1	1	1	1	1	1							
AC1KRZ_002684	AOBS82_9	1	1	1	1	1	1	1	1	1							
AC1KRZ_002691	AOBS82_9	1	1	1	1	1	1	1	1	1							
AC1KRZ_002692	AOBS82_9	1	1	1	1	1	1	1	1	1							
AC1KRZ_002698	AOBS82_9	1	1	1	1	1	1	1	1	1							
AC1KRZ_002702	AOBS82_9	1	1	1	1	1	1	0	0	1							
AC1KRZ_002703	AOBS82_9	1	1	0	0	0	1	1	1	0							
AC1KRZ_002704	AOBS82_9	1	1	1	1	1	1	1	1	1							
AC1KRZ_002706	AOBS82_9	0	1	0	0	0	1	1	1	0							
AC1KRZ_002707	AOBS82_9	1	1	0	0	0	1	0	0	0							
AC1KRZ_002708	AOBS82_9	1	1	1	1	1	1	1	0	1							
AC1KRZ_002710	AOBS82_9	1	1	0	1	1	1	1	1	1							
AC1KRZ_002712	AOBS82_9	1	1	0	0	0	1	0	0	0							
AC1KRZ_002714	AOBS82_9	1	1	1	1	1	1	1	1	1							
AC1KRZ_002715	AOBS82_9	1	1	1	1	1	1	1	1	1							
AC1KRZ_002716	AOBS82_9	1	1	1	1	1	1	0	1	1							
AC1KRZ_002717	AOBS82_9	1	1	1	1	1	1	1	1	1							
AC1KRZ_002718	AOBS82_9	1	1	1	1	1	1	1	1	1							
AC1KRZ_002719	AOBS82_9	1	1	1	1	1	1	1	1	1							
AC1KRZ_002721	AOBS82_9	1	1	1	1	1	1	0	0	1							
AC1KRZ_002722	AOBS82_9	1	1	1	1	1	1	1	1	1							
AC1KRZ_002727	AOBS82_9	1	1	1	1	1	1	1	1	1							
AC1KRZ_002728	AOBS82_9	1	1	1	1	1	1	1	1	1							
AC1KRZ_002729	AOBS82_9	1	1	1	1	0	1	0	1	1							
AC1KRZ_002730	AOBS82_9	1	1	1	1	1	1	1	1	1							
AC1KRZ_002731	AOBS82_9	1	1	1	1	1	1	1	1	1							
AC1KRZ_002733	AOBS82_9	0	1	0	1	0	1	1	1	0							
AC1KRZ_002734	AOBS82_9	1	1	1	1	1	1	1	0	1							
AC1KRZ_002735	AOBS82_9	1	1	1	1	1	1	0	1	1							
AC1KRZ_002736	AOBS82_9	1	1	1	1	1	1	1	1	1							
AC1KRZ_002741	AOBS82_9	1	1	1	1	1	1	0	0	1							
AC1KRZ_002745	AOBS82_9	1	1	0	0	0	1	1	0	0							
AC1KRZ_002746	AOBS82_9	0	1	1	1	1	1	1	1	1							
AC1KRZ_002747	AOBS82_9	1	1	0	0	0	1	1	1	1							
AC1KRZ_000261	AOBS82_9	1	1	1	1	1	1	0	0	1							
AC1KRZ_000263	AOBS82_9	1	1	1	1	1	1	1	1	1							
AC1KRZ_000264	AOBS82_9	1	1	1	1	1	1	1	1	1							
AC1KRZ_000265	AOBS82_9	1	1	1	1	1	1	1	1	1							
AC1KRZ_000267	AOBS82_9	1	1	0	0	0	1	1	1	1							
AC1KRZ_000271	AOBS82_9	1	1	1	1	1	1	1	1	1							
AC1KRZ_000273	AOBS82_9	1	1	1	1	1	1	1	1	1							
AC1KRZ_000279	AOBS82_9	1	1	1	1	1	1	1	1	1							
AC1KRZ_000280	AOBS82_9	0	1	0	1	1	1	1	1	1							
AC1KRZ_000281	AOBS82_9	1	1	0	0	0	1	1	0	0							
AC1KRZ_000283	AOBS82_9	1	1	1	1	1	1	1	1	1							
AC1KRZ_000284	AOBS82_9	1	1	1	1	1	1	0	0	1							
AC1KRZ_000285	AOBS82_9	1	1	1	1	1	1	1	0	1							
AC1KRZ_000288	AOBS82_9	1	1	1	1	1	1	1	1	1							
AC1KRZ_000289	AOBS82_9	1	1	1	1	1	1	1	1	1							
AC1KRZ_000290	AOBS82_9	1	1	1	1	1	1	1	1	1							
AC1KRZ_000292	AOBS82_9	1	1	1	1	1	1	1	1	1							
AC1KRZ_000293	AOBS82_9	1	1	1	1	1	1	1	1	1							
AC1KRZ_000294	AOBS82_9	1	1	1	1	1	1	1	1	1							
AC1KRZ_000296	AOBS82_9	0	1	0	0	0	1	0	0	0							
AC1KRZ_000298	AOBS82_9	1	1	1	1	1	1	1	1	1							
AC1KRZ_000299	AOBS82_9	1	1	1	1	1	1	1	1	1							
AC1KRZ_000306	AOBS82_9	1	1	1	1	1	1	1	1	1							
AC1KRZ_000308	AOBS82_9	1	1	0	1	1	1	0	0	1							
AC1KRZ_000336	AOBS82_9	1	1	0	0	0	1	0	0	0							
AC1KRZ_000350	AOBS82_9	1	1	1	1	1	1	1	1	1							
AC1KRZ_000351	AOBS82_9	1	1	1	1	1	1	1	1	1							
AC1KRZ_000355	AOBS82_9	1	1	1	1	1	1	1	1	1							
AC1KRZ_000356	AOBS82_9	1	1	1	1	1	1	1	1	1							
AC1KRZ_000357	AOBS82_9	1	1	1	1	1	1	1	0	1							
AC1KRZ_000359	AOBS82_9	1	1	1	1	1	1	1	1	1							
AC1KRZ_000360	AOBS82_9	1	1	1	1	1	1	1	1	1							
AC1KRZ_000361	AOBS82_9	1	1	1	1	1	1	1	1	1							
AC1KRZ_000362	AOBS82_9	0	1	0	0	0	1	0	0	0							
AC1KRZ_000363	AOBS82_9	1	1	0	0	0	1	0	0	0							
AC1KRZ_000364	AOBS82_9	1	1	1	1	1	1	0	1	1							
AC1KRZ_000369	AOBS82_9	1	1	1	1	1	1	1	1	1							
AC1KRZ_000370	AOBS82_9	1	1	1	1	1	1	1	1	1							
AC1KRZ_000372	AOBS82_9	1	1	1	1	1	1	1	1	1							
AC1KRZ_000375	AOBS82_9	1	1	1	1	1	1	1	1	1							
AC1KRZ_000376	AOBS82_9	0	1	0	1	1	1	1	1	1							
AC1KRZ_000377	AOBS82_9	1	1	1	1	1	1	1	1	1							
AC1KRZ_000378	AOBS82_9	1	1	1	1	1	1	1	1	1							
AC1KRZ_000379	AOBS82_9	1	1	1	1	1	1	1	1	1							
AC1KRZ_000382	AOBS82_9	1	1	1	1	0	1	0	0	1							
AC1KRZ_000383	AOBS82_9	1	1	1	1	1	1	1	1	1							
AC1KRZ_000384	AOBS82_9	1	1	1	1	1	1	1	1	1							
AC1KRZ_000386	AOBS82_9	1	1	1	1	1	1	1	1	1							
AC1KRZ_000394	AOBS82_9	1	1	1	0	0	1	0	0	0							
AC1KRZ_000395	AOBS82_9	1	1	1	1	1	1	1	1	1							
AC1KRZ_000396	AOBS82_9	1	1	1	1	0	1	1	1	1							
AC1KRZ_000398	AOBS82_9	1	1	0	0	0	1	0	0	0							
AC1KRZ_000405	AOBS82_9	0	1	1	1	1	1	1	1	1							
AC1KRZ_000407	AOBS82_9	1	1	1	1	1	1	0	1	1							
AC1KRZ_000409	AOBS82_9	1	1	0	1	0	1	0	1	0							
AC1KRZ_000410	AOBS82_9	1	1	0	0	0	1	0	0	0							
AC1KRZ_000411	AOBS82_9	1	1	1	0	0	1	0	1	1							
AC1KRZ_000412	AOBS82_9	1	1	1	1	1	1	1	1	1							
AC1KRZ_000418	AOBS82_9	0	1	1	0	0	1	0	0	1							
AC1KRZ_000419	AOBS82_9	1	1	1	1	1	1	1	1	1							
AC1KRZ_000423	AOBS82_9	1	1	1	1	1	1	1	1	1							
AC1KRZ_000425	AOBS82_9	1	1	1	1	1	1	1	1	1							
AC1KRZ_000428	AOBS82_9	1	1	1	1	1	1	1	1	1							
AC1KRZ_000429	AOBS82_9	1	1	1	1	1	1	1	1	1							
AC1KRZ_000430	AOBS82_9	1	1	1	1	1	1	1	1	1							
AC1KRZ_000431	AOBS82_9	1	1	1	1	1	1	1	1	1							
AC1KRZ_000437	AOBS82_9	1	1	1	1	1	1	1	1	1							
AC1KRZ_000441	AOBS82_9	1	1	1	1	1	1	1	0	1							
AC1KRZ_000443	AOBS82_9	1	1	1	1	1	1	1	1	1							
AC1KRZ_000446	AOBS82_9	1	1	1	1	1	1	1	1	1							
AC1KRZ_000448	AOBS82_9	1	1	1	1	1	1	1	1	1							
AC1KRZ_000449	AOBS82_9	1	1	1	1	1	1	1	1	1							
AC1KRZ_000450	AOBS82_9	1	1	1	1	1	1	1	1	1							
AC1KRZ_000451	AOBS82_9	1	1	1	1	1	1	0	1	1							
AC1KRZ_000452	AOBS82_9	1	1	0	1	0	1	0	1	0							
AC1KRZ_000454	AOBS82_9	0	1	0	0	0	1	0	0	0							
AC1KRZ_000455	AOBS82_9	1	1	1	1	1	1	1	1	1							
AC1KRZ_000456	AOBS82_9	1	1	1	1	1	1	1	1	1							
AC1KRZ_000460	AOBS82_9	1	1	1	1	1	1	1	1	1							
AC1KRZ_000461	AOBS82_9	1	1	0	0	0	1	0	1	0							
AC1KRZ_000462	AOBS82_9	1	1	1	1	1	1	1	1	1							
AC1KRZ_002752	AOBS82_9	1	1	1	1	1	1	1	1	1							
AC1KRZ_002755	AOBS82_9	1	1	1	1	1	1	1	0	1							
AC1KRZ_002756	AOBS82_9	1	1	1	1	1	1	1	0	1							
AC1KRZ_002759	AOBS82_9	1	1	1	1	1	1	1	1	1							
AC1KRZ_002761	AOBS82_9	1	1	0	1	1	1	0	0	0							
AC1KRZ_002764	AOBS82_9	1	1	1	1	1	1	1	1	1							
AC1KRZ_002767	AOBS82_9	1	1	1	1	1	1	1	1	1							
AC1KRZ_002771	AOBS82_9	0	1	0	0	0	1	0	1	1							
AC1KRZ_002772	AOBS82_9	0	1	1	1	1	1	1	1	1							
AC1KRZ_002773	AOBS82_9	1	1	1	1	1	1	1	1	1							
AC1KRZ_002774	AOBS82_9	1	1	1	1	1	1	1	1	1							
AC1KRZ_002775	AOBS82_9	1	1	0	0	0	1	0	1	0							
AC1KRZ_002776	AOBS82_9	1	1	1	1	1	1	1	1	1							
AC1KRZ_002777	AOBS82_9	1	1	1	1	1	1	1	1	1							
AC1KRZ_002779	AOBS82_9	1	1	1	1	1	1	0	1	1							
AC1KRZ_002780	AOBS82_9	1	1	1	1	1	1	1	1	1							
AC1KRZ_002784	AOBS82_9	1	1	1	1	1	1	1	1	1							
AC1KRZ_002786	AOBS82_9	1	1	1	1	1	1	0	0	1							
AC1KRZ_002787	AOBS82_9	1	1	1	1	1	1	1	1	1							
AC1KRZ_002789	AOBS82_9	0	1	0	0	0	1	0	0	0							
AC1KRZ_002796	AOBS82_9	1	1	1	1	1	1	1	1	1							
AC1KRZ_002797	AOBS82_9	1	1	1	0	1	1	1	1	1							
AC1KRZ_002798	AOBS82_9	1	1	1	1	0	1	0	1	1							
AC1KRZ_002802	AOBS82_9	1	1	1	1	1	1	1	1	1							
AC1KRZ_002803	AOBS82_9	1	1	1	1	1	1	1	1	1							
AC1KRZ_002805	AOBS82_9	1	1	1	1	1	1	0	1	1							
AC1KRZ_002809	AOBS82_9	1	1	1	0	1	1	0	0	1							
AC1KRZ_002811	AOBS82_9	1	1	1	1	1	1	0	0	1							
AC1KRZ_002812	AOBS82_9	0	1	1	1	1	1	1	1	1							
AC1KRZ_002813	AOBS82_9	1	1	1	1	1	1	1	0	1							
AC1KRZ_002814	AOBS82_9	1	1	1	1	1	1	1	1	1							
AC1KRZ_002815	AOBS82_9	1	1	0	1	0	1	1	0	1							
AC1KRZ_002821	AOBS82_9	1	1	1	1	1	1	1	1	1							
AC1KRZ_002824	AOBS82_9	0	1	1	1	1	1	0	0	1							
AC1KRZ_002825	AOBS82_9	1	1	1	1	1	1	1	1	1							
AC1KRZ_002826	AOBS82_9	0	1	0	0	0	1	0	0	0							
AC1KRZ_002827	AOBS82_9	1	1	1	1	1	1	1	1	1							
AC1KRZ_002829	AOBS82_9	1	1	1	1	1	1	1	1	1							
AC1KRZ_002833	AOBS82_9	1	1	0	0	1	1	0	1	1							
AC1KRZ_002834	AOBS82_9	1	1	0	0	0	1	0	0	0							
AC1KRZ_002836	AOBS82_9	1	1	1	1	1	1	1	1	1							
AC1KRZ_002837	AOBS82_9	1	1	0	1	0	1	1	1	0							
AC1KRZ_002839	AOBS82_9	1	1	1	1	1	1	1	1	1							
AC1KRZ_002842	AOBS82_9	1	1	1	1	1	1	0	1	1							
AC1KRZ_002843	AOBS82_9	0	1	1	0	1	1	0	1	1							
AC1KRZ_002845	AOBS82_9	1	1	1	1	0	1	0	1	1							
AC1KRZ_002846	AOBS82_9	1	1	1	1	1	1	1	1	1							
AC1KRZ_002848	AOBS82_9	1	1	1	1	1	1	1	1	1							
AC1KRZ_002849	AOBS82_9	0	1	1	1	1	1	1	1	1							
AC1KRZ_002852	AOBS82_9	1	1	1	1	1	1	1	1	1							
AC1KRZ_002854	AOBS82_9	1	1	1	1	1	1	1	1	1							
AC1KRZ_002856	AOBS82_9	1	1	0	0	0	1	0	0	0							
AC1KRZ_002857	AOBS82_9	1	1	1	1	1	1	1	1	1							
AC1KRZ_002859	AOBS82_9	0	1	0	0	0	1	0	0	0							
AC1KRZ_002860	AOBS82_9	1	1	1	1	1	1	1	1	1							
AC1KRZ_002865	AOBS82_9	0	1	1	1	1	1	1	1	1							
AC1KRZ_002866	AOBS82_9	0	1	1	0	0	1	1	1	0							
AC1KRZ_002867	AOBS82_9	1	1	1	1	1	1	0	0	1							
AC1KRZ_002869	AOBS82_9	1	1	0	0	1	1	0	0	0							
AC1KRZ_002870	AOBS82_9	1	1	0	0	0	1	1	0	0							
AC1KRZ_002874	AOBS82_9	1	1	1	1	1	1	0	0	1							
AC1KRZ_002875	AOBS82_9	1	1	1	1	1	1	0	1	1							
AC1KRZ_002876	AOBS82_9	1	1	1	1	1	1	1	0	1							
AC1KRZ_002877	AOBS82_9	1	1	0	0	0	1	0	0	0							
AC1KRZ_002879	AOBS82_9	1	1	1	1	1	1	1	1	1							
AC1KRZ_002880	AOBS82_9	1	1	1	1	1	1	1	1	1							
AC1KRZ_002881	AOBS82_9	1	1	1	1	1	1	0	0	1							
AC1KRZ_002884	AOBS82_9	1	1	1	1	1	1	1	1	1							
AC1KRZ_002885	AOBS82_9	1	1	0	0	0	1	0	0	0							
AC1KRZ_002896	AOBS82_9	1	1	1	1	1	1	0	0	1							
AC1KRZ_002900	AOBS82_9	1	1	1	1	1	1	0	1	1							
AC1KRZ_002901	AOBS82_9	0	1	0	0	0	1	1	1	1							
AC1KRZ_002902	AOBS82_9	1	1	1	1	1	1	1	1	1							
AC1KRZ_002903	AOBS82_9	1	1	0	0	0	1	0	0	0							
AC1KRZ_002904	AOBS82_9	1	1	1	1	1	1	0	1	1							
AC1KRZ_002908	AOBS82_9	1	1	1	1	1	1	0	1	1							
AC1KRZ_002916	AOBS82_9	1	1	1	1	1	1	0	1	1							
AC1KRZ_002917	AOBS82_9	1	1	1	1	1	1	0	0	1							
AC1KRZ_002920	AOBS82_9	1	1	1	1	1	1	1	1	1							
AC1KRZ_002924	AOBS82_9	1	1	1	1	0	1	0	0	1							
AC1KRZ_002925	AOBS82_9	1	1	1	1	1	1	1	1	1							
AC1KRZ_002928	AOBS82_9	1	1	1	1	1	1	0	1	1							
AC1KRZ_002929	AOBS82_9	1	1	1	1	1	1	1	1	1							
AC1KRZ_002931	AOBS82_9	0	1	1	1	1	1	1	1	1							
AC1KRZ_002935	AOBS82_9	0	1	0	0	0	1	0	1	0							
AC1KRZ_002936	AOBS82_9	0	1	1	1	1	1	1	1	1							
AC1KRZ_002942	AOBS82_9	1	1	1	1	1	1	1	1	1							
AC1KRZ_002943	AOBS82_9	1	1	1	1	1	1	1	1	1							
AC1KRZ_002945	AOBS82_9	1	1	1	1	1	1	1	1	1							
AC1KRZ_002946	AOBS82_9	0	1	0	0	0	1	0	0	0							
AC1KRZ_002951	AOBS82_9	1	1	0	0	0	1	1	1	0							
AC1KRZ_002958	AOBS82_9	1	1	1	1	1	1	1	0	1							
AC1KRZ_002960	AOBS82_9	1	1	1	1	1	1	1	1	1							
AC1KRZ_002962	AOBS82_9	1	1	0	0	0	1	1	0	1							
AC1KRZ_002966	AOBS82_9	1	1	0	0	0	1	0	0	0							
AC1KRZ_002968	AOBS82_9	1	1	1	1	1	1	1	1	1							
AC1KRZ_002970	AOBS82_9	1	1	1	1	1	1	1	1	1							
AC1KRZ_002975	AOBS82_9	1	1	1	1	1	1	1	1	1							
AC1KRZ_002983	AOBS82_9	1	1	1	1	1	1	1	1	1							
AC1KRZ_002985	AOBS82_9	1	1	1	1	1	1	0	0	1							
AC1KRZ_002986	AOBS82_9	1	1	1	1	1	1	0	0	1							
AC1KRZ_002987	AOBS82_9	1	1	1	1	1	1	1	1	1							
AC1KRZ_002988	AOBS82_9	1	1	1	1	1	1	1	1	1							
AC1KRZ_002989	AOBS82_9	1	1	1	1	1	1	1	1	1							
AC1KRZ_002990	AOBS82_9	1	1	1	1	1	1	1	0	1							
AC1KRZ_002992	AOBS82_9	1	1	1	1	1	1	1	1	1							
AC1KRZ_002993	AOBS82_9	1	1	1	1	1	1	1	1	1							
AC1KRZ_002994	AOBS82_9	1	1	1	1	1	1	1	1	1							
AC1KRZ_002995	AOBS82_9	1	1	1	1	1	1	1	1	1							
AC1KRZ_002998	AOBS82_9	1	1	1	1	1	1	1	1	1							
AC1KRZ_003000	AOBS82_9	1	1	1	1	1	1	1	1	1							
AC1KRZ_003001	AOBS82_9	1	1	1	1	1	1	1	1	1							
AC1KRZ_003002	AOBS82_9	1	1	1	1	1	1	1	1	1							
AC1KRZ_003003	AOBS82_9	1	1	1	1	1	1	1	1	1							
AC1KRZ_003011	AOBS82_9	1	1	1	1	1	1	1	1	1							
AC1KRZ_003014	AOBS82_9	1	1	1	1	1	1	1	1	1							
AC1KRZ_003016	AOBS82_9	1	1	1	1	1	1	1	1	1							
AC1KRZ_003018	AOBS82_9	0	1	0	0	0	1	0	0	0							
AC1KRZ_003022	AOBS82_9	1	1	1	1	1	1	0	1	1							
AC1KRZ_003024	AOBS82_9	1	1	1	1	1	1	1	1	1							
AC1KRZ_003026	AOBS82_9	1	1	1	1	1	1	1	1	1							
AC1KRZ_003027	AOBS82_9	1	1	1	1	1	1	1	1	1							
AC1KRZ_003029	AOBS82_9	1	1	1	0	0	1	0	0	1							
AC1KRZ_003033	AOBS82_9	1	1	1	1	1	1	1	1	1							
AC1KRZ_003041	AOBS82_9	1	1	1	1	1	1	1	1	1							
AC1KRZ_003042	AOBS82_9	0	1	1	1	1	1	0	0	1							
AC1KRZ_003043	AOBS82_9	1	1	1	1	1	1	1	1	1							
AC1KRZ_003049	AOBS82_9	1	1	1	1	1	1	1	1	1							
AC1KRZ_003052	AOBS82_9	1	1	1	1	1	1	1	1	1							
AC1KRZ_003053	AOBS82_9	1	1	1	1	1	1	1	1	1							
AC1KRZ_003055	AOBS82_9	1	1	0	0	0	1	1	1	0							
AC1KRZ_003061	AOBS82_9	1	1	1	1	1	1	1	1	1							
AC1KRZ_003062	AOBS82_9	0	1	0	0	0	1	1	0	0							
AC1KRZ_003063	AOBS82_9	1	1	1	1	1	1	1	1	1							
AC1KRZ_003064	AOBS82_9	1	1	0	0	0	1	0	0	0							
AC1KRZ_003070	AOBS82_9	1	1	1	0	1	1	0	0	1							
AC1KRZ_003071	AOBS82_9	1	1	1	1	1	1	0	1	1							
AC1KRZ_003074	AOBS82_9	1	1	1	1	1	1	1	1	1							
AC1KRZ_003075	AOBS82_9	1	1	1	1	1	1	1	1	1							
AC1KRZ_003084	AOBS82_9	0	1	1	1	1	1	0	1	1							
AC1KRZ_003088	AOBS82_9	0	1	0	0	0	1	0	0	0							
AC1KRZ_003098	AOBS82_9	0	1	0	0	0	1	0	0	0							
AC1KRZ_003099	AOBS82_9	1	1	1	1	1	1	1	1	1							
AC1KRZ_003106	AOBS82_9	0	1	0	1	1	1	0	1	1							
AC1KRZ_003110	AOBS82_9	1	1	1	1	1	1	1	1	1							
AC1KRZ_003112	AOBS82_9	1	1	1	0	1	1	1	0	1							
AC1KRZ_003117	AOBS82_9	1	1	1	0	0	1	0	1	1							
AC1KRZ_003118	AOBS82_9	0	1	1	1	1	1	1	1	1							
AC1KRZ_003119	AOBS82_9	1	1	1	0	1	1	1	1	1							
AC1KRZ_003126	AOBS82_9	0	1	1	1	1	1	1	1	0							
AC1KRZ_003127	AOBS82_9	1	1	1	1	1	1	1	1	1							
AC1KRZ_003129	AOBS82_9	1	1	1	1	1	1	0	1	1							
AC1KRZ_003130	AOBS82_9	1	1	1	1	1	1	1	1	1							
AC1KRZ_003132	AOBS82_9	1	1	1	1	1	1	1	1	1							
AC1KRZ_003136	AOBS82_9	1	1	1	1	1	1	1	1	1							
AC1KRZ_003137	AOBS82_9	1	1	1	1	1	1	1	1	1							
AC1KRZ_003138	AOBS82_9	1	1	1	1	1	1	1	1	1							
AC1KRZ_003140	AOBS82_9	1	1	1	1	1	1	1	1	1							
AC1KRZ_003145	AOBS82_9	0	1	0	0	0	1	1	1	0							
AC1KRZ_003147	AOBS82_9	1	1	1	1	1	1	0	1	1							
AC1KRZ_003150	AOBS82_9	1	1	0	0	0	1	0	0	0							
AC1KRZ_003152	AOBS82_9	1	1	1	1	1	1	1	1	1							
AC1KRZ_003153	AOBS82_9	1	1	1	1	1	1	1	1	1							
AC1KRZ_003156	AOBS82_9	1	1	1	1	1	1	0	0	1							
AC1KRZ_003157	AOBS82_9	1	1	1	0	1	1	1	0	1							
AC1KRZ_003158	AOBS82_9	1	1	1	1	1	1	0	0	1							
AC1KRZ_003165	AOBS82_9	1	1	1	1	1	1	0	1	1							
AC1KRZ_003166	AOBS82_9	1	1	1	1	1	1	0	1	1							
AC1KRZ_003171	AOBS82_9	1	1	1	1	1	1	1	1	1							
AC1KRZ_003172	AOBS82_9	1	1	1	1	1	1	1	1	1							
AC1KRZ_003174	AOBS82_9	1	1	1	1	1	1	1	1	1							
AC1KRZ_003176	AOBS82_9	1	1	0	0	0	1	0	0	0							
AC1KRZ_003177	AOBS82_9	1	1	1	1	1	1	1	1	1							
AC1KRZ_003178	AOBS82_9	1	1	1	1	1	1	1	1	1							
AC1KRZ_003182	AOBS82_9	1	1	1	1	0	1	0	0	1							
AC1KRZ_003185	AOBS82_9	1	1	0	0	1	1	0	0	0							
AC1KRZ_003187	AOBS82_9	1	1	1	1	1	1	1	1	1							
AC1KRZ_003188	AOBS82_9	1	1	1	1	1	1	1	0	1							
AC1KRZ_003191	AOBS82_9	0	1	1	1	1	1	1	1	1							
AC1KRZ_003192	AOBS82_9	1	1	1	1	1	1	1	1	1							
AC1KRZ_003193	AOBS82_9	1	1	1	0	0	1	1	0	1							
AC1KRZ_003195	AOBS82_9	1	1	1	1	1	1	1	1	1							
AC1KRZ_003199	AOBS82_9	0	1	1	1	1	1	0	0	1							
AC1KRZ_003200	AOBS82_9	0	1	1	0	1	1	1	0	0							
AC1KRZ_003208	AOBS82_9	0	1	1	1	1	1	1	0	0							
AC1KRZ_003211	AOBS82_9	1	1	1	1	1	1	1	0	1							
AC1KRZ_003221	AOBS82_9	1	1	1	0	1	1	0	0	1							
AC1KRZ_003223	AOBS82_9	1	1	1	1	1	1	1	1	1							
AC1KRZ_003229	AOBS82_9	0	1	1	1	1	1	1	1	1							
AC1KRZ_003230	AOBS82_9	1	1	1	1	1	1	1	1	1							
AC1KRZ_003233	AOBS82_9	1	1	1	1	1	1	1	1	1							
AC1KRZ_003234	AOBS82_9	0	1	0	1	1	1	1	0	1							
AC1KRZ_003238	AOBS82_9	1	1	1	1	1	1	1	1	1							
AC1KRZ_003239	AOBS82_9	1	1	1	1	1	1	1	1	1							
AC1KRZ_003240	AOBS82_9	1	1	1	1	1	1	1	1	1							
AC1KRZ_003242	AOBS82_9	1	1	1	1	1	1	1	1	1							
AC1KRZ_003243	AOBS82_9	1	1	0	0	0	1	0	0	0							
AC1KRZ_003245	AOBS82_9	0	1	1	1	1	1	0	0	1							
AC1KRZ_003247	AOBS82_9	1	1	1	1	1	1	1	1	1							
AC1KRZ_003248	AOBS82_9	1	1	1	1	1	1	1	1	1							
AC1KRZ_003252	AOBS82_9	1	1	1	1	1	1	1	1	1							
AC1KRZ_003256	AOBS82_9	0	1	1	1	1	1	1	1	0							
AC1KRZ_003259	AOBS82_9	0	1	0	0	0	1	0	0	0							
AC1KRZ_003263	AOBS82_9	0	1	1	1	1	1	1	0	1							
AC1KRZ_003267	AOBS82_9	0	1	1	1	1	1	1	1	0							
AC1KRZ_003268	AOBS82_9	1	1	1	1	1	1	1	1	1							
AC1KRZ_003271	AOBS82_9	1	1	1	1	1	1	1	1	1							
AC1KRZ_003281	AOBS82_9	1	1	1	1	1	1	1	1	1							
AC1KRZ_003282	AOBS82_9	1	1	1	1	1	1	1	1	1							
AC1KRZ_003283	AOBS82_9	1	1	1	1	1	1	1	1	1							
AC1KRZ_003288	AOBS82_9	1	1	1	1	1	1	1	1	1							
AC1KRZ_003289	AOBS82_9	1	1	1	1	1	1	1	1	1							
AC1KRZ_003291	AOBS82_9	1	1	1	1	1	1	1	1	1							
AC1KRZ_003292	AOBS82_9	1	1	1	1	1	1	1	0	1							
AC1KRZ_003296	AOBS82_9	1	1	1	1	1	1	0	0	1							
AC1KRZ_003297	AOBS82_9	1	1	1	1	1	1	1	0	1							
AC1KRZ_003309	AOBS82_9	0	1	0	0	0	1	0	0	1							
AC1KRZ_003311	AOBS82_9	0	1	0	0	0	1	0	0	0							
AC1KRZ_003313	AOBS82_9	1	1	1	1	1	1	1	1	1							
AC1KRZ_003315	AOBS82_9	1	1	1	1	1	1	1	1	1							
AC1KRZ_003316	AOBS82_9	1	1	1	1	1	1	1	1	1							
AC1KRZ_003322	AOBS82_9	1	1	1	1	0	1	1	1	1							
AC1KRZ_003323	AOBS82_9	1	1	1	1	1	1	1	1	1							
AC1KRZ_003325	AOBS82_9	1	1	1	1	1	1	0	0	1							
AC1KRZ_003326	AOBS82_9	1	1	1	1	1	1	0	1	1							
AC1KRZ_003327	AOBS82_9	1	1	1	1	1	1	1	1	1							
AC1KRZ_003328	AOBS82_9	1	1	1	1	1	1	1	1	1							
AC1KRZ_003329	AOBS82_9	1	1	1	1	0	1	1	0	0							
AC1KRZ_003330	AOBS82_9	1	1	1	1	1	1	1	1	1							
AC1KRZ_003331	AOBS82_9	1	1	1	1	1	1	1	1	1							
AC1KRZ_003332	AOBS82_9	1	1	1	1	1	1	1	1	1							
AC1KRZ_003338	AOBS82_9	1	1	1	1	1	1	0	0	1							
AC1KRZ_003339	AOBS82_9	1	1	1	1	1	1	1	1	1							
AC1KRZ_003341	AOBS82_9	1	1	1	1	1	1	1	1	1							
AC1KRZ_003344	AOBS82_9	1	1	1	0	1	1	1	1	1							
AC1KRZ_003346	AOBS82_9	0	1	0	1	1	1	0	0	1							
AC1KRZ_003348	AOBS82_9	1	1	1	0	1	1	1	1	1							
AC1KRZ_003349	AOBS82_9	1	1	1	1	1	1	0	0	1							
AC1KRZ_003350	AOBS82_9	0	1	1	1	1	1	1	1	1							
AC1KRZ_003355	AOBS82_9	1	1	1	1	1	1	0	0	1							
AC1KRZ_003357	AOBS82_9	1	1	1	1	1	1	1	1	1							
AC1KRZ_003358	AOBS82_9	1	1	1	1	1	1	1	1	1							
AC1KRZ_003359	AOBS82_9	1	1	1	1	1	1	0	1	1							
AC1KRZ_003361	AOBS82_9	1	1	1	1	1	1	1	1	1							
AC1KRZ_003362	AOBS82_9	1	1	1	1	1	1	0	1	1							
AC1KRZ_003364	AOBS82_9	1	1	1	1	1	1	1	1	1							
AC1KRZ_003366	AOBS82_9	1	1	1	1	1	1	0	1	1							
AC1KRZ_003368	AOBS82_9	1	1	1	1	1	1	1	1	1							
AC1KRZ_003370	AOBS82_9	1	1	1	1	1	1	1	1	1							
AC1KRZ_003371	AOBS82_9	1	1	1	1	1	1	1	1	1							
AC1KRZ_003372	AOBS82_9	1	1	1	1	1	1	1	1	1							
AC1KRZ_003374	AOBS82_9	1	1	1	1	1	1	0	0	1							
AC1KRZ_003378	AOBS82_9	0	1	0	0	0	1	1	1	0							
AC1KRZ_003379	AOBS82_9	0	1	0	0	0	1	1	1	0							
AC1KRZ_003380	AOBS82_9	1	1	1	1	1	1	1	1	1							
AC1KRZ_003383	AOBS82_9	1	1	1	1	1	1	1	1	1							
AC1KRZ_003385	AOBS82_9	1	1	1	1	1	1	1	1	0							
AC1KRZ_003387	AOBS82_9	1	1	1	1	1	1	1	1	1							
AC1KRZ_003388	AOBS82_9	1	1	1	1	1	1	1	1	1							
AC1KRZ_003390	AOBS82_9	1	1	1	1	1	1	1	1	1							
AC1KRZ_003393	AOBS82_9	1	1	1	1	1	1	0	1	1							
AC1KRZ_003395	AOBS82_9	1	1	1	1	1	1	1	1	1							
AC1KRZ_003396	AOBS82_9	1	1	1	1	1	1	1	1	1							
AC1KRZ_003397	AOBS82_9	1	1	1	1	1	1	1	1	1							
AC1KRZ_003408	AOBS82_9	1	1	1	0	0	1	0	0	0							
AC1KRZ_003420	AOBS82_9	1	1	1	1	0	1	0	0	1							
AC1KRZ_003421	AOBS82_9	1	1	1	1	1	1	0	0	1							
AC1KRZ_003422	AOBS82_9	1	1	1	1	1	1	1	1	1							
AC1KRZ_003425	AOBS82_9	1	1	1	1	1	1	1	1	1							
AC1KRZ_003427	AOBS82_9	1	1	1	1	1	1	0	1	1							
AC1KRZ_003429	AOBS82_9	1	1	1	1	1	1	1	1	1							
AC1KRZ_003432	AOBS82_9	1	1	1	1	1	1	1	1	1							
AC1KRZ_003433	AOBS82_9	1	1	1	1	1	1	1	1	1							
AC1KRZ_003434	AOBS82_9	1	1	1	1	1	1	1	1	1							
AC1KRZ_003438	AOBS82_9	1	1	1	1	1	1	1	1	1							
AC1KRZ_003441	AOBS82_9	1	1	1	1	1	1	1	1	1							
AC1KRZ_003442	AOBS82_9	1	1	1	1	1	1	1	1	1							
AC1KRZ_003443	AOBS82_9	1	1	1	0	0	1	1	1	0							
AC1KRZ_003445	AOBS82_9	1	1	1	1	1	1	1	1	1							
AC1KRZ_003446	AOBS82_9	1	1	0	0	0	1	1	1	0							
AC1KRZ_003447	AOBS82_9	0	1	1	1	1	1	1	1	1							
AC1KRZ_003451	AOBS82_9	0	1	1	1	1	1	1	0	1							
AC1KRZ_003452	AOBS82_9	1	1	1	1	1	1	1	0	1							
AC1KRZ_003453	AOBS82_9	1	1	1	1	1	1	1	1	1							
AC1KRZ_003454	AOBS82_9	1	1	1	1	1	1	1	1	1							
AC1KRZ_003457	AOBS82_9	1	1	1	0	1	1	0	0	0							
AC1KRZ_003459	AOBS82_9	1	1	1	1	1	1	1	0	1							
AC1KRZ_003460	AOBS82_9	0	1	0	0	0	1	1	1	0							
AC1KRZ_003461	AOBS82_9	1	1	1	1	1	1	1	1	1							
AC1KRZ_003465	AOBS82_9	1	1	1	1	1	1	1	1	1							
AC1KRZ_003466	AOBS82_9	0	1	1	1	1	1	0	1	1							
AC1KRZ_003469	AOBS82_9	1	1	0	0	1	1	1	0	1							
AC1KRZ_003471	AOBS82_9	0	1	1	1	1	1	1	1	1							
AC1KRZ_003481	AOBS82_9	1	1	1	1	1	1	1	1	1							
AC1KRZ_003482	AOBS82_9	1	1	1	1	1	1	1	1	1							
AC1KRZ_003485	AOBS82_9	1	1	1	1	1	1	1	1	1							
AC1KRZ_003486	AOBS82_9	1	1	0	0	0	1	0	0	0							
AC1KRZ_003487	AOBS82_9	1	1	1	1	1	1	1	1	1							
AC1KRZ_003489	AOBS82_9	0	1	0	0	0	1	1	0	0							
AC1KRZ_003490	AOBS82_9	0	1	0	0	0	1	1	0	0							
AC1KRZ_003491	AOBS82_9	0	1	1	1	1	1	1	1	1							
AC1KRZ_003492	AOBS82_9	1	1	1	1	1	1	1	1	0							
AC1KRZ_003493	AOBS82_9	1	1	1	1	1	1	1	0	1							
AC1KRZ_003496	AOBS82_9	1	1	1	1	1	1	1	1	1							
AC1KRZ_003498	AOBS82_9	1	1	0	1	0	1	0	1	0							
AC1KRZ_003502	AOBS82_9	1	1	1	1	1	1	0	1	1							
AC1KRZ_003504	AOBS82_9	1	1	1	1	1	1	1	1	1							
AC1KRZ_003505	AOBS82_9	1	1	1	1	1	1	1	1	1							
AC1KRZ_003506	AOBS82_9	1	1	0	0	0	1	1	0	1							
AC1KRZ_003507	AOBS82_9	1	1	1	1	1	1	1	1	0							
AC1KRZ_003508	AOBS82_9	1	1	1	1	1	1	1	1	1							
AC1KRZ_003509	AOBS82_9	0	1	0	0	0	1	0	0	0							
AC1KRZ_003510	AOBS82_9	1	1	1	1	1	1	1	1	1							
AC1KRZ_003515	AOBS82_9	1	1	1	1	1	1	1	1	1							
AC1KRZ_003516	AOBS82_9	1	1	1	0	1	1	0	0	1							
AC1KRZ_003517	AOBS82_9	1	1	1	1	1	1	1	1	1							
AC1KRZ_003519	AOBS82_9	1	1	1	1	1	1	1	1	1							
AC1KRZ_003520	AOBS82_9	1	1	1	1	1	1	1	1	1							
AC1KRZ_003522	AOBS82_9	1	1	1	1	1	1	1	1	1							
AC1KRZ_003525	AOBS82_9	1	1	1	1	1	1	1	1	1							
AC1KRZ_003526	AOBS82_9	1	1	1	1	1	1	1	1	1							
AC1KRZ_003527	AOBS82_9	1	1	0	1	1	1	1	1	0							
AC1KRZ_003532	AOBS82_9	1	1	1	1	0	1	1	1	1							
AC1KRZ_003533	AOBS82_9	1	1	1	1	1	1	1	1	1							
AC1KRZ_003534	AOBS82_9	0	1	0	0	0	1	1	0	0							
AC1KRZ_003535	AOBS82_9	1	1	1	1	1	1	1	1	1							
AC1KRZ_003536	AOBS82_9	1	1	1	1	1	1	1	1	1							
AC1KRZ_003538	AOBS82_9	0	1	1	1	1	1	0	1	1							
AC1KRZ_000466	AOBS82_9	1	1	1	1	1	1	0	0	1							
AC1KRZ_000469	AOBS82_9	1	1	1	1	1	1	1	1	1							
AC1KRZ_000470	AOBS82_9	1	1	0	0	0	1	1	1	0							
AC1KRZ_000471	AOBS82_9	1	1	1	1	1	1	0	0	1							
AC1KRZ_000472	AOBS82_9	1	1	1	1	1	1	1	1	1							
AC1KRZ_000473	AOBS82_9	1	1	1	1	1	1	1	1	1							
AC1KRZ_000475	AOBS82_9	1	1	1	1	1	1	1	1	1							
AC1KRZ_000476	AOBS82_9	1	1	1	1	1	1	0	0	0							
AC1KRZ_000477	AOBS82_9	1	1	1	1	1	1	1	1	1							
AC1KRZ_000479	AOBS82_9	1	1	1	1	1	1	1	1	1							
AC1KRZ_000480	AOBS82_9	1	1	1	1	1	1	1	1	1							
AC1KRZ_000481	AOBS82_9	1	1	1	1	1	1	1	1	1							
AC1KRZ_000484	AOBS82_9	1	1	1	1	1	1	1	1	1							
AC1KRZ_000485	AOBS82_9	1	1	1	1	1	1	1	1	1							
AC1KRZ_000486	AOBS82_9	1	1	1	1	1	1	1	1	1							
AC1KRZ_000487	AOBS82_9	1	1	0	0	0	1	0	0	0							
AC1KRZ_000488	AOBS82_9	1	1	1	0	0	1	0	0	0							
AC1KRZ_000490	AOBS82_9	1	1	1	1	1	1	1	1	1							
AC1KRZ_000491	AOBS82_9	1	1	1	1	1	1	0	1	1							
AC1KRZ_000493	AOBS82_9	1	1	0	0	0	1	0	1	0							
AC1KRZ_000495	AOBS82_9	0	1	1	1	0	1	0	0	1							
AC1KRZ_000500	AOBS82_9	1	1	1	1	1	1	1	1	1							
AC1KRZ_000501	AOBS82_9	1	1	1	1	1	1	1	1	1							
AC1KRZ_000502	AOBS82_9	1	1	1	1	1	1	0	1	1							
AC1KRZ_000503	AOBS82_9	1	1	1	1	1	1	1	1	1							
AC1KRZ_000504	AOBS82_9	1	1	1	1	1	1	1	0	1							
AC1KRZ_000505	AOBS82_9	1	1	1	1	1	1	1	1	1							
AC1KRZ_000506	AOBS82_9	1	1	1	1	1	1	1	1	1							
AC1KRZ_000508	AOBS82_9	1	1	1	1	1	1	1	1	1							
AC1KRZ_000509	AOBS82_9	1	1	1	1	1	1	1	1	1							
AC1KRZ_000510	AOBS82_9	1	1	1	1	1	1	1	1	1							
AC1KRZ_000515	AOBS82_9	1	1	0	0	1	1	1	1	0							
AC1KRZ_000516	AOBS82_9	1	1	1	1	1	1	0	0	1							
AC1KRZ_000520	AOBS82_9	1	1	1	1	1	1	1	1	1							
AC1KRZ_000524	AOBS82_9	1	1	1	1	1	1	0	1	1							
AC1KRZ_000526	AOBS82_9	0	1	1	1	1	1	0	1	1							
AC1KRZ_000528	AOBS82_9	1	1	0	0	0	1	0	0	0							
AC1KRZ_000530	AOBS82_9	0	1	0	0	0	1	0	1	0							
AC1KRZ_000538	AOBS82_9	1	1	1	1	1	1	0	1	1							
AC1KRZ_000539	AOBS82_9	1	1	1	1	1	1	1	1	1							
AC1KRZ_000540	AOBS82_9	1	1	1	1	1	1	1	0	1							
AC1KRZ_000543	AOBS82_9	1	1	1	0	0	1	0	0	0							
AC1KRZ_000544	AOBS82_9	1	1	1	1	1	1	1	1	1							
AC1KRZ_000552	AOBS82_9	1	1	1	1	1	1	1	1	1							
AC1KRZ_000555	AOBS82_9	1	1	1	1	1	1	1	1	1							
AC1KRZ_000556	AOBS82_9	1	1	1	1	1	1	1	1	1							
AC1KRZ_000559	AOBS82_9	0	1	1	1	1	1	1	1	1							
AC1KRZ_000564	AOBS82_9	1	1	1	1	1	1	1	1	1							
AC1KRZ_000569	AOBS82_9	1	1	1	1	1	1	1	1	1							
AC1KRZ_000571	AOBS82_9	0	1	1	1	1	1	0	0	1							
AC1KRZ_000572	AOBS82_9	1	1	1	1	1	1	0	0	0							
AC1KRZ_000574	AOBS82_9	1	1	1	1	1	1	1	1	1							
AC1KRZ_000575	AOBS82_9	0	1	1	1	1	1	1	1	1							
AC1KRZ_000576	AOBS82_9	0	1	1	1	1	1	0	1	1							
AC1KRZ_000578	AOBS82_9	1	1	0	0	0	1	0	1	0							
AC1KRZ_000580	AOBS82_9	1	1	1	1	1	1	1	1	1							
AC1KRZ_000581	AOBS82_9	1	1	1	1	1	1	1	1	1							
AC1KRZ_000582	AOBS82_9	1	1	1	1	1	1	1	1	1							
AC1KRZ_000585	AOBS82_9	1	1	1	1	1	1	1	1	1							
AC1KRZ_000586	AOBS82_9	1	1	0	0	0	1	0	1	1							
AC1KRZ_000588	AOBS82_9	1	1	1	1	1	1	1	1	1							
AC1KRZ_000590	AOBS82_9	1	1	1	1	1	1	1	1	1							
AC1KRZ_000595	AOBS82_9	1	1	1	1	1	1	1	1	1							
AC1KRZ_000597	AOBS82_9	1	1	1	1	1	1	1	1	1							
AC1KRZ_000598	AOBS82_9	0	1	1	1	1	1	1	1	1							
AC1KRZ_000599	AOBS82_9	1	1	1	1	0	1	0	0	1							
AC1KRZ_000600	AOBS82_9	1	1	1	1	1	1	1	1	1							
AC1KRZ_000605	AOBS82_9	0	1	1	1	1	1	1	1	1							
AC1KRZ_000608	AOBS82_9	1	1	1	1	1	1	1	0	1							
AC1KRZ_000609	AOBS82_9	1	1	1	1	1	1	1	1	1							
AC1KRZ_000610	AOBS82_9	1	1	1	0	0	1	1	0	1							
AC1KRZ_000613	AOBS82_9	1	1	1	1	1	1	0	0	1							
AC1KRZ_000616	AOBS82_9	1	1	1	1	1	1	1	1	1							
AC1KRZ_000617	AOBS82_9	1	1	0	0	0	1	0	1	1							
AC1KRZ_000618	AOBS82_9	1	1	0	0	0	1	0	0	0							
AC1KRZ_000619	AOBS82_9	1	1	1	1	1	1	1	1	1							
AC1KRZ_000621	AOBS82_9	1	1	1	1	1	1	1	1	1							
AC1KRZ_000622	AOBS82_9	1	1	1	1	1	1	0	1	0							
AC1KRZ_000623	AOBS82_9	1	1	1	1	1	1	1	1	1							
AC1KRZ_000629	AOBS82_9	1	1	1	1	1	1	1	0	1							
AC1KRZ_000631	AOBS82_9	0	1	1	1	1	1	1	1	1							
AC1KRZ_000632	AOBS82_9	1	1	1	1	1	1	1	1	1							
AC1KRZ_000633	AOBS82_9	1	1	1	1	1	1	1	1	1							
AC1KRZ_000636	AOBS82_9	1	1	1	1	1	1	1	1	1							
AC1KRZ_000637	AOBS82_9	1	1	1	1	1	1	1	1	1							
AC1KRZ_000638	AOBS82_9	1	1	1	1	1	1	1	1	1							
AC1KRZ_000639	AOBS82_9	1	1	1	1	1	1	1	1	1							
AC1KRZ_000640	AOBS82_9	1	1	1	1	1	1	1	0	1							
AC1KRZ_000642	AOBS82_9	1	1	1	1	1	1	1	1	1							
AC1KRZ_000643	AOBS82_9	1	1	1	1	1	1	0	0	0							
AC1KRZ_000645	AOBS82_9	0	1	1	0	1	1	1	1	1							
AC1KRZ_000646	AOBS82_9	1	1	1	1	1	1	0	0	1							
AC1KRZ_000648	AOBS82_9	1	1	1	1	1	1	0	0	1							
AC1KRZ_000649	AOBS82_9	1	1	1	1	0	1	1	1	1							
AC1KRZ_000652	AOBS82_9	1	1	1	1	1	1	0	1	1							
AC1KRZ_000653	AOBS82_9	1	1	1	1	1	1	1	1	1							
AC1KRZ_000656	AOBS82_9	1	1	1	1	1	1	1	1	1							
AC1KRZ_000657	AOBS82_9	1	1	1	1	1	1	1	1	1							
AC1KRZ_000658	AOBS82_9	1	1	0	0	0	1	0	0	0							
AC1KRZ_000660	AOBS82_9	1	1	1	1	1	1	0	1	1							
AC1KRZ_000666	AOBS82_9	1	1	1	1	1	1	1	1	1							
AC1KRZ_000668	AOBS82_9	1	1	1	1	1	1	1	1	1							
AC1KRZ_000672	AOBS82_9	0	1	1	1	0	1	0	1	1							
AC1KRZ_000674	AOBS82_9	1	1	1	1	1	1	1	1	1							
AC1KRZ_000675	AOBS82_9	1	1	1	1	1	1	1	1	1							
AC1KRZ_000676	AOBS82_9	1	1	1	1	1	1	1	1	1							
AC1KRZ_003553	AOBS82_9	1	1	1	1	1	1	0	0	1							
AC1KRZ_003561	AOBS82_9	0	1	0	0	0	1	1	1	0							
AC1KRZ_003563	AOBS82_9	1	1	1	1	1	1	1	1	1							
AC1KRZ_003564	AOBS82_9	1	1	1	1	1	1	1	1	1							
AC1KRZ_003566	AOBS82_9	1	1	1	1	1	1	0	1	1							
AC1KRZ_003568	AOBS82_9	1	1	1	1	1	1	0	0	1							
AC1KRZ_003573	AOBS82_9	1	1	1	1	1	1	1	1	1							
AC1KRZ_003575	AOBS82_9	1	1	1	1	1	1	1	1	1							
AC1KRZ_003579	AOBS82_9	1	1	1	0	0	1	1	1	0							
AC1KRZ_003581	AOBS82_9	1	1	1	1	1	1	0	1	1							
AC1KRZ_003582	AOBS82_9	1	1	1	1	1	1	1	1	1							
AC1KRZ_003584	AOBS82_9	1	1	1	1	1	1	1	1	1							
AC1KRZ_003587	AOBS82_9	1	1	1	1	1	1	0	1	1							
AC1KRZ_003589	AOBS82_9	1	1	1	1	1	1	1	1	1							
AC1KRZ_003593	AOBS82_9	1	1	1	1	1	1	1	1	1							
AC1KRZ_003598	AOBS82_9	1	1	1	1	1	1	1	1	1							
AC1KRZ_003599	AOBS82_9	1	1	0	0	0	1	1	1	0							
AC1KRZ_003601	AOBS82_9	1	1	1	1	1	1	1	1	1							
AC1KRZ_003602	AOBS82_9	1	1	1	0	1	1	0	0	1							
AC1KRZ_003605	AOBS82_9	1	1	1	1	1	1	1	1	1							
AC1KRZ_003608	AOBS82_9	1	1	1	1	1	1	1	1	1							
AC1KRZ_003609	AOBS82_9	1	1	1	1	0	1	1	0	1							
AC1KRZ_003613	AOBS82_9	1	1	1	1	1	1	0	0	1							
AC1KRZ_003614	AOBS82_9	1	1	1	1	1	1	1	1	1							
AC1KRZ_003616	AOBS82_9	1	1	1	1	1	1	1	1	1							
AC1KRZ_003617	AOBS82_9	0	1	1	0	0	1	0	0	1							
AC1KRZ_003619	AOBS82_9	0	1	0	1	0	1	1	1	0							
AC1KRZ_003622	AOBS82_9	1	1	1	1	1	1	1	1	1							
AC1KRZ_003623	AOBS82_9	1	1	1	1	1	1	1	1	1							
AC1KRZ_003627	AOBS82_9	1	1	1	1	1	1	0	0	1							
AC1KRZ_003628	AOBS82_9	1	1	1	1	1	1	1	1	1							
AC1KRZ_003629	AOBS82_9	1	1	1	1	1	1	0	1	1							
AC1KRZ_003631	AOBS82_9	0	1	1	1	1	1	1	1	1							
AC1KRZ_003633	AOBS82_9	0	1	0	0	1	1	1	1	0							
AC1KRZ_003635	AOBS82_9	1	1	1	1	1	1	1	1	1							
AC1KRZ_003639	AOBS82_9	1	1	0	0	0	1	0	0	1							
AC1KRZ_003640	AOBS82_9	1	1	1	1	1	1	0	1	1							
AC1KRZ_003642	AOBS82_9	1	1	1	0	1	1	1	1	1							
AC1KRZ_003643	AOBS82_9	1	1	1	1	1	1	1	1	0							
AC1KRZ_003645	AOBS82_9	1	1	1	1	1	1	0	1	1							
AC1KRZ_003646	AOBS82_9	1	1	1	1	1	1	1	1	1							
AC1KRZ_003647	AOBS82_9	1	1	1	1	1	1	1	1	1							
AC1KRZ_003650	AOBS82_9	1	1	1	1	1	1	1	1	0							
AC1KRZ_003651	AOBS82_9	0	1	0	1	1	1	1	1	1							
AC1KRZ_003652	AOBS82_9	1	1	1	1	1	1	1	1	1							
AC1KRZ_003654	AOBS82_9	1	1	1	1	1	1	1	0	1							
AC1KRZ_003655	AOBS82_9	1	1	1	1	1	1	1	1	1							
AC1KRZ_003656	AOBS82_9	1	1	1	1	1	1	1	0	1							
AC1KRZ_003659	AOBS82_9	1	1	1	1	1	1	0	0	1							
AC1KRZ_003663	AOBS82_9	1	1	1	1	1	1	1	1	1							
AC1KRZ_003665	AOBS82_9	1	1	1	1	1	1	1	1	1							
AC1KRZ_003676	AOBS82_9	1	1	1	1	1	1	1	1	1							
AC1KRZ_003683	AOBS82_9	1	1	1	1	1	1	1	1	1							
AC1KRZ_003684	AOBS82_9	1	1	1	1	1	1	1	1	1							
AC1KRZ_003687	AOBS82_9	1	1	1	1	1	1	1	0	1							
AC1KRZ_003689	AOBS82_9	1	1	1	1	1	1	1	1	1							
AC1KRZ_003690	AOBS82_9	1	1	1	1	1	1	1	1	0							
AC1KRZ_003691	AOBS82_9	1	1	1	1	1	1	0	1	1							
AC1KRZ_003692	AOBS82_9	1	1	1	1	1	1	1	1	1							
AC1KRZ_003694	AOBS82_9	1	1	1	1	1	1	1	1	1							
AC1KRZ_003695	AOBS82_9	1	1	1	1	1	1	1	1	1							
AC1KRZ_003697	AOBS82_9	1	1	1	1	1	1	0	1	1							
AC1KRZ_003700	AOBS82_9	1	1	0	1	1	1	1	1	1							
AC1KRZ_003701	AOBS82_9	1	1	1	1	1	1	1	1	1							
AC1KRZ_003706	AOBS82_9	1	1	1	1	1	1	1	1	1							
AC1KRZ_003708	AOBS82_9	1	1	1	1	1	1	0	1	1							
AC1KRZ_003710	AOBS82_9	1	1	1	1	1	1	1	1	1							
AC1KRZ_003712	AOBS82_9	1	1	1	1	1	1	0	0	1							
AC1KRZ_003717	AOBS82_9	1	1	1	1	1	1	1	1	1							
AC1KRZ_003720	AOBS82_9	1	1	1	1	1	1	1	1	1							
AC1KRZ_003722	AOBS82_9	1	1	1	0	1	1	1	1	1							
AC1KRZ_003726	AOBS82_9	1	1	1	1	1	1	1	1	1							
AC1KRZ_003728	AOBS82_9	1	1	1	1	1	1	0	0	1							
AC1KRZ_003729	AOBS82_9	1	1	1	1	1	1	1	1	1							
AC1KRZ_003731	AOBS82_9	1	1	1	1	1	1	1	1	1							
AC1KRZ_003732	AOBS82_9	1	1	1	1	1	1	1	1	1							
AC1KRZ_003733	AOBS82_9	1	1	1	1	1	1	1	1	1							
AC1KRZ_003735	AOBS82_9	1	1	1	1	1	1	1	1	1							
AC1KRZ_003736	AOBS82_9	1	1	1	1	1	1	0	1	1							
AC1KRZ_003738	AOBS82_9	0	1	0	1	1	1	0	0	0							
AC1KRZ_003739	AOBS82_9	1	1	1	1	1	1	1	0	1							
AC1KRZ_003743	AOBS82_9	1	1	1	1	1	1	0	1	1							
AC1KRZ_003744	AOBS82_9	1	1	1	1	1	1	1	1	1							
AC1KRZ_003745	AOBS82_9	1	1	1	1	1	1	1	1	1							
AC1KRZ_003746	AOBS82_9	1	1	1	1	0	1	1	1	0							
AC1KRZ_003747	AOBS82_9	1	1	1	1	1	1	1	1	1							
AC1KRZ_003748	AOBS82_9	1	1	1	1	1	1	0	0	1							
AC1KRZ_003751	AOBS82_9	1	1	1	1	1	1	1	0	1							
AC1KRZ_003752	AOBS82_9	1	1	1	1	1	1	1	1	1							
AC1KRZ_003754	AOBS82_9	1	1	1	1	1	1	0	1	1							
AC1KRZ_003755	AOBS82_9	1	1	0	0	0	1	1	1	0							
AC1KRZ_003756	AOBS82_9	1	1	1	1	1	1	1	1	1							
AC1KRZ_003759	AOBS82_9	1	1	1	1	1	1	1	1	1							
AC1KRZ_003762	AOBS82_9	1	1	1	1	1	1	1	1	0							
AC1KRZ_003763	AOBS82_9	0	1	0	0	0	1	0	0	0							
AC1KRZ_003764	AOBS82_9	1	1	1	1	1	1	0	0	1							
AC1KRZ_003765	AOBS82_9	1	1	1	1	1	1	1	1	1							
AC1KRZ_003766	AOBS82_9	1	1	1	1	1	1	1	1	1							
AC1KRZ_003768	AOBS82_9	1	1	0	0	1	1	0	0	0							
AC1KRZ_003769	AOBS82_9	1	1	0	1	1	1	0	0	1							
AC1KRZ_003771	AOBS82_9	1	1	1	1	1	1	0	0	1							
AC1KRZ_003772	AOBS82_9	1	1	1	1	1	1	1	1	1							
AC1KRZ_003774	AOBS82_9	1	1	1	1	1	1	1	0	1							
AC1KRZ_003776	AOBS82_9	1	1	1	1	1	1	1	1	1							
AC1KRZ_003777	AOBS82_9	1	1	1	1	1	1	1	1	1							
AC1KRZ_003780	AOBS82_9	1	1	0	0	0	1	0	0	1							
AC1KRZ_003781	AOBS82_9	1	1	1	1	1	1	1	1	1							
AC1KRZ_003783	AOBS82_9	1	1	1	1	1	1	0	1	1							
AC1KRZ_003784	AOBS82_9	1	1	1	1	1	1	1	0	1							
AC1KRZ_003788	AOBS82_9	1	1	1	1	1	1	1	1	1							
AC1KRZ_003790	AOBS82_9	1	1	0	0	0	1	0	0	0							
AC1KRZ_003791	AOBS82_9	1	1	1	1	1	1	1	1	1							
AC1KRZ_003795	AOBS82_9	1	1	1	1	1	1	1	1	1							
AC1KRZ_003796	AOBS82_9	1	1	1	1	1	1	1	1	1							
AC1KRZ_003800	AOBS82_9	1	1	1	1	1	1	1	1	1							
AC1KRZ_003802	AOBS82_9	1	1	1	1	1	1	0	0	1							
AC1KRZ_003803	AOBS82_9	1	1	1	1	1	1	1	1	1							
AC1KRZ_003808	AOBS82_9	1	1	0	0	1	1	1	1	0							
AC1KRZ_003811	AOBS82_9	0	1	1	1	1	1	1	1	1							
AC1KRZ_003812	AOBS82_9	1	1	1	1	1	1	0	0	1							
AC1KRZ_003814	AOBS82_9	1	1	1	1	1	1	1	1	1							
AC1KRZ_003817	AOBS82_9	1	1	1	0	1	1	1	0	0							
AC1KRZ_003818	AOBS82_9	1	1	1	1	1	1	0	1	1							
AC1KRZ_003822	AOBS82_9	1	1	1	1	1	1	1	1	1							
AC1KRZ_003826	AOBS82_9	1	1	1	1	0	1	1	1	1							
AC1KRZ_003829	AOBS82_9	1	1	1	1	1	1	1	1	1							
AC1KRZ_003849	AOBS82_9	1	1	1	1	0	1	0	0	0							
AC1KRZ_003855	AOBS82_9	1	1	1	1	1	1	0	0	1							
AC1KRZ_003856	AOBS82_9	1	1	1	1	0	1	1	0	0							
AC1KRZ_003858	AOBS82_9	1	1	1	1	1	1	1	1	1							
AC1KRZ_003859	AOBS82_9	1	1	1	1	1	1	1	1	1							
AC1KRZ_003861	AOBS82_9	1	1	1	1	1	1	1	1	1							
AC1KRZ_003862	AOBS82_9	1	1	1	1	1	1	0	0	1							
AC1KRZ_003867	AOBS82_9	1	1	1	1	1	1	1	1	1							
AC1KRZ_003872	AOBS82_9	1	1	1	1	1	1	1	1	1							
AC1KRZ_003874	AOBS82_9	1	1	1	1	1	1	1	1	1							
AC1KRZ_003879	AOBS82_9	1	1	0	0	1	1	0	1	1							
AC1KRZ_003880	AOBS82_9	1	1	1	1	1	1	1	1	1							
AC1KRZ_003882	AOBS82_9	1	1	0	0	0	1	0	0	0							
AC1KRZ_003884	AOBS82_9	1	1	1	1	1	1	1	1	1							
AC1KRZ_003890	AOBS82_9	1	1	1	1	1	1	1	1	1							
AC1KRZ_003892	AOBS82_9	1	1	1	1	1	1	1	1	1							
AC1KRZ_003903	AOBS82_9	0	1	1	1	1	1	1	1	1							
AC1KRZ_003904	AOBS82_9	1	1	1	1	1	1	1	1	1							
AC1KRZ_003905	AOBS82_9	1	1	1	1	1	1	1	1	1							
AC1KRZ_003907	AOBS82_9	1	1	1	1	1	1	1	1	1							
AC1KRZ_003908	AOBS82_9	1	1	1	1	1	1	1	1	1							
AC1KRZ_003909	AOBS82_9	1	1	1	1	1	1	1	1	1							
AC1KRZ_003910	AOBS82_9	1	1	1	1	1	1	1	1	1							
AC1KRZ_003912	AOBS82_9	1	1	1	1	1	1	1	1	1							
AC1KRZ_003914	AOBS82_9	1	1	1	1	1	1	0	1	1							
AC1KRZ_003915	AOBS82_9	1	1	1	1	1	1	1	1	1							
AC1KRZ_003916	AOBS82_9	1	1	0	0	1	1	0	0	0							
AC1KRZ_003918	AOBS82_9	1	1	1	1	1	1	1	1	1							
AC1KRZ_003920	AOBS82_9	1	1	1	1	1	1	1	1	1							
AC1KRZ_003924	AOBS82_9	1	1	1	1	1	1	0	0	1							
AC1KRZ_003925	AOBS82_9	1	1	1	1	1	1	0	0	1							
AC1KRZ_003928	AOBS82_9	1	1	1	1	1	1	1	1	1							
AC1KRZ_003929	AOBS82_9	1	1	1	1	1	1	1	1	1							
AC1KRZ_003930	AOBS82_9	1	1	1	1	1	1	1	1	1							
AC1KRZ_003931	AOBS82_9	0	1	1	1	1	1	1	1	1							
AC1KRZ_003935	AOBS82_9	1	1	1	1	1	1	1	1	1							
AC1KRZ_003936	AOBS82_9	1	1	1	1	1	1	0	1	1							
AC1KRZ_003937	AOBS82_9	1	1	1	1	1	1	0	1	1							
AC1KRZ_003938	AOBS82_9	1	1	1	1	1	1	0	1	1							
AC1KRZ_003939	AOBS82_9	1	1	1	1	1	1	1	1	1							
AC1KRZ_003941	AOBS82_9	1	1	1	1	1	1	1	1	1							
AC1KRZ_003942	AOBS82_9	1	1	1	1	1	1	1	1	1							
AC1KRZ_003943	AOBS82_9	1	1	1	1	1	1	1	1	1							
AC1KRZ_003945	AOBS82_9	1	1	0	0	0	1	1	1	0							
AC1KRZ_003946	AOBS82_9	1	1	1	1	1	1	1	1	1							
AC1KRZ_003947	AOBS82_9	1	1	1	1	1	1	1	1	1							
AC1KRZ_003949	AOBS82_9	1	1	1	1	1	1	1	1	1							
AC1KRZ_003951	AOBS82_9	1	1	1	1	1	1	1	1	1							
AC1KRZ_003952	AOBS82_9	1	1	1	1	1	1	1	1	1							
AC1KRZ_003953	AOBS82_9	1	1	1	1	1	1	1	1	1							
AC1KRZ_003955	AOBS82_9	0	1	1	1	1	1	1	1	1							
AC1KRZ_003965	AOBS82_9	1	1	1	1	1	1	0	0	1							
AC1KRZ_003967	AOBS82_9	0	1	1	1	1	1	0	0	1							
AC1KRZ_003969	AOBS82_9	1	1	1	1	1	1	1	1	1							
AC1KRZ_003973	AOBS82_9	1	1	1	1	1	1	1	1	1							
AC1KRZ_003974	AOBS82_9	1	1	1	1	1	1	1	1	1							
AC1KRZ_003975	AOBS82_9	1	1	1	1	0	1	0	1	1							
AC1KRZ_003976	AOBS82_9	1	1	0	0	0	1	0	1	0							
AC1KRZ_003979	AOBS82_9	1	1	0	0	0	1	0	1	1							
AC1KRZ_003983	AOBS82_9	1	1	1	0	1	1	1	1	1							
AC1KRZ_003984	AOBS82_9	1	1	1	1	1	1	1	1	1							
AC1KRZ_003985	AOBS82_9	1	1	1	1	1	1	1	1	1							
AC1KRZ_003999	AOBS82_9	1	1	1	0	1	1	1	1	1							
AC1KRZ_004005	AOBS82_9	1	1	1	1	1	1	1	0	1							
AC1KRZ_004007	AOBS82_9	1	1	1	1	1	1	1	1	1							
AC1KRZ_004008	AOBS82_9	1	1	1	1	1	1	1	0	1							
AC1KRZ_004010	AOBS82_9	0	1	0	0	0	1	1	1	0							
AC1KRZ_004015	AOBS82_9	1	1	1	1	1	1	1	1	1							
AC1KRZ_004016	AOBS82_9	1	1	1	1	1	1	0	0	1							
AC1KRZ_004017	AOBS82_9	1	1	1	1	1	1	1	1	1							
AC1KRZ_004018	AOBS82_9	1	1	0	1	0	1	0	0	0							
AC1KRZ_004019	AOBS82_9	1	1	0	1	1	1	0	1	1							
AC1KRZ_004020	AOBS82_9	1	1	1	1	1	1	0	1	1							
AC1KRZ_004021	AOBS82_9	1	1	1	1	1	1	1	1	1							
AC1KRZ_004023	AOBS82_9	0	1	1	1	1	1	0	0	1							
AC1KRZ_004024	AOBS82_9	0	1	1	1	1	1	1	0	0							
AC1KRZ_004025	AOBS82_9	1	1	1	1	1	1	0	0	1							
AC1KRZ_004026	AOBS82_9	1	1	1	1	1	1	1	1	1							
AC1KRZ_004028	AOBS82_9	1	1	1	1	1	1	0	1	1							
AC1KRZ_004031	AOBS82_9	1	1	1	1	1	1	1	1	1							
AC1KRZ_004035	AOBS82_9	1	1	1	1	1	1	0	0	1							
AC1KRZ_004037	AOBS82_9	1	1	1	1	1	1	1	1	1							
AC1KRZ_004038	AOBS82_9	1	1	1	1	1	1	0	0	1							
AC1KRZ_004039	AOBS82_9	0	1	1	1	1	1	1	1	1							
AC1KRZ_004040	AOBS82_9	1	1	1	1	1	1	1	1	1							
AC1KRZ_004041	AOBS82_9	1	1	1	1	1	1	1	1	1							
AC1KRZ_004042	AOBS82_9	1	1	1	1	1	1	1	1	1							
AC1KRZ_004043	AOBS82_9	1	1	1	1	1	1	1	1	1							
AC1KRZ_004046	AOBS82_9	1	1	1	1	1	1	1	1	1							
AC1KRZ_004047	AOBS82_9	1	1	0	0	0	1	0	0	0							
AC1KRZ_004048	AOBS82_9	1	1	1	1	0	1	1	1	1							
AC1KRZ_004051	AOBS82_9	1	1	1	1	1	1	1	1	1							
AC1KRZ_004052	AOBS82_9	1	1	1	1	1	1	1	1	1							
AC1KRZ_004055	AOBS82_9	1	1	1	1	0	1	0	0	1							
AC1KRZ_004057	AOBS82_9	1	1	1	1	1	1	1	1	1							
AC1KRZ_004062	AOBS82_9	1	1	0	0	0	1	0	1	1							
AC1KRZ_004063	AOBS82_9	1	1	1	1	1	1	1	1	1							
AC1KRZ_004064	AOBS82_9	1	1	1	0	1	1	0	0	1							
AC1KRZ_004067	AOBS82_9	1	1	0	0	0	1	0	0	0							
AC1KRZ_004069	AOBS82_9	0	1	0	0	0	1	1	0	0							
AC1KRZ_004074	AOBS82_9	1	1	1	1	1	1	1	1	1							
AC1KRZ_004075	AOBS82_9	1	1	1	1	1	1	1	1	1							
AC1KRZ_004076	AOBS82_9	1	1	0	0	1	1	1	1	1							
AC1KRZ_004077	AOBS82_9	1	1	1	1	1	1	0	1	1							
AC1KRZ_004078	AOBS82_9	1	1	1	1	1	1	1	1	1							
AC1KRZ_004079	AOBS82_9	1	1	1	1	1	1	1	1	1							
AC1KRZ_004080	AOBS82_9	1	1	1	1	1	1	1	1	1							
AC1KRZ_004082	AOBS82_9	0	1	1	1	1	1	1	1	1							
AC1KRZ_004084	AOBS82_9	1	1	1	1	1	1	1	1	1							
AC1KRZ_004087	AOBS82_9	1	1	1	1	1	1	1	1	1							
AC1KRZ_004088	AOBS82_9	1	1	1	1	1	1	1	1	1							
AC1KRZ_004089	AOBS82_9	1	1	1	1	1	1	0	1	0							
AC1KRZ_004090	AOBS82_9	1	1	1	1	1	1	1	1	1							
AC1KRZ_004092	AOBS82_9	1	1	1	1	1	1	1	1	1							
AC1KRZ_004093	AOBS82_9	1	1	1	1	1	1	1	1	1							
AC1KRZ_004094	AOBS82_9	1	1	1	1	1	1	1	1	1							
AC1KRZ_004097	AOBS82_9	1	1	1	1	1	1	1	1	1							
AC1KRZ_000680	AOBS82_9	1	1	1	1	1	1	1	1	1							
AC1KRZ_000681	AOBS82_9	1	1	1	1	1	1	1	1	1							
AC1KRZ_000691	AOBS82_9	1	1	1	1	1	1	1	1	1							
AC1KRZ_000695	AOBS82_9	1	1	1	1	1	1	1	1	1							
AC1KRZ_000696	AOBS82_9	1	1	0	0	1	1	1	1	1							
AC1KRZ_000697	AOBS82_9	1	1	0	1	1	1	1	1	1							
AC1KRZ_000699	AOBS82_9	1	1	1	1	1	1	1	1	1							
AC1KRZ_000700	AOBS82_9	1	1	0	0	0	1	0	1	0							
AC1KRZ_000701	AOBS82_9	1	1	1	1	1	1	0	1	1							
AC1KRZ_000704	AOBS82_9	1	1	1	1	1	1	0	0	1							
AC1KRZ_000705	AOBS82_9	1	1	1	1	1	1	0	1	1							
AC1KRZ_000707	AOBS82_9	1	1	1	1	1	1	1	1	1							
AC1KRZ_000709	AOBS82_9	1	1	1	1	1	1	1	1	1							
AC1KRZ_000710	AOBS82_9	1	1	1	1	1	1	0	0	1							
AC1KRZ_000711	AOBS82_9	1	1	1	1	1	1	1	1	1							
AC1KRZ_000712	AOBS82_9	1	1	1	1	1	1	1	1	1							
AC1KRZ_000714	AOBS82_9	0	1	1	1	0	1	0	0	0							
AC1KRZ_000715	AOBS82_9	1	1	0	1	1	1	1	1	1							
AC1KRZ_000716	AOBS82_9	1	1	1	1	1	1	1	1	1							
AC1KRZ_000717	AOBS82_9	1	1	1	1	1	1	1	1	1							
AC1KRZ_000718	AOBS82_9	1	1	1	1	1	1	0	1	1							
AC1KRZ_000721	AOBS82_9	1	1	1	1	1	1	1	0	1							
AC1KRZ_000723	AOBS82_9	1	1	1	1	1	1	0	0	1							
AC1KRZ_000724	AOBS82_9	1	1	1	1	1	1	1	1	1							
AC1KRZ_000725	AOBS82_9	0	1	1	1	1	1	0	1	1							
AC1KRZ_000729	AOBS82_9	1	1	1	0	1	1	0	0	1							
AC1KRZ_000730	AOBS82_9	1	1	1	1	1	1	1	1	1							
AC1KRZ_000731	AOBS82_9	1	1	1	1	1	1	1	1	1							
AC1KRZ_000734	AOBS82_9	1	1	0	0	0	1	0	0	0							
AC1KRZ_000736	AOBS82_9	1	1	1	1	1	1	1	1	1							
AC1KRZ_000737	AOBS82_9	0	1	0	0	0	1	1	1	1							
AC1KRZ_000738	AOBS82_9	1	1	1	1	1	1	0	0	1							
AC1KRZ_000741	AOBS82_9	1	1	1	1	1	1	0	0	1							
AC1KRZ_000745	AOBS82_9	1	1	1	1	1	1	1	1	1							
AC1KRZ_000747	AOBS82_9	1	1	1	1	1	1	1	1	1							
AC1KRZ_000749	AOBS82_9	1	1	1	1	1	1	0	0	1							
AC1KRZ_000750	AOBS82_9	1	1	1	1	1	1	1	1	1							
AC1KRZ_000752	AOBS82_9	1	1	1	1	1	1	1	1	1							
AC1KRZ_000756	AOBS82_9	1	1	1	1	1	1	1	1	1							
AC1KRZ_000757	AOBS82_9	0	1	0	1	0	1	0	0	0							
AC1KRZ_000758	AOBS82_9	1	1	1	1	1	1	1	1	1							
AC1KRZ_000759	AOBS82_9	1	1	1	1	1	1	1	1	1							
AC1KRZ_000760	AOBS82_9	1	1	1	1	1	1	0	1	1							
AC1KRZ_000763	AOBS82_9	1	1	1	1	1	1	1	1	1							
AC1KRZ_000764	AOBS82_9	1	1	1	1	1	1	1	1	1							
AC1KRZ_000767	AOBS82_9	1	1	1	1	1	1	1	1	1							
AC1KRZ_000768	AOBS82_9	1	1	1	1	1	1	1	1	1							
AC1KRZ_000769	AOBS82_9	1	1	1	1	1	1	1	0	1							
AC1KRZ_000773	AOBS82_9	1	1	1	1	1	1	1	1	1							
AC1KRZ_000775	AOBS82_9	0	1	1	1	1	1	1	1	1							
AC1KRZ_000776	AOBS82_9	1	1	1	1	1	1	1	1	1							
AC1KRZ_000777	AOBS82_9	1	1	1	1	1	1	0	1	1							
AC1KRZ_000781	AOBS82_9	0	1	0	0	0	1	1	0	1							
AC1KRZ_000782	AOBS82_9	1	1	1	1	1	1	1	0	1							
AC1KRZ_000783	AOBS82_9	1	1	1	1	1	1	1	1	1							
AC1KRZ_000785	AOBS82_9	1	1	1	1	1	1	1	1	1							
AC1KRZ_000787	AOBS82_9	0	1	1	1	1	1	1	1	1							
AC1KRZ_000790	AOBS82_9	1	1	1	0	1	1	0	0	1							
AC1KRZ_000791	AOBS82_9	1	1	1	1	1	1	1	1	1							
AC1KRZ_000794	AOBS82_9	0	1	0	0	0	1	0	1	0							
AC1KRZ_000795	AOBS82_9	1	1	1	1	1	1	1	1	1							
AC1KRZ_000796	AOBS82_9	1	1	0	0	1	1	0	0	1							
AC1KRZ_000798	AOBS82_9	1	1	1	1	0	1	0	0	0							
AC1KRZ_000799	AOBS82_9	1	1	1	1	1	1	1	1	1							
AC1KRZ_000800	AOBS82_9	1	1	1	1	1	1	1	1	1							
AC1KRZ_000803	AOBS82_9	1	1	1	1	1	1	0	1	1							
AC1KRZ_000804	AOBS82_9	0	1	1	1	1	1	1	1	1							
AC1KRZ_000809	AOBS82_9	0	1	0	0	0	1	0	1	0							
AC1KRZ_000810	AOBS82_9	1	1	1	1	1	1	1	1	1							
AC1KRZ_000811	AOBS82_9	1	1	1	1	0	1	0	1	1							
AC1KRZ_000812	AOBS82_9	1	1	1	1	1	1	1	1	1							
AC1KRZ_000820	AOBS82_9	1	1	1	1	1	1	1	1	1							
AC1KRZ_000821	AOBS82_9	1	1	1	1	1	1	1	1	1							
AC1KRZ_000823	AOBS82_9	1	1	1	1	1	1	1	1	1							
AC1KRZ_000824	AOBS82_9	1	1	1	1	1	1	1	1	1							
AC1KRZ_000825	AOBS82_9	1	1	1	1	1	1	0	0	1							
AC1KRZ_000827	AOBS82_9	1	1	1	1	1	1	1	1	1							
AC1KRZ_000828	AOBS82_9	1	1	1	1	1	1	1	1	1							
AC1KRZ_000829	AOBS82_9	1	1	1	1	1	1	1	1	1							
AC1KRZ_000837	AOBS82_9	1	1	1	1	1	1	1	1	1							
AC1KRZ_000839	AOBS82_9	1	1	1	1	1	1	1	1	1							
AC1KRZ_000840	AOBS82_9	1	1	0	0	0	1	0	0	1							
AC1KRZ_000841	AOBS82_9	1	1	1	1	1	1	1	1	1							
AC1KRZ_000843	AOBS82_9	1	1	1	0	1	1	0	0	1							
AC1KRZ_004101	AOBS82_9	1	1	1	1	1	1	0	0	1							
AC1KRZ_004104	AOBS82_9	0	1	1	1	0	1	1	1	0							
AC1KRZ_004105	AOBS82_9	1	1	0	0	0	1	0	0	0							
AC1KRZ_004106	AOBS82_9	1	1	1	0	1	1	1	1	1							
AC1KRZ_004107	AOBS82_9	1	1	1	1	1	1	1	1	1							
AC1KRZ_004109	AOBS82_9	1	1	1	1	1	1	1	1	1							
AC1KRZ_004110	AOBS82_9	1	1	1	0	1	1	1	1	1							
AC1KRZ_004111	AOBS82_9	1	1	0	0	1	1	0	0	0							
AC1KRZ_004113	AOBS82_9	1	1	1	1	1	1	1	1	1							
AC1KRZ_004115	AOBS82_9	1	1	1	1	1	1	1	1	1							
AC1KRZ_004116	AOBS82_9	1	1	1	1	1	1	1	1	1							
AC1KRZ_004120	AOBS82_9	1	1	1	1	1	1	1	1	1							
AC1KRZ_004121	AOBS82_9	1	1	1	1	1	1	0	1	1							
AC1KRZ_004123	AOBS82_9	1	1	1	1	1	1	1	1	1							
AC1KRZ_004124	AOBS82_9	1	1	1	1	1	1	1	1	1							
AC1KRZ_004125	AOBS82_9	1	1	1	1	0	1	1	1	1							
AC1KRZ_004126	AOBS82_9	1	1	1	1	1	1	1	1	1							
AC1KRZ_004128	AOBS82_9	1	1	0	0	0	1	0	1	0							
AC1KRZ_004129	AOBS82_9	1	1	1	1	1	1	1	1	1							
AC1KRZ_004130	AOBS82_9	1	1	1	1	0	1	0	0	0							
AC1KRZ_004138	AOBS82_9	1	1	1	1	1	1	1	0	1							
AC1KRZ_004150	AOBS82_9	1	1	1	1	1	1	1	1	1							
AC1KRZ_004156	AOBS82_9	1	1	1	1	1	1	1	1	1							
AC1KRZ_004158	AOBS82_9	1	1	0	0	0	1	0	1	1							
AC1KRZ_004159	AOBS82_9	1	1	1	1	1	1	1	1	1							
AC1KRZ_004163	AOBS82_9	1	1	1	1	1	1	1	1	1							
AC1KRZ_004164	AOBS82_9	0	1	1	0	0	1	0	0	0							
AC1KRZ_004165	AOBS82_9	0	1	1	0	1	1	1	1	1							
AC1KRZ_004167	AOBS82_9	1	1	0	0	0	1	1	1	0							
AC1KRZ_004168	AOBS82_9	1	1	1	1	1	1	0	0	1							
AC1KRZ_004169	AOBS82_9	1	1	1	1	1	1	0	1	1							
AC1KRZ_004172	AOBS82_9	1	1	1	1	1	1	0	1	1							
AC1KRZ_004173	AOBS82_9	1	1	1	1	0	1	0	1	1							
AC1KRZ_004176	AOBS82_9	1	1	1	1	1	1	1	1	1							
AC1KRZ_004178	AOBS82_9	1	1	1	1	1	1	1	1	1							
AC1KRZ_004179	AOBS82_9	1	1	1	1	1	1	0	0	1							
AC1KRZ_004181	AOBS82_9	1	1	1	1	1	1	0	0	1							
AC1KRZ_004183	AOBS82_9	1	1	1	1	1	1	1	1	1							
AC1KRZ_004185	AOBS82_9	1	1	1	1	1	1	1	1	1							
AC1KRZ_004186	AOBS82_9	0	1	1	1	1	1	1	1	1							
AC1KRZ_004188	AOBS82_9	1	1	1	1	1	1	1	1	1							
AC1KRZ_004189	AOBS82_9	1	1	1	1	1	1	1	0	1							
AC1KRZ_004190	AOBS82_9	1	1	1	1	1	1	1	1	1							
AC1KRZ_004192	AOBS82_9	1	1	1	1	1	1	0	0	1							
AC1KRZ_004194	AOBS82_9	1	1	1	1	1	1	1	1	1							
AC1KRZ_004196	AOBS82_9	1	1	1	1	1	1	1	0	0							
AC1KRZ_004197	AOBS82_9	1	1	1	1	1	1	1	1	1							
AC1KRZ_004198	AOBS82_9	1	1	1	1	1	1	1	1	1							
AC1KRZ_004199	AOBS82_9	1	1	1	1	1	1	0	0	0							
AC1KRZ_004201	AOBS82_9	0	1	0	1	0	1	0	0	1							
AC1KRZ_004202	AOBS82_9	1	1	1	1	1	1	1	1	1							
AC1KRZ_004204	AOBS82_9	1	1	1	1	1	1	1	1	1							
AC1KRZ_004206	AOBS82_9	1	1	1	1	1	1	1	1	1							
AC1KRZ_004215	AOBS82_9	1	1	1	1	0	1	1	1	1							
AC1KRZ_004216	AOBS82_9	1	1	0	1	1	1	1	1	0							
AC1KRZ_004217	AOBS82_9	1	1	1	1	1	1	1	1	1							
AC1KRZ_004218	AOBS82_9	0	1	1	0	1	1	1	0	0							
AC1KRZ_004219	AOBS82_9	1	1	1	1	1	1	1	1	1							
AC1KRZ_004222	AOBS82_9	1	1	1	1	1	1	0	0	1							
AC1KRZ_004223	AOBS82_9	1	1	1	1	1	1	1	1	1							
AC1KRZ_004226	AOBS82_9	1	1	1	1	1	1	1	1	1							
AC1KRZ_004227	AOBS82_9	1	1	0	0	0	1	0	1	1							
AC1KRZ_004230	AOBS82_9	1	1	1	1	1	1	1	1	1							
AC1KRZ_004232	AOBS82_9	1	1	1	1	1	1	1	1	1							
AC1KRZ_004233	AOBS82_9	0	1	1	1	1	1	0	1	1							
AC1KRZ_004234	AOBS82_9	1	1	1	1	1	1	1	1	1							
AC1KRZ_004235	AOBS82_9	1	1	1	1	1	1	0	1	1							
AC1KRZ_004237	AOBS82_9	1	1	1	0	1	1	0	0	1							
AC1KRZ_004238	AOBS82_9	1	1	1	1	1	1	1	1	1							
AC1KRZ_004239	AOBS82_9	1	1	0	0	0	1	0	0	0							
AC1KRZ_004241	AOBS82_9	1	1	1	1	1	1	1	1	1							
AC1KRZ_004246	AOBS82_9	1	1	1	1	1	1	1	0	1							
AC1KRZ_004248	AOBS82_9	1	1	1	1	1	1	1	1	1							
AC1KRZ_004252	AOBS82_9	1	1	1	1	1	1	0	0	1							
AC1KRZ_004253	AOBS82_9	1	1	1	0	1	1	0	0	1							
AC1KRZ_004254	AOBS82_9	1	1	1	1	1	1	1	1	1							
AC1KRZ_004256	AOBS82_9	1	1	1	1	1	1	1	0	1							
AC1KRZ_004257	AOBS82_9	1	1	0	0	0	1	0	0	0							
AC1KRZ_004260	AOBS82_9	0	1	0	0	0	1	0	0	0							
AC1KRZ_004262	AOBS82_9	1	1	0	0	0	1	1	1	0							
AC1KRZ_004263	AOBS82_9	1	1	0	0	1	1	0	0	1							
AC1KRZ_004264	AOBS82_9	1	1	1	1	1	1	0	1	1							
AC1KRZ_004267	AOBS82_9	1	1	1	1	1	1	0	0	1							
AC1KRZ_004278	AOBS82_9	1	1	1	1	1	1	1	1	1							
AC1KRZ_004279	AOBS82_9	1	1	0	0	0	1	0	0	0							
AC1KRZ_004282	AOBS82_9	1	1	0	1	0	1	0	0	1							
AC1KRZ_004284	AOBS82_9	1	1	1	1	1	1	1	1	1							
AC1KRZ_004286	AOBS82_9	1	1	1	1	1	1	1	0	1							
AC1KRZ_004287	AOBS82_9	1	1	1	1	1	1	1	1	1							
AC1KRZ_004293	AOBS82_9	1	1	1	0	0	1	1	1	0							
AC1KRZ_004294	AOBS82_9	0	1	0	0	1	1	0	0	0							
AC1KRZ_004296	AOBS82_9	1	1	1	1	1	1	1	1	1							
AC1KRZ_004298	AOBS82_9	1	1	1	1	1	1	0	1	1							
AC1KRZ_004300	AOBS82_9	0	1	1	1	1	1	1	1	0							
AC1KRZ_004302	AOBS82_9	0	1	1	1	1	1	1	1	1							
AC1KRZ_004304	AOBS82_9	1	1	1	1	1	1	1	1	1							
AC1KRZ_004305	AOBS82_9	1	1	1	1	1	1	1	1	1							
AC1KRZ_004307	AOBS82_9	1	1	1	1	1	1	1	1	1							
AC1KRZ_004308	AOBS82_9	1	1	1	1	1	1	1	1	1							
AC1KRZ_004312	AOBS82_9	1	1	1	1	1	1	1	1	1							
AC1KRZ_004313	AOBS82_9	1	1	1	1	1	1	1	1	1							
AC1KRZ_004314	AOBS82_9	1	1	1	1	1	1	1	1	1							
AC1KRZ_004317	AOBS82_9	1	1	1	1	1	1	0	1	1							
AC1KRZ_004321	AOBS82_9	1	1	1	1	1	1	1	1	1							
AC1KRZ_004323	AOBS82_9	1	1	1	1	1	1	1	1	1							
AC1KRZ_004327	AOBS82_9	1	1	1	1	1	1	1	1	1							
AC1KRZ_004330	AOBS82_9	1	1	1	1	1	1	1	1	1							
AC1KRZ_004331	AOBS82_9	1	1	1	1	1	1	0	1	1							
AC1KRZ_004332	AOBS82_9	1	1	1	1	1	1	0	1	1							
AC1KRZ_004336	AOBS82_9	1	1	1	1	1	1	1	1	1							
AC1KRZ_004339	AOBS82_9	0	1	0	0	0	1	0	0	0							
AC1KRZ_004349	AOBS82_9	1	1	1	1	0	1	1	1	1							
AC1KRZ_004352	AOBS82_9	1	1	1	1	1	1	1	1	1							
AC1KRZ_004353	AOBS82_9	1	1	1	1	1	1	0	0	1							
AC1KRZ_004359	AOBS82_9	1	1	1	1	1	1	1	0	1							
AC1KRZ_004364	AOBS82_9	0	1	1	1	1	1	1	1	1							
AC1KRZ_004366	AOBS82_9	1	1	1	1	1	1	0	0	0							
AC1KRZ_004367	AOBS82_9	1	1	1	1	1	1	0	0	1							
AC1KRZ_004368	AOBS82_9	1	1	1	1	1	1	1	1	1							
AC1KRZ_004378	AOBS82_9	0	1	0	0	0	1	0	0	0							
AC1KRZ_004380	AOBS82_9	1	1	1	1	1	1	1	1	1							
AC1KRZ_004382	AOBS82_9	1	1	1	1	1	1	1	1	1							
AC1KRZ_004384	AOBS82_9	0	1	1	1	0	1	0	1	0							
AC1KRZ_004385	AOBS82_9	1	1	1	1	1	1	1	1	1							
AC1KRZ_004386	AOBS82_9	0	1	1	0	1	1	0	1	0							
AC1KRZ_004390	AOBS82_9	1	1	1	1	1	1	0	1	1							
AC1KRZ_004392	AOBS82_9	1	1	1	1	1	1	1	1	1							
AC1KRZ_004393	AOBS82_9	1	1	0	1	1	1	1	1	1							
AC1KRZ_004394	AOBS82_9	1	1	1	1	1	1	0	1	1							
AC1KRZ_004397	AOBS82_9	0	1	0	0	0	1	0	0	0							
AC1KRZ_004398	AOBS82_9	1	1	1	1	1	1	1	1	1							
AC1KRZ_004403	AOBS82_9	1	1	1	1	1	1	1	1	1							
AC1KRZ_004405	AOBS82_9	1	1	1	1	0	1	0	0	1							
AC1KRZ_004406	AOBS82_9	1	1	1	1	1	1	1	1	1							
AC1KRZ_004412	AOBS82_9	1	1	0	0	0	1	0	0	0							
AC1KRZ_004413	AOBS82_9	1	1	1	1	1	1	1	1	1							
AC1KRZ_004415	AOBS82_9	1	1	1	1	1	1	1	0	1							
AC1KRZ_004418	AOBS82_9	1	1	1	1	1	1	1	1	1							
AC1KRZ_004419	AOBS82_9	1	1	1	1	1	1	1	1	1							
AC1KRZ_004425	AOBS82_9	1	1	0	0	0	1	0	1	0							
AC1KRZ_004427	AOBS82_9	1	1	0	0	0	1	0	1	0							
AC1KRZ_004428	AOBS82_9	1	1	1	1	1	1	1	1	1							
AC1KRZ_004429	AOBS82_9	1	1	0	0	0	1	0	0	0							
AC1KRZ_004431	AOBS82_9	1	1	1	1	1	1	1	1	1							
AC1KRZ_004432	AOBS82_9	1	1	1	1	1	1	0	1	1							
AC1KRZ_004433	AOBS82_9	1	1	0	0	0	1	1	1	0							
AC1KRZ_004435	AOBS82_9	1	1	0	0	0	1	0	0	0							
AC1KRZ_004436	AOBS82_9	1	1	1	1	1	1	1	1	1							
AC1KRZ_004440	AOBS82_9	0	1	1	1	1	1	1	1	0							
AC1KRZ_004441	AOBS82_9	1	1	1	1	1	1	1	1	0							
AC1KRZ_004442	AOBS82_9	1	1	1	1	1	1	1	1	1							
AC1KRZ_004443	AOBS82_9	1	1	0	0	0	1	0	0	0							
AC1KRZ_004444	AOBS82_9	1	1	1	1	1	1	1	1	1							
AC1KRZ_004446	AOBS82_9	0	1	0	0	0	1	0	0	0							
AC1KRZ_004449	AOBS82_9	1	1	0	0	1	1	0	1	0							
AC1KRZ_004453	AOBS82_9	1	1	1	1	1	1	1	0	1							
AC1KRZ_004454	AOBS82_9	1	1	1	1	1	1	1	1	1							
AC1KRZ_004455	AOBS82_9	1	1	1	1	1	1	1	1	1							
AC1KRZ_004456	AOBS82_9	0	1	1	1	1	1	1	1	1							
AC1KRZ_004457	AOBS82_9	1	1	1	1	1	1	1	1	1							
AC1KRZ_004459	AOBS82_9	1	1	1	1	1	1	1	1	1							
AC1KRZ_004463	AOBS82_9	1	1	1	1	1	1	1	1	1							
AC1KRZ_004464	AOBS82_9	1	1	1	1	1	1	1	1	0							
AC1KRZ_004465	AOBS82_9	1	1	1	1	1	1	1	1	1							
AC1KRZ_004471	AOBS82_9	1	1	1	0	0	1	0	1	1							
AC1KRZ_004481	AOBS82_9	0	1	1	1	1	1	0	0	1							
AC1KRZ_004486	AOBS82_9	1	1	1	1	0	1	0	1	0							
AC1KRZ_004488	AOBS82_9	1	1	1	1	1	1	1	1	1							
AC1KRZ_004491	AOBS82_9	1	1	0	0	0	1	0	0	0							
AC1KRZ_004494	AOBS82_9	0	1	0	0	0	1	0	0	0							
AC1KRZ_004495	AOBS82_9	1	1	1	1	1	1	1	1	1							
AC1KRZ_004496	AOBS82_9	1	1	0	0	0	1	0	1	0							
AC1KRZ_004497	AOBS82_9	1	1	1	1	1	1	0	0	1							
AC1KRZ_004498	AOBS82_9	1	1	0	0	0	1	0	1	0							
AC1KRZ_004502	AOBS82_9	1	1	1	1	1	1	1	1	0							
AC1KRZ_004504	AOBS82_9	0	1	1	0	0	1	0	0	1							
AC1KRZ_004505	AOBS82_9	1	1	1	1	1	1	1	1	1							
AC1KRZ_004509	AOBS82_9	1	1	1	1	1	1	1	1	1							
AC1KRZ_004514	AOBS82_9	1	1	1	1	1	1	1	1	1							
AC1KRZ_004519	AOBS82_9	1	1	1	1	1	1	1	1	1							
AC1KRZ_004521	AOBS82_9	1	1	0	0	0	1	0	0	1							
AC1KRZ_004522	AOBS82_9	1	1	1	1	1	1	1	1	1							
AC1KRZ_004523	AOBS82_9	1	1	1	1	1	1	1	1	1							
AC1KRZ_004525	AOBS82_9	1	1	1	1	1	1	1	1	1							
AC1KRZ_004526	AOBS82_9	1	1	1	1	1	1	1	1	1							
AC1KRZ_004527	AOBS82_9	1	1	1	1	1	1	0	1	1							
AC1KRZ_004528	AOBS82_9	1	1	0	1	0	1	0	1	1							
AC1KRZ_004529	AOBS82_9	1	1	1	1	1	1	1	1	1							
AC1KRZ_004532	AOBS82_9	1	1	0	0	0	1	0	0	1							
AC1KRZ_004540	AOBS82_9	1	1	1	1	1	1	0	1	1							
AC1KRZ_004544	AOBS82_9	1	1	0	0	0	1	0	0	0							
AC1KRZ_004545	AOBS82_9	1	1	1	1	1	1	1	1	1							
AC1KRZ_004546	AOBS82_9	0	1	1	1	1	1	1	1	1							
AC1KRZ_004548	AOBS82_9	1	1	1	1	1	1	1	1	1							
AC1KRZ_000855	AOBS82_9	1	1	1	1	1	1	1	1	1							
AC1KRZ_000858	AOBS82_9	1	1	0	0	0	1	0	1	0							
AC1KRZ_000859	AOBS82_9	0	1	1	1	1	1	0	1	1							
AC1KRZ_000860	AOBS82_9	0	1	1	0	1	1	0	0	1							
AC1KRZ_000863	AOBS82_9	0	1	1	0	0	1	0	0	0							
AC1KRZ_000864	AOBS82_9	1	1	1	1	1	1	1	1	1							
AC1KRZ_000865	AOBS82_9	0	1	0	0	0	1	0	1	0							
AC1KRZ_000867	AOBS82_9	1	1	1	1	1	1	1	1	1							
AC1KRZ_000870	AOBS82_9	1	1	1	1	1	1	1	1	1							
AC1KRZ_000871	AOBS82_9	1	1	1	1	1	1	1	1	1							
AC1KRZ_000872	AOBS82_9	1	1	1	1	1	1	1	1	1							
AC1KRZ_000873	AOBS82_9	1	1	1	1	1	1	1	1	1							
AC1KRZ_000875	AOBS82_9	1	1	1	1	1	1	1	1	1							
AC1KRZ_000877	AOBS82_9	1	1	1	1	1	1	1	1	1							
AC1KRZ_000879	AOBS82_9	1	1	1	1	1	1	0	0	1							
AC1KRZ_000881	AOBS82_9	1	1	1	1	1	1	1	1	1							
AC1KRZ_000882	AOBS82_9	1	1	1	1	1	1	1	1	1							
AC1KRZ_000884	AOBS82_9	1	1	1	1	1	1	1	1	1							
AC1KRZ_000885	AOBS82_9	1	1	1	1	1	1	0	0	1							
AC1KRZ_000887	AOBS82_9	1	1	0	0	1	1	0	1	0							
AC1KRZ_000888	AOBS82_9	1	1	1	1	1	1	0	0	1							
AC1KRZ_000889	AOBS82_9	1	1	1	1	1	1	1	1	1							
AC1KRZ_000890	AOBS82_9	1	1	1	0	1	1	1	1	1							
AC1KRZ_000892	AOBS82_9	0	1	0	1	0	1	1	1	1							
AC1KRZ_000895	AOBS82_9	1	1	1	1	1	1	0	0	1							
AC1KRZ_000898	AOBS82_9	1	1	0	0	0	1	0	0	0							
AC1KRZ_000900	AOBS82_9	1	1	1	1	1	1	1	1	1							
AC1KRZ_000903	AOBS82_9	1	1	1	0	1	1	0	0	0							
AC1KRZ_000905	AOBS82_9	1	1	1	1	1	1	1	1	1							
AC1KRZ_000906	AOBS82_9	1	1	0	0	0	1	0	0	0							
AC1KRZ_000907	AOBS82_9	1	1	1	1	1	1	1	1	1							
AC1KRZ_000908	AOBS82_9	1	1	1	1	1	1	1	1	1							
AC1KRZ_000910	AOBS82_9	1	1	1	1	1	1	1	1	1							
AC1KRZ_000912	AOBS82_9	1	1	0	0	1	1	0	1	0							
AC1KRZ_000916	AOBS82_9	1	1	0	1	1	1	1	0	1							
AC1KRZ_000917	AOBS82_9	1	1	1	1	1	1	1	1	1							
AC1KRZ_000918	AOBS82_9	1	1	1	1	1	1	1	0	1							
AC1KRZ_000923	AOBS82_9	0	1	1	0	1	1	1	1	1							
AC1KRZ_000924	AOBS82_9	1	1	1	1	1	1	1	1	1							
AC1KRZ_000930	AOBS82_9	1	1	1	1	1	1	1	1	1							
AC1KRZ_000934	AOBS82_9	1	1	0	0	0	1	0	1	1							
AC1KRZ_000935	AOBS82_9	1	1	0	0	0	1	0	1	0							
AC1KRZ_000936	AOBS82_9	1	1	1	1	1	1	1	1	1							
AC1KRZ_000937	AOBS82_9	1	1	1	1	1	1	1	1	1							
AC1KRZ_000938	AOBS82_9	1	1	1	1	1	1	1	1	1							
AC1KRZ_000939	AOBS82_9	1	1	1	1	1	1	1	1	1							
AC1KRZ_000942	AOBS82_9	1	1	1	1	1	1	1	1	1							
AC1KRZ_000944	AOBS82_9	1	1	0	0	0	1	0	0	0							
AC1KRZ_000946	AOBS82_9	1	1	1	1	1	1	1	1	1							
AC1KRZ_000950	AOBS82_9	1	1	1	1	1	1	1	1	1							
AC1KRZ_000951	AOBS82_9	1	1	1	1	1	1	1	1	1							
AC1KRZ_000952	AOBS82_9	1	1	1	1	1	1	1	1	1							
AC1KRZ_000956	AOBS82_9	1	1	0	0	0	1	0	1	0							
AC1KRZ_000958	AOBS82_9	1	1	1	1	1	1	1	1	1							
AC1KRZ_000959	AOBS82_9	1	1	1	1	1	1	1	1	1							
AC1KRZ_000964	AOBS82_9	1	1	1	1	1	1	1	1	1							
AC1KRZ_000965	AOBS82_9	1	1	1	1	1	1	1	1	1							
AC1KRZ_000967	AOBS82_9	1	1	1	1	1	1	1	0	1							
AC1KRZ_000968	AOBS82_9	1	1	0	0	0	1	0	0	0							
AC1KRZ_000969	AOBS82_9	1	1	1	1	1	1	1	1	1							
AC1KRZ_000970	AOBS82_9	1	1	0	0	0	1	0	0	0							
AC1KRZ_000973	AOBS82_9	1	1	1	0	1	1	1	0	1							
AC1KRZ_000974	AOBS82_9	1	1	1	1	1	1	1	1	1							
AC1KRZ_000978	AOBS82_9	1	1	1	1	1	1	1	1	1							
AC1KRZ_000980	AOBS82_9	0	1	1	1	1	1	0	0	1							
AC1KRZ_000984	AOBS82_9	1	1	1	1	1	1	0	0	1							
AC1KRZ_000986	AOBS82_9	1	1	1	1	1	1	1	1	1							
AC1KRZ_000993	AOBS82_9	1	1	1	1	1	1	1	1	1							
AC1KRZ_000994	AOBS82_9	0	1	1	1	1	1	1	1	1							
AC1KRZ_000995	AOBS82_9	1	1	1	1	1	1	1	1	1							
AC1KRZ_000996	AOBS82_9	1	1	1	1	1	1	0	1	1							
AC1KRZ_001002	AOBS82_9	0	1	0	0	0	1	0	0	0							
AC1KRZ_001003	AOBS82_9	1	1	1	1	1	1	0	1	1							
AC1KRZ_001005	AOBS82_9	1	1	0	0	0	1	0	0	0							
AC1KRZ_001013	AOBS82_9	1	1	1	1	1	1	0	0	1							
AC1KRZ_001014	AOBS82_9	1	1	1	1	1	1	1	0	1							
AC1KRZ_001015	AOBS82_9	1	1	1	1	1	1	1	1	1							
AC1KRZ_001016	AOBS82_9	1	1	1	1	1	1	1	1	1							
AC1KRZ_001018	AOBS82_9	0	1	1	1	1	1	1	1	1							
AC1KRZ_001019	AOBS82_9	1	1	1	1	1	1	1	1	1							
AC1KRZ_001021	AOBS82_9	1	1	0	1	1	1	1	1	0							
AC1KRZ_001022	AOBS82_9	1	1	1	1	1	1	1	1	1							
AC1KRZ_001023	AOBS82_9	1	1	1	1	1	1	0	0	1							
AC1KRZ_001028	AOBS82_9	0	1	0	0	0	1	0	0	0							
AC1KRZ_001030	AOBS82_9	1	1	1	1	1	1	1	0	1							
AC1KRZ_001031	AOBS82_9	1	1	1	1	1	1	1	1	1							
AC1KRZ_001033	AOBS82_9	1	1	1	1	1	1	1	1	1							
AC1KRZ_001034	AOBS82_9	0	1	0	0	0	1	0	1	0							
AC1KRZ_001035	AOBS82_9	1	1	1	1	1	1	1	1	1							
AC1KRZ_001037	AOBS82_9	1	1	1	1	1	1	0	0	1							
AC1KRZ_001040	AOBS82_9	1	1	0	1	1	1	0	0	1							
AC1KRZ_004550	AOBS82_9	1	1	1	1	1	1	1	1	1							
AC1KRZ_004552	AOBS82_9	1	1	1	1	0	1	1	1	0							
AC1KRZ_004556	AOBS82_9	1	1	0	0	0	1	0	0	1							
AC1KRZ_004558	AOBS82_9	1	1	1	1	1	1	0	0	1							
AC1KRZ_004561	AOBS82_9	1	1	1	1	1	1	0	1	1							
AC1KRZ_004563	AOBS82_9	1	1	1	1	1	1	0	0	1							
AC1KRZ_004565	AOBS82_9	1	1	1	1	1	1	1	1	1							
AC1KRZ_004566	AOBS82_9	1	1	1	1	1	1	1	0	1							
AC1KRZ_004576	AOBS82_9	1	1	1	0	1	1	1	0	1							
AC1KRZ_004578	AOBS82_9	1	1	0	1	1	1	0	0	1							
AC1KRZ_004579	AOBS82_9	1	1	1	1	1	1	1	1	1							
AC1KRZ_004580	AOBS82_9	1	1	0	1	1	1	0	0	0							
AC1KRZ_004581	AOBS82_9	0	1	0	0	0	1	1	1	0							
AC1KRZ_004584	AOBS82_9	1	1	1	1	1	1	1	1	1							
AC1KRZ_004585	AOBS82_9	0	1	1	1	1	1	1	1	1							
AC1KRZ_004588	AOBS82_9	1	1	1	1	1	1	1	1	1							
AC1KRZ_004590	AOBS82_9	1	1	1	1	1	1	1	1	1							
AC1KRZ_004593	AOBS82_9	1	1	1	1	1	1	0	1	1							
AC1KRZ_004594	AOBS82_9	1	1	1	1	1	1	1	1	1							
AC1KRZ_004595	AOBS82_9	1	1	1	1	1	1	1	1	1							
AC1KRZ_004599	AOBS82_9	1	1	1	1	1	1	0	1	1							
AC1KRZ_004619	AOBS82_9	1	1	1	1	1	1	1	0	1							
AC1KRZ_004620	AOBS82_9	1	1	0	0	0	1	0	0	0							
AC1KRZ_004623	AOBS82_9	1	1	1	1	1	1	1	1	1							
AC1KRZ_004625	AOBS82_9	1	1	0	0	0	1	0	0	0							
AC1KRZ_004626	AOBS82_9	1	1	1	1	1	1	1	1	1							
AC1KRZ_004627	AOBS82_9	1	1	1	1	1	1	1	1	1							
AC1KRZ_004628	AOBS82_9	1	1	1	1	1	1	1	1	1							
AC1KRZ_004629	AOBS82_9	1	1	1	1	1	1	1	1	1							
AC1KRZ_004630	AOBS82_9	1	1	1	1	1	1	0	0	1							
AC1KRZ_004636	AOBS82_9	1	1	1	1	1	1	1	1	1							
AC1KRZ_004655	AOBS82_9	1	1	1	1	1	1	0	0	1							
AC1KRZ_004656	AOBS82_9	0	1	1	1	1	1	1	1	1							
AC1KRZ_004657	AOBS82_9	1	1	1	1	1	1	1	0	1							
AC1KRZ_004659	AOBS82_9	0	1	0	0	0	1	0	0	0							
AC1KRZ_004661	AOBS82_9	1	1	1	0	1	1	0	0	1							
AC1KRZ_004662	AOBS82_9	1	1	1	1	1	1	1	1	1							
AC1KRZ_004663	AOBS82_9	1	1	1	1	1	1	1	1	1							
AC1KRZ_004669	AOBS82_9	1	1	1	1	1	1	1	1	1							
AC1KRZ_004672	AOBS82_9	1	1	1	1	1	1	1	1	1							
AC1KRZ_004674	AOBS82_9	1	1	1	1	1	1	1	1	1							
AC1KRZ_004675	AOBS82_9	1	1	0	0	0	1	0	0	0							
AC1KRZ_004676	AOBS82_9	0	1	1	1	1	1	0	1	1							
AC1KRZ_004677	AOBS82_9	1	1	1	1	1	1	1	1	1							
AC1KRZ_004678	AOBS82_9	1	1	1	1	1	1	0	0	1							
AC1KRZ_004679	AOBS82_9	0	1	0	0	1	1	1	0	0							
AC1KRZ_004681	AOBS82_9	1	1	1	1	1	1	1	1	1							
AC1KRZ_004684	AOBS82_9	1	1	0	0	0	1	1	1	0							
AC1KRZ_004689	AOBS82_9	1	1	1	1	1	1	1	1	1							
AC1KRZ_004690	AOBS82_9	1	1	1	1	1	1	1	1	1							
AC1KRZ_004691	AOBS82_9	1	1	1	1	1	1	1	0	1							
AC1KRZ_004696	AOBS82_9	1	1	1	1	1	1	1	1	1							
AC1KRZ_004697	AOBS82_9	1	1	1	1	1	1	1	1	1							
AC1KRZ_004699	AOBS82_9	1	1	1	1	1	1	1	1	1							
AC1KRZ_004702	AOBS82_9	1	1	1	0	0	1	0	0	1							
AC1KRZ_004714	AOBS82_9	1	1	1	1	1	1	1	1	1							
AC1KRZ_004715	AOBS82_9	1	1	1	1	1	1	1	1	1							
AC1KRZ_004716	AOBS82_9	1	1	0	1	0	1	1	1	0							
AC1KRZ_004717	AOBS82_9	1	1	1	1	1	1	1	1	1							
AC1KRZ_004718	AOBS82_9	1	1	1	1	1	1	1	1	1							
AC1KRZ_004719	AOBS82_9	1	1	1	1	1	1	1	1	1							
AC1KRZ_004720	AOBS82_9	1	1	1	1	1	1	1	1	1							
AC1KRZ_004726	AOBS82_9	1	1	1	1	1	1	0	1	1							
AC1KRZ_004729	AOBS82_9	1	1	1	1	1	1	1	1	1							
AC1KRZ_004732	AOBS82_9	1	1	1	1	1	1	0	1	1							
AC1KRZ_004737	AOBS82_9	1	1	1	1	1	1	1	0	1							
AC1KRZ_004739	AOBS82_9	1	1	1	1	1	1	1	1	1							
AC1KRZ_004749	AOBS82_9	0	1	1	1	1	1	1	1	1							
AC1KRZ_004760	AOBS82_9	1	1	1	0	0	1	0	1	0							
AC1KRZ_004774	AOBS82_9	1	1	0	1	1	1	1	1	0							
AC1KRZ_004776	AOBS82_9	1	1	1	1	1	1	0	1	1							
AC1KRZ_004777	AOBS82_9	0	1	1	1	1	1	1	1	1							
AC1KRZ_004779	AOBS82_9	0	1	1	1	1	1	1	1	1							
AC1KRZ_004781	AOBS82_9	1	1	0	0	0	1	0	1	0							
AC1KRZ_004785	AOBS82_9	0	1	1	1	1	1	1	1	1							
AC1KRZ_004787	AOBS82_9	0	1	1	1	1	1	1	0	1							
AC1KRZ_004789	AOBS82_9	1	1	1	1	1	1	0	1	1							
AC1KRZ_004792	AOBS82_9	1	1	1	1	1	1	1	1	1							
AC1KRZ_004793	AOBS82_9	1	1	1	1	1	1	0	0	1							
AC1KRZ_004795	AOBS82_9	1	1	1	1	1	1	1	1	1							
AC1KRZ_004798	AOBS82_9	1	1	0	0	0	1	0	0	0							
AC1KRZ_004800	AOBS82_9	1	1	1	1	1	1	1	1	1							
AC1KRZ_004801	AOBS82_9	1	1	1	1	1	1	1	1	1							
AC1KRZ_004802	AOBS82_9	1	1	0	0	0	1	1	0	0							
AC1KRZ_004806	AOBS82_9	1	1	1	1	1	1	1	0	0							
AC1KRZ_004807	AOBS82_9	1	1	1	1	1	1	1	1	1							
AC1KRZ_004808	AOBS82_9	1	1	1	1	1	1	1	1	1							
AC1KRZ_004810	AOBS82_9	1	1	1	1	1	1	1	1	1							
AC1KRZ_004814	AOBS82_9	1	1	1	1	1	1	0	1	0							
AC1KRZ_004815	AOBS82_9	1	1	0	1	1	1	0	0	1							
AC1KRZ_001046	AOBS82_9	1	1	1	1	1	1	0	1	1							
AC1KRZ_001047	AOBS82_9	0	1	1	1	1	1	1	1	1							
AC1KRZ_001048	AOBS82_9	0	1	0	0	0	1	0	0	0							
AC1KRZ_001049	AOBS82_9	1	1	1	1	1	1	1	1	1							
AC1KRZ_001050	AOBS82_9	0	1	0	0	0	1	0	0	0							
AC1KRZ_001053	AOBS82_9	1	1	0	0	0	1	0	1	0							
AC1KRZ_001054	AOBS82_9	1	1	1	1	1	1	0	0	1							
AC1KRZ_001055	AOBS82_9	1	1	0	1	1	1	1	1	0							
AC1KRZ_001056	AOBS82_9	0	1	0	0	0	1	0	0	0							
AC1KRZ_001057	AOBS82_9	1	1	1	1	1	1	1	1	1							
AC1KRZ_001058	AOBS82_9	0	1	0	0	0	1	0	0	0							
AC1KRZ_001059	AOBS82_9	1	1	0	0	1	1	0	0	0							
AC1KRZ_001060	AOBS82_9	1	1	1	1	1	1	1	1	1							
AC1KRZ_001061	AOBS82_9	1	1	1	1	1	1	1	1	1							
AC1KRZ_001065	AOBS82_9	1	1	1	1	1	1	1	1	1							
AC1KRZ_001069	AOBS82_9	1	1	1	1	1	1	1	1	1							
AC1KRZ_001070	AOBS82_9	1	1	1	1	1	1	1	1	1							
AC1KRZ_001071	AOBS82_9	1	1	1	1	1	1	1	0	1							
AC1KRZ_001073	AOBS82_9	1	1	1	1	1	1	1	1	1							
AC1KRZ_001074	AOBS82_9	1	1	1	1	1	1	0	1	1							
AC1KRZ_001075	AOBS82_9	1	1	0	0	0	1	0	0	0							
AC1KRZ_001076	AOBS82_9	1	1	0	0	0	1	0	1	0							
AC1KRZ_001077	AOBS82_9	0	1	1	1	1	1	0	1	1							
AC1KRZ_001078	AOBS82_9	1	1	1	1	1	1	1	1	1							
AC1KRZ_001082	AOBS82_9	1	1	1	1	1	1	1	1	1							
AC1KRZ_001083	AOBS82_9	0	1	0	0	0	1	0	0	0							
AC1KRZ_001085	AOBS82_9	1	1	1	1	1	1	1	1	1							
AC1KRZ_001087	AOBS82_9	1	1	1	1	0	1	0	0	0							
AC1KRZ_001090	AOBS82_9	1	1	1	1	1	1	1	1	1							
AC1KRZ_001091	AOBS82_9	1	1	1	1	1	1	1	1	1							
AC1KRZ_001092	AOBS82_9	1	1	1	1	1	1	1	1	1							
AC1KRZ_001094	AOBS82_9	1	1	1	1	1	1	1	1	1							
AC1KRZ_001095	AOBS82_9	1	1	1	1	1	1	1	1	1							
AC1KRZ_001097	AOBS82_9	1	1	1	1	1	1	0	0	1							
AC1KRZ_001098	AOBS82_9	1	1	1	1	1	1	1	1	1							
AC1KRZ_001099	AOBS82_9	1	1	1	1	1	1	1	1	1							
AC1KRZ_001100	AOBS82_9	1	1	1	1	1	1	0	1	1							
AC1KRZ_001101	AOBS82_9	1	1	1	1	1	1	1	1	1							
AC1KRZ_001102	AOBS82_9	1	1	1	1	1	1	1	1	1							
AC1KRZ_001103	AOBS82_9	1	1	1	1	1	1	1	1	1							
AC1KRZ_001104	AOBS82_9	1	1	1	1	1	1	1	1	1							
AC1KRZ_001105	AOBS82_9	1	1	1	1	1	1	1	0	1							
AC1KRZ_001107	AOBS82_9	1	1	1	1	1	1	1	1	1							
AC1KRZ_001108	AOBS82_9	1	1	1	1	1	1	1	1	1							
AC1KRZ_001110	AOBS82_9	1	1	1	1	1	1	1	1	1							
AC1KRZ_001112	AOBS82_9	1	1	1	1	1	1	1	1	1							
AC1KRZ_001113	AOBS82_9	1	1	1	1	1	1	1	0	1							
AC1KRZ_001114	AOBS82_9	1	1	0	1	0	1	0	1	0							
AC1KRZ_001115	AOBS82_9	1	1	0	0	0	1	0	0	0							
AC1KRZ_001116	AOBS82_9	1	1	1	1	1	1	1	1	1							
AC1KRZ_001117	AOBS82_9	1	1	1	1	1	1	1	1	1							
AC1KRZ_001118	AOBS82_9	1	1	1	1	1	1	1	1	1							
AC1KRZ_001121	AOBS82_9	1	1	1	1	1	1	1	1	1							
AC1KRZ_001122	AOBS82_9	1	1	1	1	1	1	1	1	1							
AC1KRZ_001125	AOBS82_9	1	1	1	1	1	1	1	1	1							
AC1KRZ_001126	AOBS82_9	1	1	1	1	1	1	1	1	1							
AC1KRZ_001135	AOBS82_9	1	1	0	0	0	1	0	0	0							
AC1KRZ_001139	AOBS82_9	1	1	1	1	1	1	1	0	1							
AC1KRZ_001141	AOBS82_9	1	1	0	0	1	1	1	1	0							
AC1KRZ_001143	AOBS82_9	1	1	0	0	0	1	1	1	0							
AC1KRZ_001148	AOBS82_9	1	1	1	1	1	1	0	1	1							
AC1KRZ_001149	AOBS82_9	1	1	1	1	1	1	1	1	1							
AC1KRZ_001156	AOBS82_9	1	1	1	1	1	1	0	1	1							
AC1KRZ_001159	AOBS82_9	1	1	1	1	1	1	0	1	1							
AC1KRZ_001160	AOBS82_9	1	1	1	1	1	1	1	1	1							
AC1KRZ_001165	AOBS82_9	1	1	1	1	1	1	1	1	1							
AC1KRZ_001167	AOBS82_9	1	1	1	1	1	1	0	1	1							
AC1KRZ_001171	AOBS82_9	1	1	1	1	1	1	1	1	1							
AC1KRZ_001172	AOBS82_9	0	1	0	0	0	1	1	0	0							
AC1KRZ_001176	AOBS82_9	1	1	1	1	1	1	1	1	1							
AC1KRZ_001178	AOBS82_9	1	1	1	1	1	1	1	1	1							
AC1KRZ_001179	AOBS82_9	0	1	0	0	0	1	0	0	0							
AC1KRZ_001180	AOBS82_9	1	1	1	1	1	1	0	1	1							
AC1KRZ_001183	AOBS82_9	1	1	1	1	1	1	1	1	1							
AC1KRZ_001189	AOBS82_9	1	1	0	1	1	1	1	1	1							
AC1KRZ_001194	AOBS82_9	1	1	1	0	1	1	1	1	1							
AC1KRZ_001195	AOBS82_9	1	1	0	0	0	1	0	0	1							
AC1KRZ_001199	AOBS82_9	0	1	0	0	0	1	1	1	1							
AC1KRZ_001200	AOBS82_9	1	1	0	0	0	1	0	0	0							
AC1KRZ_001201	AOBS82_9	1	1	1	0	1	1	1	1	1							
AC1KRZ_001207	AOBS82_9	1	1	1	1	1	1	1	1	1							
AC1KRZ_001209	AOBS82_9	1	1	1	1	1	1	1	0	1							
AC1KRZ_001210	AOBS82_9	1	1	1	1	1	1	0	1	1							
AC1KRZ_001211	AOBS82_9	1	1	1	1	1	1	0	0	1							
AC1KRZ_001212	AOBS82_9	1	1	1	1	0	1	0	0	1							
AC1KRZ_001214	AOBS82_9	0	1	1	1	1	1	1	1	0							
AC1KRZ_001215	AOBS82_9	1	1	1	1	1	1	1	1	1							
AC1KRZ_001219	AOBS82_9	1	1	0	0	1	1	0	0	1							
AC1KRZ_001221	AOBS82_9	1	1	1	1	1	1	1	1	1							
AC1KRZ_004819	AOBS82_9	1	1	1	1	1	1	1	1	1							
AC1KRZ_004820	AOBS82_9	1	1	1	1	1	1	1	1	1							
AC1KRZ_004822	AOBS82_9	1	1	1	1	1	1	1	1	1							
AC1KRZ_004823	AOBS82_9	1	1	1	1	1	1	0	1	1							
AC1KRZ_004828	AOBS82_9	1	1	1	1	1	1	1	1	1							
AC1KRZ_004830	AOBS82_9	1	1	0	0	0	1	0	0	1							
AC1KRZ_004831	AOBS82_9	0	1	1	1	0	1	1	0	1							
AC1KRZ_004841	AOBS82_9	1	1	1	0	1	1	0	0	1							
AC1KRZ_004842	AOBS82_9	1	1	0	0	0	1	0	0	0							
AC1KRZ_004844	AOBS82_9	1	1	1	1	0	1	1	0	0							
AC1KRZ_004847	AOBS82_9	1	1	1	1	1	1	1	1	1							
AC1KRZ_004848	AOBS82_9	1	1	1	1	1	1	1	1	1							
AC1KRZ_004851	AOBS82_9	1	1	1	1	1	1	1	1	1							
AC1KRZ_004852	AOBS82_9	0	1	1	1	0	1	0	1	0							
AC1KRZ_004854	AOBS82_9	0	1	0	0	0	1	0	0	0							
AC1KRZ_004855	AOBS82_9	1	1	1	1	1	1	1	1	1							
AC1KRZ_004856	AOBS82_9	1	1	1	1	1	1	1	1	1							
AC1KRZ_004857	AOBS82_9	0	1	1	1	1	1	1	1	1							
AC1KRZ_004861	AOBS82_9	1	1	1	1	1	1	0	1	1							
AC1KRZ_004864	AOBS82_9	1	1	1	1	1	1	1	1	1							
AC1KRZ_004877	AOBS82_9	1	1	1	1	1	1	1	1	1							
AC1KRZ_004880	AOBS82_9	1	1	1	1	1	1	1	1	1							
AC1KRZ_004881	AOBS82_9	0	1	1	1	1	1	1	1	1							
AC1KRZ_004882	AOBS82_9	1	1	1	1	1	1	1	1	1							
AC1KRZ_004884	AOBS82_9	1	1	1	1	1	1	1	0	1							
AC1KRZ_004886	AOBS82_9	1	1	0	0	0	1	0	0	0							
AC1KRZ_004888	AOBS82_9	0	1	1	1	1	1	0	0	1							
AC1KRZ_004889	AOBS82_9	1	1	1	1	1	1	1	1	1							
AC1KRZ_004890	AOBS82_9	1	1	1	1	1	1	0	1	1							
AC1KRZ_004892	AOBS82_9	1	1	1	1	1	1	1	1	1							
AC1KRZ_004893	AOBS82_9	1	1	1	1	1	1	1	1	1							
AC1KRZ_004894	AOBS82_9	1	1	1	1	1	1	1	1	1							
AC1KRZ_004909	AOBS82_9	1	1	1	1	1	1	1	1	1							
AC1KRZ_004911	AOBS82_9	0	1	1	1	1	1	0	1	1							
AC1KRZ_004913	AOBS82_9	0	1	1	1	1	1	1	1	1							
AC1KRZ_004914	AOBS82_9	0	1	1	1	1	1	1	1	1							
AC1KRZ_004915	AOBS82_9	1	1	1	1	1	1	1	1	1							
AC1KRZ_004916	AOBS82_9	1	1	0	1	1	1	0	0	1							
AC1KRZ_004919	AOBS82_9	1	1	1	1	1	1	1	1	1							
AC1KRZ_004922	AOBS82_9	1	1	1	1	1	1	1	0	1							
AC1KRZ_004925	AOBS82_9	1	1	1	1	1	1	1	1	1							
AC1KRZ_004926	AOBS82_9	1	1	1	1	1	1	0	1	1							
AC1KRZ_004941	AOBS82_9	0	1	1	1	1	1	1	1	1							
AC1KRZ_004942	AOBS82_9	1	1	1	1	1	1	0	1	1							
AC1KRZ_004944	AOBS82_9	1	1	0	0	0	1	0	0	0							
AC1KRZ_004948	AOBS82_9	1	1	1	1	1	1	1	1	1							
AC1KRZ_004951	AOBS82_9	1	1	1	1	1	1	0	0	1							
AC1KRZ_004953	AOBS82_9	1	1	1	1	1	1	1	1	1							
AC1KRZ_004954	AOBS82_9	1	1	1	1	1	1	1	1	1							
AC1KRZ_001226	AOBS82_9	1	1	1	1	1	1	1	1	1							
AC1KRZ_001228	AOBS82_9	1	1	1	1	1	1	1	1	1							
AC1KRZ_001229	AOBS82_9	1	1	1	1	1	1	1	1	1							
AC1KRZ_001230	AOBS82_9	1	1	1	1	1	1	1	1	1							
AC1KRZ_001231	AOBS82_9	1	1	1	1	1	1	1	1	1							
AC1KRZ_001233	AOBS82_9	1	1	1	1	1	1	1	1	1							
AC1KRZ_001235	AOBS82_9	1	1	0	0	0	1	0	0	0							
AC1KRZ_001236	AOBS82_9	1	1	1	1	1	1	0	1	1							
AC1KRZ_001244	AOBS82_9	1	1	1	1	1	1	1	1	1							
AC1KRZ_001246	AOBS82_9	1	1	1	1	1	1	1	0	1							
AC1KRZ_001247	AOBS82_9	1	1	1	1	1	1	1	1	1							
AC1KRZ_001248	AOBS82_9	1	1	1	1	1	1	1	1	1							
AC1KRZ_001249	AOBS82_9	1	1	0	0	0	1	0	0	0							
AC1KRZ_001252	AOBS82_9	1	1	1	1	1	1	0	0	1							
AC1KRZ_001268	AOBS82_9	1	1	1	1	1	1	1	1	1							
AC1KRZ_001274	AOBS82_9	1	1	1	1	1	1	1	1	1							
AC1KRZ_001277	AOBS82_9	1	1	0	0	0	1	0	1	0							
AC1KRZ_001278	AOBS82_9	1	1	1	1	1	1	1	1	1							
AC1KRZ_001283	AOBS82_9	1	1	1	1	1	1	1	1	1							
AC1KRZ_001284	AOBS82_9	1	1	1	1	1	1	0	1	1							
AC1KRZ_001286	AOBS82_9	1	1	1	1	0	1	1	1	0							
AC1KRZ_001289	AOBS82_9	1	1	1	0	1	1	1	1	1							
AC1KRZ_001292	AOBS82_9	1	1	1	1	1	1	0	0	1							
AC1KRZ_001294	AOBS82_9	1	1	1	1	1	1	1	1	1							
AC1KRZ_001295	AOBS82_9	1	1	1	1	1	1	1	1	1							
AC1KRZ_001297	AOBS82_9	1	1	1	1	1	1	1	0	1							
AC1KRZ_001298	AOBS82_9	1	1	1	1	1	1	1	1	1							
AC1KRZ_001299	AOBS82_9	1	1	1	1	1	1	1	1	1							
AC1KRZ_001300	AOBS82_9	0	1	0	0	0	1	1	0	0							
AC1KRZ_001302	AOBS82_9	1	1	1	1	1	1	1	1	1							
AC1KRZ_001304	AOBS82_9	1	1	1	1	1	1	0	0	0							
AC1KRZ_001305	AOBS82_9	0	1	1	1	1	1	1	1	1							
AC1KRZ_001306	AOBS82_9	0	1	1	1	1	1	1	1	1							
AC1KRZ_001313	AOBS82_9	1	1	0	1	1	1	0	1	1							
AC1KRZ_001315	AOBS82_9	1	1	1	1	1	1	1	1	1							
AC1KRZ_001318	AOBS82_9	1	1	1	1	1	1	1	1	1							
AC1KRZ_001319	AOBS82_9	1	1	1	1	1	1	1	1	1							
AC1KRZ_001323	AOBS82_9	1	1	1	1	1	1	1	1	1							
AC1KRZ_001326	AOBS82_9	1	1	1	1	1	1	1	1	0							
AC1KRZ_001328	AOBS82_9	1	1	1	1	1	1	0	1	1							
AC1KRZ_001333	AOBS82_9	1	1	1	1	1	1	1	1	1							
AC1KRZ_001334	AOBS82_9	1	1	1	1	1	1	1	1	1							
AC1KRZ_001337	AOBS82_9	0	1	1	1	1	1	1	1	1							
AC1KRZ_001339	AOBS82_9	0	1	1	1	1	1	0	1	1							
AC1KRZ_001340	AOBS82_9	1	1	1	1	1	1	1	1	1							
AC1KRZ_001341	AOBS82_9	1	1	1	1	1	1	1	1	1							
AC1KRZ_001342	AOBS82_9	1	1	1	1	1	1	1	1	1							
AC1KRZ_001343	AOBS82_9	1	1	1	1	1	1	1	1	1							
AC1KRZ_001344	AOBS82_9	1	1	1	1	1	1	1	1	1							
AC1KRZ_001345	AOBS82_9	1	1	1	1	1	1	0	1	1							
AC1KRZ_001347	AOBS82_9	1	1	1	1	1	1	1	1	1							
AC1KRZ_001355	AOBS82_9	1	1	0	0	0	1	1	1	1							
AC1KRZ_001356	AOBS82_9	1	1	1	1	1	1	0	1	1							
AC1KRZ_001357	AOBS82_9	1	1	1	1	1	1	1	1	1							
AC1KRZ_001358	AOBS82_9	1	1	1	1	0	1	1	1	1							
AC1KRZ_001359	AOBS82_9	1	1	1	1	1	1	1	1	1							
AC1KRZ_001364	AOBS82_9	1	1	1	1	1	1	1	1	1							
AC1KRZ_001366	AOBS82_9	1	1	1	1	1	1	1	1	1							
AC1KRZ_001368	AOBS82_9	1	1	1	1	1	1	0	0	1							
AC1KRZ_001371	AOBS82_9	1	1	1	1	1	1	1	1	1							
AC1KRZ_004965	AOBS82_9	1	1	1	1	1	1	1	1	1							
AC1KRZ_004966	AOBS82_9	1	1	0	0	0	1	0	0	0							
AC1KRZ_004967	AOBS82_9	0	1	1	1	1	1	1	1	1							
AC1KRZ_004968	AOBS82_9	1	1	1	1	1	1	0	1	1							
AC1KRZ_004975	AOBS82_9	1	1	1	1	1	1	0	1	1							
AC1KRZ_004977	AOBS82_9	0	1	0	0	0	1	0	1	0							
AC1KRZ_004978	AOBS82_9	0	1	0	0	0	1	0	0	0							
AC1KRZ_004984	AOBS82_9	1	1	0	1	0	1	1	1	1							
AC1KRZ_004989	AOBS82_9	1	1	1	1	1	1	0	0	1							
AC1KRZ_004994	AOBS82_9	1	1	1	1	1	1	1	1	1							
AC1KRZ_004995	AOBS82_9	1	1	0	1	1	1	1	1	1							
AC1KRZ_005001	AOBS82_9	1	1	0	0	0	1	0	0	0							
AC1KRZ_005009	AOBS82_9	1	1	1	1	1	1	1	1	1							
AC1KRZ_005019	AOBS82_9	1	1	0	1	0	1	0	0	0							
AC1KRZ_005020	AOBS82_9	1	1	1	1	1	1	1	1	1							
AC1KRZ_005021	AOBS82_9	1	1	1	1	1	1	0	0	1							
AC1KRZ_005022	AOBS82_9	1	1	0	0	0	1	1	0	0							
AC1KRZ_005024	AOBS82_9	1	1	1	1	1	1	0	1	1							
AC1KRZ_005027	AOBS82_9	1	1	1	1	1	1	1	1	1							
AC1KRZ_005029	AOBS82_9	0	1	0	0	0	1	1	0	0							
AC1KRZ_005033	AOBS82_9	1	1	1	1	1	1	1	0	1							
AC1KRZ_005034	AOBS82_9	1	1	1	1	1	1	1	1	1							
AC1KRZ_005037	AOBS82_9	1	1	1	1	1	1	1	1	1							
AC1KRZ_005039	AOBS82_9	1	1	1	1	1	1	1	1	1							
AC1KRZ_005040	AOBS82_9	1	1	1	1	1	1	1	1	1							
AC1KRZ_005050	AOBS82_9	1	1	1	1	1	1	0	0	1							
AC1KRZ_005052	AOBS82_9	1	1	1	1	1	1	1	1	1							
AC1KRZ_001392	AOBS82_9	1	1	1	1	1	1	1	1	1							
AC1KRZ_001395	AOBS82_9	1	1	1	1	1	1	1	1	1							
AC1KRZ_001402	AOBS82_9	1	1	1	1	1	1	1	1	1							
AC1KRZ_001403	AOBS82_9	1	1	0	1	1	1	0	0	1							
AC1KRZ_001404	AOBS82_9	1	1	1	1	1	1	1	1	1							
AC1KRZ_001409	AOBS82_9	1	1	1	1	1	1	1	1	1							
AC1KRZ_001410	AOBS82_9	1	1	1	1	1	1	1	1	1							
AC1KRZ_001412	AOBS82_9	1	1	1	1	1	1	1	0	1							
AC1KRZ_001419	AOBS82_9	1	1	1	1	1	1	0	0	1							
AC1KRZ_001420	AOBS82_9	1	1	1	1	1	1	1	1	1							
AC1KRZ_001421	AOBS82_9	1	1	1	1	1	1	0	1	1							
AC1KRZ_001425	AOBS82_9	1	1	1	1	1	1	1	1	1							
AC1KRZ_001426	AOBS82_9	1	1	1	1	1	1	1	0	1							
AC1KRZ_001427	AOBS82_9	1	1	1	1	1	1	1	1	1							
AC1KRZ_001428	AOBS82_9	1	1	1	1	1	1	1	1	1							
AC1KRZ_001429	AOBS82_9	1	1	1	1	1	1	1	1	1							
AC1KRZ_001435	AOBS82_9	1	1	1	1	1	1	1	1	1							
AC1KRZ_001437	AOBS82_9	1	1	1	1	1	1	1	1	1							
AC1KRZ_001439	AOBS82_9	1	1	1	1	1	1	1	1	1							
AC1KRZ_001442	AOBS82_9	1	1	1	1	1	1	1	1	1							
AC1KRZ_001444	AOBS82_9	1	1	1	1	1	1	1	1	1							
AC1KRZ_001445	AOBS82_9	1	1	0	0	0	1	0	0	0							
AC1KRZ_001446	AOBS82_9	1	1	1	1	1	1	1	1	1							
AC1KRZ_001447	AOBS82_9	1	1	1	1	1	1	1	0	1							
AC1KRZ_001448	AOBS82_9	1	1	1	1	1	1	1	1	1							
AC1KRZ_001450	AOBS82_9	1	1	1	1	1	1	1	1	1							
AC1KRZ_001454	AOBS82_9	1	1	1	1	1	1	1	1	1							
AC1KRZ_001459	AOBS82_9	1	1	1	0	1	1	1	1	1							
AC1KRZ_001460	AOBS82_9	1	1	1	1	1	1	1	1	1							
AC1KRZ_001467	AOBS82_9	0	1	1	1	1	1	1	1	1							
AC1KRZ_001472	AOBS82_9	1	1	1	1	1	1	1	1	1							
AC1KRZ_001478	AOBS82_9	0	1	1	0	1	1	0	1	1							
AC1KRZ_001479	AOBS82_9	1	1	1	1	1	1	1	1	1							
AC1KRZ_001480	AOBS82_9	0	1	0	0	0	1	1	1	0							
AC1KRZ_001483	AOBS82_9	1	1	1	1	1	1	1	0	1							
AC1KRZ_001494	AOBS82_9	0	1	0	0	0	1	0	0	0							
AC1KRZ_001496	AOBS82_9	1	1	1	1	1	1	0	1	1							
AC1KRZ_001499	AOBS82_9	1	1	1	1	1	1	1	1	1							
AC1KRZ_001501	AOBS82_9	1	1	1	1	1	1	1	1	1							
AC1KRZ_001504	AOBS82_9	1	1	1	1	1	1	1	1	1							
AC1KRZ_001508	AOBS82_9	0	1	1	1	1	1	0	0	1							
AC1KRZ_001509	AOBS82_9	1	1	1	1	1	1	1	1	1							
AC1KRZ_001510	AOBS82_9	1	1	1	1	1	1	1	0	0							
AC1KRZ_001511	AOBS82_9	1	1	0	0	1	1	1	1	1							
AC1KRZ_001512	AOBS82_9	1	1	1	1	1	1	1	1	1							
AC1KRZ_001513	AOBS82_9	1	1	1	1	1	1	1	1	1							
AC1KRZ_005060	AOBS82_9	1	1	1	1	1	1	1	1	1							
AC1KRZ_005061	AOBS82_9	1	1	1	1	1	1	1	1	1							
AC1KRZ_005064	AOBS82_9	1	1	1	1	1	1	1	1	1							
AC1KRZ_005065	AOBS82_9	1	1	1	0	1	1	1	1	1							
AC1KRZ_005068	AOBS82_9	1	1	1	1	1	1	1	0	1							
AC1KRZ_005072	AOBS82_9	1	1	1	1	1	1	1	1	1							
AC1KRZ_005073	AOBS82_9	1	1	1	1	1	1	1	1	1							
AC1KRZ_005083	AOBS82_9	0	1	1	1	1	1	0	0	1							
AC1KRZ_005084	AOBS82_9	1	1	1	0	0	1	0	0	0							
AC1KRZ_005086	AOBS82_9	1	1	1	0	0	1	0	0	1							
AC1KRZ_005087	AOBS82_9	1	1	1	1	0	1	0	0	0							
AC1KRZ_005089	AOBS82_9	1	1	1	1	1	1	1	1	1							
AC1KRZ_001516	AOBS82_9	1	1	1	0	1	1	1	0	1							
AC1KRZ_001517	AOBS82_9	1	1	1	1	1	1	1	1	1							
AC1KRZ_001522	AOBS82_9	1	1	0	0	0	1	0	1	0							
AC1KRZ_001523	AOBS82_9	1	1	1	1	1	1	0	1	1							
AC1KRZ_001524	AOBS82_9	1	1	1	1	1	1	1	1	1							
AC1KRZ_001525	AOBS82_9	1	1	0	1	0	1	0	0	0							
AC1KRZ_001526	AOBS82_9	1	1	1	1	1	1	1	1	1							
AC1KRZ_001527	AOBS82_9	1	1	1	1	1	1	1	1	1							
AC1KRZ_001531	AOBS82_9	1	1	1	1	1	1	0	1	1							
AC1KRZ_001532	AOBS82_9	0	1	1	1	1	1	1	0	1							
AC1KRZ_001534	AOBS82_9	1	1	1	1	1	1	1	1	1							
AC1KRZ_001537	AOBS82_9	1	1	1	1	1	1	1	1	1							
AC1KRZ_001539	AOBS82_9	1	1	1	1	1	1	1	1	1							
AC1KRZ_001540	AOBS82_9	1	1	1	1	1	1	1	1	1							
AC1KRZ_001541	AOBS82_9	1	1	1	1	1	1	1	1	1							
AC1KRZ_001545	AOBS82_9	1	1	1	1	1	1	1	1	1							
AC1KRZ_001546	AOBS82_9	1	1	1	1	1	1	1	1	1							
AC1KRZ_001547	AOBS82_9	1	1	0	1	0	1	1	1	0							
AC1KRZ_001548	AOBS82_9	1	1	1	1	1	1	0	1	1							
AC1KRZ_001549	AOBS82_9	1	1	1	1	0	1	1	1	0							
AC1KRZ_001550	AOBS82_9	1	1	1	1	1	1	1	1	1							
AC1KRZ_001551	AOBS82_9	1	1	1	1	0	1	0	0	0							
AC1KRZ_001552	AOBS82_9	1	1	1	1	1	1	0	0	1							
AC1KRZ_001554	AOBS82_9	1	1	1	1	1	1	0	1	0							
AC1KRZ_001559	AOBS82_9	1	1	1	1	0	1	1	1	0							
AC1KRZ_001563	AOBS82_9	1	1	1	1	1	1	1	1	1							
AC1KRZ_001566	AOBS82_9	1	1	0	1	0	1	1	1	1							
AC1KRZ_001571	AOBS82_9	1	1	1	1	1	1	1	1	1							
AC1KRZ_001577	AOBS82_9	1	1	0	0	0	1	0	0	0							
AC1KRZ_001579	AOBS82_9	1	1	1	1	1	1	1	1	1							
AC1KRZ_001580	AOBS82_9	0	1	0	0	0	1	0	0	0							
AC1KRZ_001581	AOBS82_9	1	1	1	1	1	1	1	1	1							
AC1KRZ_001583	AOBS82_9	1	1	1	1	1	1	1	0	1							
AC1KRZ_001586	AOBS82_9	1	1	1	1	1	1	1	1	1							
AC1KRZ_001591	AOBS82_9	1	1	1	1	1	1	1	1	1							
AC1KRZ_001598	AOBS82_9	1	1	0	0	0	1	0	0	0							
AC1KRZ_001599	AOBS82_9	1	1	0	0	0	1	1	1	0							
AC1KRZ_001600	AOBS82_9	0	1	0	0	0	1	0	0	0							
AC1KRZ_001604	AOBS82_9	1	1	1	1	1	1	1	1	1							
AC1KRZ_001605	AOBS82_9	1	1	1	1	1	1	1	1	1							
AC1KRZ_001606	AOBS82_9	1	1	0	1	1	1	1	1	1							
AC1KRZ_001608	AOBS82_9	1	1	1	1	1	1	1	1	1							
AC1KRZ_001611	AOBS82_9	1	1	1	1	1	1	1	1	1							
AC1KRZ_001615	AOBS82_9	0	1	1	1	1	1	1	1	1							
AC1KRZ_001618	AOBS82_9	1	1	1	1	1	1	1	1	1							
AC1KRY_000003	AOBS17_30	1	0	1	1	1	0	1	1	1							
AC1KRY_000008	AOBS17_30	1	1	1	1	1	0	1	1	1							
AC1KRY_000011	AOBS17_30	1	0	0	0	0	0	0	1	0							
AC1KRY_000017	AOBS17_30	1	1	0	1	0	0	1	1	1							
AC1KRY_000037	AOBS17_30	1	1	1	1	1	0	0	1	1							
AC1KRY_000054	AOBS17_30	1	1	1	1	1	0	0	1	1							
AC1KRY_000059	AOBS17_30	1	1	1	1	1	0	0	1	1							
AC1KRY_000070	AOBS17_30	1	1	0	0	1	0	1	1	0							
AC1KRY_000072	AOBS17_30	1	0	0	0	1	0	1	1	0							
AC1KRY_000076	AOBS17_30	1	1	0	0	1	0	1	1	0							
AC1KRY_000097	AOBS17_30	1	0	0	1	0	0	1	1	1							
AC1KRY_000114	AOBS17_30	1	1	1	1	1	0	1	1	1							
AC1KRY_000133	AOBS17_30	1	1	1	1	1	0	1	1	1							
AC1KRY_000145	AOBS17_30	1	1	1	1	1	0	1	1	0							
AC1KRY_000170	AOBS17_30	1	1	1	1	1	0	1	1	1							
AC1KRY_000178	AOBS17_30	1	1	1	0	1	0	0	1	1							
AC1KRY_000183	AOBS17_30	1	0	1	1	1	0	1	1	1							
AC1KRY_000196	AOBS17_30	1	1	1	1	1	0	1	1	1							
AC1KRY_000213	AOBS17_30	1	1	1	1	1	0	0	1	1							
AC1KRY_001305	AOBS17_30	1	1	1	1	1	0	1	1	1							
AC1KRY_001322	AOBS17_30	1	1	1	1	1	0	1	1	1							
AC1KRY_001328	AOBS17_30	1	0	0	0	0	0	0	1	0							
AC1KRY_001340	AOBS17_30	1	0	1	1	1	0	1	1	1							
AC1KRY_001364	AOBS17_30	1	0	0	0	0	0	0	1	0							
AC1KRY_001375	AOBS17_30	1	1	0	0	1	0	0	1	1							
AC1KRY_001377	AOBS17_30	1	1	1	1	1	0	1	1	1							
AC1KRY_001379	AOBS17_30	1	1	1	1	1	0	1	1	1							
AC1KRY_001382	AOBS17_30	1	1	1	1	1	0	0	1	1							
AC1KRY_001386	AOBS17_30	1	1	1	1	1	0	1	1	1							
AC1KRY_001389	AOBS17_30	1	1	1	1	1	0	1	1	1							
AC1KRY_001394	AOBS17_30	1	1	1	1	1	0	1	1	1							
AC1KRY_004915	AOBS17_30	1	1	0	0	1	0	1	1	1							
AC1KRY_004928	AOBS17_30	1	1	1	1	1	0	1	1	1							
AC1KRY_004931	AOBS17_30	1	1	1	1	1	0	1	1	1							
AC1KRY_004933	AOBS17_30	1	1	1	1	1	0	1	1	1							
AC1KRY_004938	AOBS17_30	1	0	1	1	1	0	1	1	1							
AC1KRY_004944	AOBS17_30	1	1	1	1	1	0	1	1	1							
AC1KRY_004951	AOBS17_30	1	1	1	1	1	0	0	1	1							
AC1KRY_004958	AOBS17_30	1	0	0	1	1	0	1	1	1							
AC1KRY_004965	AOBS17_30	1	1	0	0	0	0	1	1	0							
AC1KRY_004972	AOBS17_30	1	1	1	1	1	0	0	1	0							
AC1KRY_004992	AOBS17_30	1	1	0	1	0	0	0	1	0							
AC1KRY_005012	AOBS17_30	1	1	0	0	0	0	0	1	0							
AC1KRY_001412	AOBS17_30	1	1	0	1	0	0	0	1	0							
AC1KRY_001413	AOBS17_30	1	0	1	0	0	0	1	1	1							
AC1KRY_001416	AOBS17_30	1	0	0	0	0	0	1	1	0							
AC1KRY_001426	AOBS17_30	1	1	1	1	0	0	1	1	1							
AC1KRY_001436	AOBS17_30	1	1	1	1	1	0	0	1	1							
AC1KRY_001443	AOBS17_30	1	1	1	1	1	0	1	1	1							
AC1KRY_001461	AOBS17_30	1	1	1	1	0	0	0	1	1							
AC1KRY_001475	AOBS17_30	1	0	0	0	0	0	0	1	0							
AC1KRY_005053	AOBS17_30	1	1	1	1	1	0	1	1	1							
AC1KRY_001512	AOBS17_30	1	1	0	0	0	0	1	1	1							
AC1KRY_001530	AOBS17_30	1	0	0	0	1	0	1	1	0							
AC1KRY_001531	AOBS17_30	1	1	1	1	1	0	1	1	1							
AC1KRY_001532	AOBS17_30	1	1	1	1	1	0	1	1	0							
AC1KRY_001568	AOBS17_30	1	1	0	0	0	0	1	1	0							
AC1KRY_001583	AOBS17_30	1	0	1	1	0	0	0	1	1							
AC1KRY_001591	AOBS17_30	1	1	1	0	1	0	1	1	1							
AC1KRY_001592	AOBS17_30	1	1	1	1	1	0	1	1	1							
AC1KRY_001602	AOBS17_30	1	1	1	0	0	0	0	1	1							
AC1KRY_001605	AOBS17_30	1	1	1	1	1	0	1	1	1							
AC1KRY_001606	AOBS17_30	1	1	1	1	1	0	0	1	1							
AC1KRY_001618	AOBS17_30	1	0	0	0	1	0	1	1	1							
AC1KRY_001619	AOBS17_30	1	0	1	0	1	0	1	1	1							
AC1KRY_001626	AOBS17_30	1	1	1	0	1	0	1	1	1							
AC1KRY_001637	AOBS17_30	1	0	1	1	1	0	0	1	1							
AC1KRY_001645	AOBS17_30	1	1	1	1	1	0	1	1	1							
AC1KRY_001657	AOBS17_30	1	1	1	1	1	0	1	1	1							
AC1KRY_001673	AOBS17_30	1	1	1	1	1	0	0	1	1							
AC1KRY_001692	AOBS17_30	1	1	1	1	1	0	1	1	1							
AC1KRY_001705	AOBS17_30	1	1	1	1	1	0	1	1	1							
AC1KRY_001706	AOBS17_30	1	1	1	1	1	0	1	1	1							
AC1KRY_001710	AOBS17_30	1	1	1	1	1	0	1	1	1							
AC1KRY_001713	AOBS17_30	1	1	0	1	1	0	1	1	1							
AC1KRY_001714	AOBS17_30	1	0	0	0	0	0	1	1	0							
AC1KRY_001721	AOBS17_30	1	1	1	1	1	0	1	1	1							
AC1KRY_001723	AOBS17_30	1	1	0	0	1	0	0	1	1							
AC1KRY_001741	AOBS17_30	1	1	0	0	0	0	1	1	0							
AC1KRY_001743	AOBS17_30	1	1	1	1	1	0	1	1	1							
AC1KRY_001752	AOBS17_30	1	1	1	1	1	0	1	1	1							
AC1KRY_001754	AOBS17_30	1	1	1	1	1	0	1	1	1							
AC1KRY_001757	AOBS17_30	1	1	1	1	1	0	1	1	1							
AC1KRY_001794	AOBS17_30	1	1	1	1	1	0	1	1	1							
AC1KRY_001812	AOBS17_30	1	1	1	1	1	0	1	1	1							
AC1KRY_001828	AOBS17_30	1	1	0	0	0	0	0	1	0							
AC1KRY_001832	AOBS17_30	1	1	1	1	1	0	1	1	1							
AC1KRY_001834	AOBS17_30	1	0	0	0	0	0	0	1	0							
AC1KRY_001839	AOBS17_30	1	1	1	1	1	0	0	1	1							
AC1KRY_001848	AOBS17_30	1	1	0	1	1	0	0	1	1							
AC1KRY_001857	AOBS17_30	1	1	1	0	0	0	0	1	1							
AC1KRY_001874	AOBS17_30	1	1	1	1	1	0	1	1	1							
AC1KRY_001885	AOBS17_30	1	1	1	1	1	0	1	1	1							
AC1KRY_001887	AOBS17_30	1	1	0	0	0	0	1	1	0							
AC1KRY_001889	AOBS17_30	1	1	0	0	0	0	0	1	0							
AC1KRY_001891	AOBS17_30	1	0	0	1	1	0	0	1	1							
AC1KRY_001896	AOBS17_30	1	1	1	1	1	0	1	1	1							
AC1KRY_001908	AOBS17_30	1	1	1	1	1	0	1	1	1							
AC1KRY_001915	AOBS17_30	1	0	1	1	1	0	1	1	1							
AC1KRY_001918	AOBS17_30	1	1	0	0	0	0	1	1	1							
AC1KRY_001921	AOBS17_30	1	1	1	1	0	0	1	1	1							
AC1KRY_001922	AOBS17_30	1	1	1	1	1	0	1	1	1							
AC1KRY_001926	AOBS17_30	1	1	1	1	1	0	0	1	1							
AC1KRY_001934	AOBS17_30	1	1	1	1	1	0	1	1	1							
AC1KRY_001938	AOBS17_30	1	1	1	1	1	0	1	1	1							
AC1KRY_001941	AOBS17_30	1	1	1	0	1	0	1	1	1							
AC1KRY_001942	AOBS17_30	1	1	1	1	1	0	1	1	1							
AC1KRY_001945	AOBS17_30	1	1	1	1	1	0	1	1	1							
AC1KRY_001946	AOBS17_30	1	1	1	1	1	0	1	1	0							
AC1KRY_001951	AOBS17_30	1	1	1	1	1	0	1	1	1							
AC1KRY_001966	AOBS17_30	1	1	0	0	0	0	0	1	0							
AC1KRY_001971	AOBS17_30	1	1	1	1	1	0	1	1	1							
AC1KRY_001989	AOBS17_30	1	1	1	1	1	0	0	1	1							
AC1KRY_001992	AOBS17_30	1	1	1	1	1	0	1	1	1							
AC1KRY_001996	AOBS17_30	1	0	0	0	0	0	1	1	0							
AC1KRY_001999	AOBS17_30	1	1	0	1	1	0	1	1	1							
AC1KRY_002003	AOBS17_30	1	1	1	1	1	0	1	1	0							
AC1KRY_002015	AOBS17_30	1	1	1	1	1	0	1	1	1							
AC1KRY_002033	AOBS17_30	1	1	1	1	1	0	1	1	1							
AC1KRY_002036	AOBS17_30	1	1	1	0	1	0	1	1	1							
AC1KRY_002047	AOBS17_30	1	1	1	1	1	0	0	1	1							
AC1KRY_002049	AOBS17_30	1	0	1	1	0	0	1	1	1							
AC1KRY_002059	AOBS17_30	1	1	0	0	0	0	1	1	0							
AC1KRY_002063	AOBS17_30	1	1	1	1	1	0	1	1	1							
AC1KRY_002064	AOBS17_30	1	1	1	1	1	0	1	1	1							
AC1KRY_002065	AOBS17_30	1	1	1	1	1	0	0	1	1							
AC1KRY_002066	AOBS17_30	1	1	1	1	1	0	1	1	1							
AC1KRY_002067	AOBS17_30	1	0	0	0	0	0	0	1	0							
AC1KRY_002070	AOBS17_30	1	0	0	0	1	0	1	1	1							
AC1KRY_002079	AOBS17_30	1	1	1	1	1	0	1	1	1							
AC1KRY_002084	AOBS17_30	1	1	0	0	1	0	1	1	1							
AC1KRY_002108	AOBS17_30	1	1	1	1	1	0	1	1	1							
AC1KRY_002137	AOBS17_30	1	1	1	1	1	0	1	1	1							
AC1KRY_002148	AOBS17_30	1	1	1	1	1	0	1	1	1							
AC1KRY_002150	AOBS17_30	1	1	1	0	1	0	1	1	0							
AC1KRY_002157	AOBS17_30	1	1	0	1	1	0	1	1	0							
AC1KRY_002168	AOBS17_30	1	1	0	0	0	0	1	1	0							
AC1KRY_002170	AOBS17_30	1	1	0	1	1	0	0	1	1							
AC1KRY_002195	AOBS17_30	1	1	1	1	1	0	1	1	0							
AC1KRY_000225	AOBS17_30	1	1	1	1	1	0	1	1	1							
AC1KRY_000232	AOBS17_30	1	1	0	0	0	0	0	1	0							
AC1KRY_000245	AOBS17_30	1	0	0	0	0	0	0	1	0							
AC1KRY_000249	AOBS17_30	1	1	1	0	1	0	1	1	1							
AC1KRY_000266	AOBS17_30	1	1	0	0	1	0	1	1	0							
AC1KRY_000268	AOBS17_30	1	1	1	1	1	0	1	1	1							
AC1KRY_000272	AOBS17_30	1	1	1	1	1	0	1	1	1							
AC1KRY_000284	AOBS17_30	1	1	1	1	1	0	1	1	1							
AC1KRY_000293	AOBS17_30	1	1	1	1	1	0	0	1	0							
AC1KRY_000311	AOBS17_30	1	1	1	1	1	0	1	1	1							
AC1KRY_000337	AOBS17_30	1	1	1	1	1	0	0	1	1							
AC1KRY_000343	AOBS17_30	1	0	1	1	1	0	1	1	1							
AC1KRY_000366	AOBS17_30	1	0	1	0	1	0	1	1	1							
AC1KRY_000370	AOBS17_30	1	1	1	1	1	0	0	1	1							
AC1KRY_000373	AOBS17_30	1	0	1	1	1	0	1	1	1							
AC1KRY_000374	AOBS17_30	1	0	0	0	1	0	1	1	0							
AC1KRY_000378	AOBS17_30	1	1	0	0	0	0	0	1	0							
AC1KRY_000386	AOBS17_30	1	1	1	1	1	0	1	1	1							
AC1KRY_000403	AOBS17_30	1	1	1	1	1	0	0	1	1							
AC1KRY_000406	AOBS17_30	1	1	1	1	1	0	0	1	1							
AC1KRY_000410	AOBS17_30	1	0	1	1	1	0	1	1	1							
AC1KRY_002201	AOBS17_30	1	1	1	1	1	0	1	1	1							
AC1KRY_002216	AOBS17_30	1	1	0	0	0	0	1	1	0							
AC1KRY_002222	AOBS17_30	1	1	1	1	1	0	1	1	1							
AC1KRY_002231	AOBS17_30	1	1	1	1	1	0	1	1	1							
AC1KRY_002237	AOBS17_30	1	1	1	1	1	0	1	1	1							
AC1KRY_002241	AOBS17_30	1	0	0	0	0	0	0	1	0							
AC1KRY_002242	AOBS17_30	1	0	1	1	1	0	1	1	1							
AC1KRY_002243	AOBS17_30	1	1	0	0	0	0	0	1	0							
AC1KRY_002244	AOBS17_30	1	1	1	1	1	0	0	1	1							
AC1KRY_002246	AOBS17_30	1	1	0	0	1	0	1	1	0							
AC1KRY_002250	AOBS17_30	1	1	1	1	1	0	1	1	1							
AC1KRY_002257	AOBS17_30	1	1	1	1	1	0	1	1	1							
AC1KRY_002260	AOBS17_30	1	1	1	0	0	0	1	1	1							
AC1KRY_002275	AOBS17_30	1	1	0	0	0	0	0	1	0							
AC1KRY_002296	AOBS17_30	1	1	1	1	1	0	1	1	1							
AC1KRY_002311	AOBS17_30	1	1	1	1	1	0	1	1	0							
AC1KRY_002322	AOBS17_30	1	1	1	1	1	0	0	1	0							
AC1KRY_002330	AOBS17_30	1	1	1	1	1	0	0	1	1							
AC1KRY_002333	AOBS17_30	1	1	1	1	1	0	0	1	1							
AC1KRY_002359	AOBS17_30	1	0	1	1	1	0	1	1	1							
AC1KRY_002362	AOBS17_30	1	1	1	0	1	0	1	1	1							
AC1KRY_002370	AOBS17_30	1	0	0	0	0	0	0	1	0							
AC1KRY_002372	AOBS17_30	1	1	1	1	1	0	0	1	1							
AC1KRY_002373	AOBS17_30	1	1	1	1	1	0	0	1	1							
AC1KRY_002382	AOBS17_30	1	1	1	1	1	0	1	1	1							
AC1KRY_002388	AOBS17_30	1	1	1	1	0	0	0	1	1							
AC1KRY_002394	AOBS17_30	1	1	1	1	1	0	1	1	1							
AC1KRY_002407	AOBS17_30	1	1	0	0	1	0	1	1	1							
AC1KRY_002424	AOBS17_30	1	0	0	0	1	0	0	1	1							
AC1KRY_002442	AOBS17_30	1	1	0	1	1	0	1	1	1							
AC1KRY_002444	AOBS17_30	1	1	1	1	1	0	0	1	1							
AC1KRY_002446	AOBS17_30	1	1	1	1	0	0	1	1	1							
AC1KRY_002455	AOBS17_30	1	1	1	1	1	0	1	1	1							
AC1KRY_002456	AOBS17_30	1	0	0	0	0	0	0	1	0							
AC1KRY_002459	AOBS17_30	1	1	0	0	0	0	1	1	0							
AC1KRY_002464	AOBS17_30	1	1	1	1	1	0	1	1	1							
AC1KRY_002475	AOBS17_30	1	0	0	0	0	0	0	1	0							
AC1KRY_002497	AOBS17_30	1	1	1	1	1	0	1	1	1							
AC1KRY_002506	AOBS17_30	1	1	1	1	1	0	0	1	0							
AC1KRY_002512	AOBS17_30	1	1	1	1	1	0	0	1	1							
AC1KRY_002513	AOBS17_30	1	1	1	1	1	0	0	1	1							
AC1KRY_002521	AOBS17_30	1	1	0	1	1	0	1	1	0							
AC1KRY_002522	AOBS17_30	1	0	1	1	1	0	1	1	1							
AC1KRY_002543	AOBS17_30	1	0	0	0	0	0	1	1	0							
AC1KRY_002559	AOBS17_30	1	1	1	1	1	0	1	1	1							
AC1KRY_002560	AOBS17_30	1	1	1	1	1	0	1	1	1							
AC1KRY_002564	AOBS17_30	1	1	1	1	1	0	0	1	1							
AC1KRY_002581	AOBS17_30	1	0	1	1	1	0	1	1	1							
AC1KRY_002610	AOBS17_30	1	1	1	1	1	0	1	1	1							
AC1KRY_002613	AOBS17_30	1	1	1	1	1	0	1	1	0							
AC1KRY_002635	AOBS17_30	1	0	0	0	0	0	1	1	0							
AC1KRY_002655	AOBS17_30	1	1	1	1	1	0	1	1	1							
AC1KRY_002666	AOBS17_30	1	1	0	1	1	0	0	1	1							
AC1KRY_002679	AOBS17_30	1	0	1	1	0	0	0	1	0							
AC1KRY_002706	AOBS17_30	1	0	1	1	1	0	1	1	1							
AC1KRY_002708	AOBS17_30	1	1	1	1	1	0	1	1	1							
AC1KRY_002710	AOBS17_30	1	0	1	1	1	0	1	1	1							
AC1KRY_002711	AOBS17_30	1	1	1	1	1	0	0	1	1							
AC1KRY_002712	AOBS17_30	1	1	1	1	1	0	1	1	1							
AC1KRY_002714	AOBS17_30	1	1	0	0	0	0	1	1	0							
AC1KRY_002720	AOBS17_30	1	1	1	1	1	0	1	1	1							
AC1KRY_002733	AOBS17_30	1	1	0	0	0	0	1	1	0							
AC1KRY_002735	AOBS17_30	1	0	1	1	1	0	1	1	1							
AC1KRY_002748	AOBS17_30	1	1	1	1	1	0	1	1	1							
AC1KRY_002753	AOBS17_30	1	1	0	0	1	0	1	1	0							
AC1KRY_002765	AOBS17_30	1	1	0	1	1	0	1	1	1							
AC1KRY_002767	AOBS17_30	1	1	1	1	1	0	1	1	1							
AC1KRY_002776	AOBS17_30	1	1	1	1	1	0	1	1	1							
AC1KRY_002777	AOBS17_30	1	1	1	1	1	0	0	1	1							
AC1KRY_002784	AOBS17_30	1	1	0	0	0	0	0	1	0							
AC1KRY_002799	AOBS17_30	1	1	1	1	0	0	0	1	1							
AC1KRY_002803	AOBS17_30	1	1	1	1	1	0	1	1	1							
AC1KRY_002805	AOBS17_30	1	1	1	1	1	0	1	1	1							
AC1KRY_002818	AOBS17_30	1	0	1	0	1	0	1	1	1							
AC1KRY_002822	AOBS17_30	1	1	1	1	0	0	0	1	0							
AC1KRY_002828	AOBS17_30	1	1	1	1	1	0	1	1	1							
AC1KRY_002829	AOBS17_30	1	0	1	1	1	0	1	1	1							
AC1KRY_002831	AOBS17_30	1	1	1	1	1	0	1	1	1							
AC1KRY_002834	AOBS17_30	1	1	1	1	1	0	1	1	1							
AC1KRY_002836	AOBS17_30	1	1	1	1	1	0	1	1	1							
AC1KRY_002840	AOBS17_30	1	1	1	1	1	0	0	1	1							
AC1KRY_002844	AOBS17_30	1	1	1	1	1	0	1	1	1							
AC1KRY_002858	AOBS17_30	1	1	1	1	1	0	0	1	1							
AC1KRY_002872	AOBS17_30	1	1	1	0	1	0	0	1	1							
AC1KRY_002888	AOBS17_30	1	1	0	0	0	0	0	1	0							
AC1KRY_002892	AOBS17_30	1	0	1	1	1	0	1	1	1							
AC1KRY_000428	AOBS17_30	1	1	1	1	1	0	0	1	1							
AC1KRY_000429	AOBS17_30	1	1	1	1	1	0	1	1	1							
AC1KRY_000430	AOBS17_30	1	1	1	0	0	0	1	1	0							
AC1KRY_000433	AOBS17_30	1	0	1	1	1	0	0	1	1							
AC1KRY_000441	AOBS17_30	1	1	1	1	0	0	0	1	1							
AC1KRY_000444	AOBS17_30	1	1	1	1	0	0	1	1	1							
AC1KRY_000454	AOBS17_30	1	0	0	0	0	0	0	1	0							
AC1KRY_000461	AOBS17_30	1	1	0	0	0	0	0	1	0							
AC1KRY_000473	AOBS17_30	1	0	0	0	0	0	0	1	0							
AC1KRY_000484	AOBS17_30	1	0	1	1	1	0	1	1	0							
AC1KRY_000485	AOBS17_30	1	1	0	0	0	0	1	1	1							
AC1KRY_000490	AOBS17_30	1	0	0	0	0	0	1	1	0							
AC1KRY_000509	AOBS17_30	1	1	1	1	1	0	1	1	1							
AC1KRY_000513	AOBS17_30	1	1	1	1	1	0	1	1	1							
AC1KRY_000514	AOBS17_30	1	1	1	1	1	0	1	1	0							
AC1KRY_000517	AOBS17_30	1	1	1	1	1	0	1	1	1							
AC1KRY_000519	AOBS17_30	1	1	1	1	1	0	1	1	1							
AC1KRY_000537	AOBS17_30	1	1	1	1	1	0	1	1	1							
AC1KRY_000538	AOBS17_30	1	1	0	0	0	0	0	1	0							
AC1KRY_000544	AOBS17_30	1	0	0	1	0	0	1	1	0							
AC1KRY_000547	AOBS17_30	1	1	1	1	1	0	0	1	1							
AC1KRY_000553	AOBS17_30	1	1	1	0	1	0	0	1	1							
AC1KRY_000564	AOBS17_30	1	0	1	1	1	0	1	1	1							
AC1KRY_000594	AOBS17_30	1	1	1	1	1	0	1	1	1							
AC1KRY_002901	AOBS17_30	1	1	1	1	1	0	0	1	1							
AC1KRY_002905	AOBS17_30	1	1	1	1	1	0	0	1	1							
AC1KRY_002906	AOBS17_30	1	1	1	1	1	0	1	1	1							
AC1KRY_002921	AOBS17_30	1	1	1	1	1	0	1	1	1							
AC1KRY_002929	AOBS17_30	1	1	0	0	0	0	1	1	0							
AC1KRY_002955	AOBS17_30	1	1	0	0	0	0	0	1	0							
AC1KRY_002963	AOBS17_30	1	1	1	1	1	0	1	1	1							
AC1KRY_002964	AOBS17_30	1	1	1	1	1	0	1	1	1							
AC1KRY_002972	AOBS17_30	1	1	1	1	1	0	1	1	1							
AC1KRY_002977	AOBS17_30	1	0	0	0	0	0	0	1	0							
AC1KRY_002988	AOBS17_30	1	1	0	0	0	0	1	1	0							
AC1KRY_002995	AOBS17_30	1	0	0	0	0	0	1	1	0							
AC1KRY_003005	AOBS17_30	1	1	1	0	1	0	1	1	0							
AC1KRY_003019	AOBS17_30	1	0	0	0	0	0	0	1	0							
AC1KRY_003041	AOBS17_30	1	1	1	1	1	0	1	1	1							
AC1KRY_003048	AOBS17_30	1	1	1	1	1	0	1	1	1							
AC1KRY_003055	AOBS17_30	1	0	0	0	0	0	0	1	0							
AC1KRY_003059	AOBS17_30	1	1	1	1	1	0	1	1	1							
AC1KRY_003089	AOBS17_30	1	1	1	1	1	0	0	1	1							
AC1KRY_003090	AOBS17_30	1	1	1	1	1	0	1	1	1							
AC1KRY_003091	AOBS17_30	1	1	1	1	1	0	1	1	0							
AC1KRY_003094	AOBS17_30	1	0	1	1	1	0	1	1	1							
AC1KRY_003096	AOBS17_30	1	0	0	0	0	0	1	1	0							
AC1KRY_003103	AOBS17_30	1	1	1	1	1	0	1	1	1							
AC1KRY_003111	AOBS17_30	1	1	1	1	1	0	0	1	1							
AC1KRY_003138	AOBS17_30	1	1	1	1	1	0	1	1	1							
AC1KRY_003141	AOBS17_30	1	0	0	1	0	0	0	1	0							
AC1KRY_003155	AOBS17_30	1	1	1	1	1	0	0	1	1							
AC1KRY_003156	AOBS17_30	1	1	1	1	1	0	1	1	1							
AC1KRY_003168	AOBS17_30	1	1	1	1	1	0	0	1	1							
AC1KRY_003173	AOBS17_30	1	1	1	1	1	0	1	1	1							
AC1KRY_003175	AOBS17_30	1	0	0	1	0	0	0	1	0							
AC1KRY_003180	AOBS17_30	1	1	1	1	1	0	0	1	1							
AC1KRY_003181	AOBS17_30	1	1	0	0	0	0	1	1	0							
AC1KRY_003194	AOBS17_30	1	1	0	1	1	0	0	1	1							
AC1KRY_003196	AOBS17_30	1	1	1	1	1	0	1	1	1							
AC1KRY_003198	AOBS17_30	1	1	1	1	1	0	0	1	1							
AC1KRY_003202	AOBS17_30	1	1	1	1	1	0	0	1	1							
AC1KRY_003219	AOBS17_30	1	1	1	1	1	0	0	1	1							
AC1KRY_003220	AOBS17_30	1	1	1	1	1	0	1	1	1							
AC1KRY_003224	AOBS17_30	1	0	1	1	1	0	1	1	1							
AC1KRY_003253	AOBS17_30	1	1	1	0	0	0	0	1	0							
AC1KRY_003255	AOBS17_30	1	0	0	0	0	0	1	1	0							
AC1KRY_003260	AOBS17_30	1	1	1	1	1	0	1	1	0							
AC1KRY_003280	AOBS17_30	1	1	0	1	0	0	1	1	0							
AC1KRY_003290	AOBS17_30	1	0	1	1	1	0	0	1	1							
AC1KRY_003292	AOBS17_30	1	1	1	1	1	0	1	1	1							
AC1KRY_003334	AOBS17_30	1	1	1	1	1	0	1	1	1							
AC1KRY_003338	AOBS17_30	1	1	1	0	1	0	1	1	1							
AC1KRY_003341	AOBS17_30	1	1	1	1	1	0	1	1	1							
AC1KRY_003356	AOBS17_30	1	1	1	1	1	0	0	1	1							
AC1KRY_003364	AOBS17_30	1	1	1	1	1	0	1	1	1							
AC1KRY_003368	AOBS17_30	1	1	1	1	1	0	1	1	1							
AC1KRY_003379	AOBS17_30	1	0	1	1	1	0	1	1	1							
AC1KRY_003395	AOBS17_30	1	0	0	0	0	0	0	1	0							
AC1KRY_000600	AOBS17_30	1	1	0	1	0	0	1	1	0							
AC1KRY_000602	AOBS17_30	1	1	1	1	1	0	1	1	0							
AC1KRY_000603	AOBS17_30	1	1	1	1	1	0	1	1	1							
AC1KRY_000609	AOBS17_30	1	1	1	1	1	0	1	1	1							
AC1KRY_000610	AOBS17_30	1	1	1	1	1	0	1	1	1							
AC1KRY_000618	AOBS17_30	1	1	1	1	1	0	1	1	1							
AC1KRY_000644	AOBS17_30	1	1	1	1	1	0	1	1	1							
AC1KRY_000645	AOBS17_30	1	1	1	1	1	0	1	1	1							
AC1KRY_000652	AOBS17_30	1	1	0	1	1	0	0	1	1							
AC1KRY_000663	AOBS17_30	1	1	1	1	1	0	1	1	1							
AC1KRY_000674	AOBS17_30	1	0	1	1	1	0	1	1	1							
AC1KRY_000683	AOBS17_30	1	1	1	0	1	0	1	1	0							
AC1KRY_000685	AOBS17_30	1	1	1	1	1	0	1	1	1							
AC1KRY_000691	AOBS17_30	1	1	1	1	1	0	1	1	1							
AC1KRY_000719	AOBS17_30	1	1	1	1	1	0	0	1	0							
AC1KRY_000722	AOBS17_30	1	1	0	0	1	0	1	1	1							
AC1KRY_000727	AOBS17_30	1	1	1	1	1	0	1	1	1							
AC1KRY_000728	AOBS17_30	1	0	1	1	1	0	1	1	1							
AC1KRY_000736	AOBS17_30	1	1	1	1	1	0	1	1	1							
AC1KRY_000757	AOBS17_30	1	1	0	0	1	0	0	1	0							
AC1KRY_003418	AOBS17_30	1	1	0	0	0	0	0	1	1							
AC1KRY_003420	AOBS17_30	1	1	1	1	1	0	1	1	1							
AC1KRY_003424	AOBS17_30	1	0	0	0	0	0	1	1	1							
AC1KRY_003430	AOBS17_30	1	1	1	1	1	0	1	1	1							
AC1KRY_003468	AOBS17_30	1	1	1	1	0	0	1	1	1							
AC1KRY_003485	AOBS17_30	1	1	0	1	1	0	1	1	0							
AC1KRY_003508	AOBS17_30	1	0	1	1	0	0	0	1	0							
AC1KRY_003515	AOBS17_30	1	1	1	0	1	0	1	1	0							
AC1KRY_003544	AOBS17_30	1	1	1	1	1	0	1	1	1							
AC1KRY_003546	AOBS17_30	1	1	0	0	0	0	0	1	0							
AC1KRY_003563	AOBS17_30	1	1	1	1	0	0	0	1	1							
AC1KRY_003566	AOBS17_30	1	0	1	1	1	0	0	1	1							
AC1KRY_003570	AOBS17_30	1	0	1	1	1	0	1	1	1							
AC1KRY_003571	AOBS17_30	1	1	0	0	0	0	0	1	0							
AC1KRY_003583	AOBS17_30	1	1	1	1	1	0	1	1	1							
AC1KRY_003584	AOBS17_30	1	1	1	1	1	0	0	1	0							
AC1KRY_003602	AOBS17_30	1	0	1	1	0	0	0	1	0							
AC1KRY_003612	AOBS17_30	1	1	1	1	1	0	1	1	1							
AC1KRY_003631	AOBS17_30	1	1	1	1	1	0	0	1	1							
AC1KRY_003638	AOBS17_30	1	1	1	0	1	0	1	1	1							
AC1KRY_003645	AOBS17_30	1	1	1	1	0	0	0	1	1							
AC1KRY_003688	AOBS17_30	1	1	0	0	0	0	0	1	0							
AC1KRY_003692	AOBS17_30	1	0	1	1	1	0	0	1	1							
AC1KRY_003702	AOBS17_30	1	1	1	1	1	0	1	1	1							
AC1KRY_003704	AOBS17_30	1	1	1	1	1	0	0	1	1							
AC1KRY_003708	AOBS17_30	1	1	1	1	1	0	0	1	1							
AC1KRY_003717	AOBS17_30	1	1	1	1	1	0	1	1	1							
AC1KRY_003718	AOBS17_30	1	1	1	1	1	0	1	1	1							
AC1KRY_003720	AOBS17_30	1	1	1	1	1	0	1	1	1							
AC1KRY_003722	AOBS17_30	1	1	1	1	1	0	0	1	1							
AC1KRY_003725	AOBS17_30	1	1	0	1	0	0	1	1	1							
AC1KRY_003730	AOBS17_30	1	1	1	1	1	0	1	1	1							
AC1KRY_003732	AOBS17_30	1	0	0	1	1	0	0	1	0							
AC1KRY_003735	AOBS17_30	1	1	1	1	1	0	1	1	1							
AC1KRY_003746	AOBS17_30	1	1	1	1	1	0	1	1	1							
AC1KRY_003753	AOBS17_30	1	1	1	1	1	0	1	1	1							
AC1KRY_003760	AOBS17_30	1	1	1	1	1	0	1	1	1							
AC1KRY_003783	AOBS17_30	1	1	1	0	1	0	1	1	1							
AC1KRY_003784	AOBS17_30	1	1	1	1	1	0	1	1	1							
AC1KRY_003786	AOBS17_30	1	0	0	1	0	0	1	1	0							
AC1KRY_003789	AOBS17_30	1	0	0	0	1	0	0	1	1							
AC1KRY_003794	AOBS17_30	1	1	1	1	1	0	1	1	1							
AC1KRY_003808	AOBS17_30	1	1	1	0	1	0	1	1	1							
AC1KRY_000764	AOBS17_30	1	1	1	1	1	0	1	1	1							
AC1KRY_000772	AOBS17_30	1	0	1	1	1	0	1	1	1							
AC1KRY_000773	AOBS17_30	1	1	1	1	0	0	1	1	1							
AC1KRY_000778	AOBS17_30	1	1	1	1	1	0	1	1	1							
AC1KRY_000784	AOBS17_30	1	1	1	1	1	0	1	1	1							
AC1KRY_000785	AOBS17_30	1	0	1	0	0	0	1	1	0							
AC1KRY_000799	AOBS17_30	1	1	1	1	1	0	0	1	0							
AC1KRY_000805	AOBS17_30	1	1	1	1	1	0	1	1	1							
AC1KRY_000810	AOBS17_30	1	1	0	1	1	0	1	1	1							
AC1KRY_000818	AOBS17_30	1	1	1	1	1	0	0	1	1							
AC1KRY_000823	AOBS17_30	1	1	1	1	1	0	0	1	1							
AC1KRY_000824	AOBS17_30	1	0	0	0	0	0	1	1	0							
AC1KRY_000836	AOBS17_30	1	1	0	0	0	0	1	1	1							
AC1KRY_000838	AOBS17_30	1	1	1	1	1	0	1	1	1							
AC1KRY_000845	AOBS17_30	1	1	0	0	0	0	0	1	1							
AC1KRY_000847	AOBS17_30	1	0	1	1	1	0	1	1	0							
AC1KRY_000862	AOBS17_30	1	1	1	1	1	0	1	1	1							
AC1KRY_000880	AOBS17_30	1	1	0	0	0	0	0	1	0							
AC1KRY_000883	AOBS17_30	1	0	1	0	1	0	1	1	0							
AC1KRY_000884	AOBS17_30	1	0	1	1	1	0	0	1	1							
AC1KRY_000888	AOBS17_30	1	1	1	1	1	0	1	1	1							
AC1KRY_000893	AOBS17_30	1	1	1	1	1	0	0	1	1							
AC1KRY_003840	AOBS17_30	1	0	1	0	0	0	1	1	0							
AC1KRY_003845	AOBS17_30	1	0	0	1	1	0	0	1	1							
AC1KRY_003849	AOBS17_30	1	1	1	1	1	0	1	1	1							
AC1KRY_003857	AOBS17_30	1	1	1	1	1	0	0	1	1							
AC1KRY_003859	AOBS17_30	1	0	1	1	1	0	1	1	0							
AC1KRY_003864	AOBS17_30	1	1	0	1	0	0	0	1	0							
AC1KRY_003866	AOBS17_30	1	1	1	0	1	0	1	1	1							
AC1KRY_003868	AOBS17_30	1	1	1	1	1	0	1	1	1							
AC1KRY_003879	AOBS17_30	1	1	1	1	1	0	1	1	1							
AC1KRY_003884	AOBS17_30	1	1	1	1	0	0	0	1	0							
AC1KRY_003899	AOBS17_30	1	1	1	1	1	0	0	1	1							
AC1KRY_003901	AOBS17_30	1	0	0	0	0	0	0	1	0							
AC1KRY_003903	AOBS17_30	1	1	1	1	1	0	0	1	1							
AC1KRY_003910	AOBS17_30	1	1	1	1	1	0	1	1	1							
AC1KRY_003938	AOBS17_30	1	1	1	1	1	0	1	1	1							
AC1KRY_003945	AOBS17_30	1	1	1	1	1	0	1	1	1							
AC1KRY_003947	AOBS17_30	1	1	0	1	1	0	0	1	0							
AC1KRY_003952	AOBS17_30	1	0	1	0	1	0	0	1	0							
AC1KRY_003959	AOBS17_30	1	1	1	0	1	0	1	1	0							
AC1KRY_003964	AOBS17_30	1	1	1	0	1	0	0	1	1							
AC1KRY_003972	AOBS17_30	1	0	1	1	1	0	1	1	1							
AC1KRY_003976	AOBS17_30	1	1	1	1	1	0	1	1	1							
AC1KRY_003990	AOBS17_30	1	1	0	1	0	0	1	1	0							
AC1KRY_003995	AOBS17_30	1	1	1	1	1	0	1	1	1							
AC1KRY_003996	AOBS17_30	1	1	1	1	1	0	1	1	1							
AC1KRY_004018	AOBS17_30	1	1	1	1	1	0	1	1	1							
AC1KRY_004019	AOBS17_30	1	1	1	1	1	0	1	1	1							
AC1KRY_004034	AOBS17_30	1	1	1	1	1	0	1	1	1							
AC1KRY_004037	AOBS17_30	1	1	1	1	1	0	1	1	1							
AC1KRY_004056	AOBS17_30	1	1	1	1	1	0	0	1	1							
AC1KRY_004063	AOBS17_30	1	1	0	0	1	0	0	1	0							
AC1KRY_004075	AOBS17_30	1	0	1	1	1	0	1	1	1							
AC1KRY_004114	AOBS17_30	1	1	1	1	1	0	1	1	1							
AC1KRY_000905	AOBS17_30	1	1	1	1	1	0	1	1	1							
AC1KRY_000910	AOBS17_30	1	1	1	1	0	0	1	1	0							
AC1KRY_000914	AOBS17_30	1	1	1	1	1	0	1	1	1							
AC1KRY_000915	AOBS17_30	1	1	1	1	1	0	0	1	1							
AC1KRY_000917	AOBS17_30	1	0	1	1	1	0	1	1	1							
AC1KRY_000927	AOBS17_30	1	1	1	1	1	0	1	1	1							
AC1KRY_000936	AOBS17_30	1	1	1	1	1	0	1	1	1							
AC1KRY_000940	AOBS17_30	1	0	1	0	1	0	1	1	1							
AC1KRY_000949	AOBS17_30	1	1	1	1	1	0	1	1	1							
AC1KRY_000952	AOBS17_30	1	1	1	1	1	0	1	1	1							
AC1KRY_000954	AOBS17_30	1	1	1	1	1	0	1	1	1							
AC1KRY_000958	AOBS17_30	1	1	1	1	1	0	1	1	1							
AC1KRY_000968	AOBS17_30	1	1	1	1	1	0	1	1	1							
AC1KRY_000987	AOBS17_30	1	0	1	0	0	0	1	1	1							
AC1KRY_001004	AOBS17_30	1	1	1	0	0	0	1	1	1							
AC1KRY_004131	AOBS17_30	1	0	0	0	0	0	0	1	0							
AC1KRY_004140	AOBS17_30	1	0	0	0	0	0	1	1	0							
AC1KRY_004149	AOBS17_30	1	0	0	0	1	0	0	1	1							
AC1KRY_004152	AOBS17_30	1	0	1	1	1	0	1	1	1							
AC1KRY_004162	AOBS17_30	1	1	1	1	1	0	0	1	1							
AC1KRY_004172	AOBS17_30	1	1	0	1	1	0	1	1	1							
AC1KRY_004173	AOBS17_30	1	1	1	1	1	0	1	1	1							
AC1KRY_004181	AOBS17_30	1	1	1	1	1	0	1	1	1							
AC1KRY_004185	AOBS17_30	1	1	1	1	1	0	1	1	1							
AC1KRY_004189	AOBS17_30	1	1	1	1	1	0	1	1	1							
AC1KRY_004194	AOBS17_30	1	1	1	1	0	0	1	1	0							
AC1KRY_004213	AOBS17_30	1	1	0	0	0	0	1	1	0							
AC1KRY_004249	AOBS17_30	1	1	1	1	1	0	1	1	1							
AC1KRY_004263	AOBS17_30	1	0	0	1	0	0	1	1	0							
AC1KRY_004267	AOBS17_30	1	1	0	1	0	0	0	1	1							
AC1KRY_004278	AOBS17_30	1	1	1	1	1	0	0	1	1							
AC1KRY_004285	AOBS17_30	1	1	1	1	1	0	1	1	0							
AC1KRY_004299	AOBS17_30	1	1	1	1	1	0	1	1	1							
AC1KRY_004308	AOBS17_30	1	1	0	0	1	0	0	1	0							
AC1KRY_004309	AOBS17_30	1	1	0	0	0	0	1	1	0							
AC1KRY_004310	AOBS17_30	1	0	0	1	1	0	0	1	0							
AC1KRY_004314	AOBS17_30	1	1	1	1	1	0	0	1	1							
AC1KRY_004329	AOBS17_30	1	1	1	1	1	0	1	1	1							
AC1KRY_004333	AOBS17_30	1	1	1	1	1	0	1	1	1							
AC1KRY_004339	AOBS17_30	1	0	0	1	0	0	0	1	0							
AC1KRY_004343	AOBS17_30	1	1	1	1	1	0	0	1	1							
AC1KRY_004353	AOBS17_30	1	1	1	1	1	0	1	1	1							
AC1KRY_004363	AOBS17_30	1	1	0	0	1	0	1	1	1							
AC1KRY_004375	AOBS17_30	1	1	1	1	1	0	1	1	1							
AC1KRY_004377	AOBS17_30	1	1	1	1	1	0	1	1	1							
AC1KRY_004384	AOBS17_30	1	1	1	1	1	0	1	1	1							
AC1KRY_004391	AOBS17_30	1	1	1	1	1	0	1	1	1							
AC1KRY_001014	AOBS17_30	1	1	1	1	0	0	1	1	1							
AC1KRY_001019	AOBS17_30	1	0	0	0	0	0	0	1	1							
AC1KRY_001024	AOBS17_30	1	1	1	1	1	0	1	1	1							
AC1KRY_001026	AOBS17_30	1	1	1	1	1	0	0	1	1							
AC1KRY_001030	AOBS17_30	1	1	0	0	1	0	0	1	0							
AC1KRY_001061	AOBS17_30	1	1	1	1	1	0	0	1	0							
AC1KRY_001077	AOBS17_30	1	1	1	1	1	0	1	1	1							
AC1KRY_001084	AOBS17_30	1	0	0	0	0	0	0	1	0							
AC1KRY_001085	AOBS17_30	1	1	1	1	1	0	1	1	1							
AC1KRY_001089	AOBS17_30	1	1	1	1	1	0	1	1	1							
AC1KRY_001097	AOBS17_30	1	1	1	1	1	0	1	1	1							
AC1KRY_004404	AOBS17_30	1	1	1	1	1	0	1	1	1							
AC1KRY_004422	AOBS17_30	1	1	1	1	1	0	0	1	0							
AC1KRY_004430	AOBS17_30	1	1	1	1	0	0	0	1	0							
AC1KRY_004440	AOBS17_30	1	1	1	1	1	0	1	1	1							
AC1KRY_004448	AOBS17_30	1	1	1	1	1	0	1	1	1							
AC1KRY_004453	AOBS17_30	1	0	0	0	0	0	0	1	0							
AC1KRY_004455	AOBS17_30	1	1	1	1	1	0	1	1	1							
AC1KRY_004456	AOBS17_30	1	1	1	1	1	0	1	1	1							
AC1KRY_004457	AOBS17_30	1	1	1	1	1	0	1	1	1							
AC1KRY_004460	AOBS17_30	1	0	0	0	0	0	0	1	0							
AC1KRY_004461	AOBS17_30	1	1	0	1	1	0	0	1	1							
AC1KRY_004470	AOBS17_30	1	1	0	0	0	0	1	1	0							
AC1KRY_004473	AOBS17_30	1	0	0	0	1	0	1	1	1							
AC1KRY_004477	AOBS17_30	1	1	0	0	0	0	0	1	0							
AC1KRY_004507	AOBS17_30	1	1	1	1	1	0	0	1	1							
AC1KRY_004513	AOBS17_30	1	0	0	0	0	0	0	1	0							
AC1KRY_004516	AOBS17_30	1	1	1	0	1	0	1	1	1							
AC1KRY_004525	AOBS17_30	1	1	1	1	1	0	1	1	1							
AC1KRY_004530	AOBS17_30	1	1	0	0	0	0	0	1	0							
AC1KRY_004532	AOBS17_30	1	1	1	1	1	0	1	1	0							
AC1KRY_004535	AOBS17_30	1	1	1	1	1	0	1	1	1							
AC1KRY_004536	AOBS17_30	1	1	1	0	1	0	1	1	1							
AC1KRY_004539	AOBS17_30	1	0	0	0	0	0	1	1	1							
AC1KRY_004549	AOBS17_30	1	1	1	1	1	0	1	1	1							
AC1KRY_004550	AOBS17_30	1	0	1	1	1	0	1	1	1							
AC1KRY_004597	AOBS17_30	1	0	1	1	1	0	1	1	1							
AC1KRY_004608	AOBS17_30	1	1	0	0	0	0	0	1	0							
AC1KRY_001112	AOBS17_30	1	1	1	1	1	0	1	1	1							
AC1KRY_001122	AOBS17_30	1	1	1	1	1	0	0	1	1							
AC1KRY_001134	AOBS17_30	1	1	1	1	1	0	1	1	1							
AC1KRY_001137	AOBS17_30	1	1	1	1	1	0	1	1	1							
AC1KRY_001151	AOBS17_30	1	1	0	0	0	0	0	1	0							
AC1KRY_001170	AOBS17_30	1	1	0	0	1	0	0	1	1							
AC1KRY_001171	AOBS17_30	1	1	1	1	1	0	0	1	1							
AC1KRY_001185	AOBS17_30	1	1	1	1	1	0	1	1	1							
AC1KRY_001202	AOBS17_30	1	1	0	1	0	0	1	1	0							
AC1KRY_004626	AOBS17_30	1	1	1	0	1	0	1	1	1							
AC1KRY_004645	AOBS17_30	1	0	1	0	1	0	1	1	0							
AC1KRY_004646	AOBS17_30	1	0	1	1	1	0	1	1	1							
AC1KRY_004647	AOBS17_30	1	0	0	1	1	0	0	1	1							
AC1KRY_004654	AOBS17_30	1	0	1	1	1	0	1	1	1							
AC1KRY_004655	AOBS17_30	1	0	1	1	1	0	1	1	1							
AC1KRY_004680	AOBS17_30	1	1	1	1	1	0	1	1	1							
AC1KRY_004692	AOBS17_30	1	1	0	0	0	0	0	1	0							
AC1KRY_004706	AOBS17_30	1	0	0	0	1	0	1	1	0							
AC1KRY_004728	AOBS17_30	1	1	1	1	1	0	1	1	1							
AC1KRY_004738	AOBS17_30	1	0	0	0	0	0	0	1	0							
AC1KRY_004742	AOBS17_30	1	1	1	1	1	0	1	1	1							
AC1KRY_004744	AOBS17_30	1	1	1	1	1	0	0	1	0							
AC1KRY_004745	AOBS17_30	1	0	1	1	1	0	1	1	1							
AC1KRY_004746	AOBS17_30	1	1	1	1	1	0	1	1	1							
AC1KRY_004749	AOBS17_30	1	1	1	1	1	0	1	1	1							
AC1KRY_004755	AOBS17_30	1	0	0	0	0	0	0	1	0							
AC1KRY_004756	AOBS17_30	1	1	1	1	0	0	0	1	1							
AC1KRY_001209	AOBS17_30	1	1	1	1	1	0	1	1	1							
AC1KRY_001226	AOBS17_30	1	1	1	1	1	0	1	1	1							
AC1KRY_001229	AOBS17_30	1	1	1	1	1	0	1	1	1							
AC1KRY_001231	AOBS17_30	1	1	1	1	1	0	1	1	1							
AC1KRY_001234	AOBS17_30	1	1	0	1	1	0	1	1	1							
AC1KRY_001240	AOBS17_30	1	1	1	1	1	0	0	1	1							
AC1KRY_001245	AOBS17_30	1	1	1	1	1	0	1	1	1							
AC1KRY_001250	AOBS17_30	1	1	0	0	0	0	1	1	0							
AC1KRY_001259	AOBS17_30	1	1	1	1	1	0	1	1	1							
AC1KRY_001274	AOBS17_30	1	1	1	1	1	0	1	1	1							
AC1KRY_001277	AOBS17_30	1	1	1	1	1	0	1	1	1							
AC1KRY_001278	AOBS17_30	1	1	1	1	0	0	1	1	1							
AC1KRY_001292	AOBS17_30	1	1	0	0	0	0	0	1	0							
AC1KRY_001298	AOBS17_30	1	1	1	0	1	0	0	1	0							
AC1KRY_004816	AOBS17_30	1	0	0	1	1	0	0	1	0							
AC1KRY_004819	AOBS17_30	1	1	1	1	0	0	0	1	1							
AC1KRY_004825	AOBS17_30	1	1	1	0	1	0	0	1	1							
AC1KRY_004845	AOBS17_30	1	1	1	1	1	0	1	1	1							
AC1KRY_004857	AOBS17_30	1	1	1	0	1	0	0	1	0							
AC1KRY_004873	AOBS17_30	1	1	1	1	1	0	0	1	1							
AC1KRY_004897	AOBS17_30	1	0	1	1	1	0	1	1	1							
AC1KRY_004899	AOBS17_30	1	0	1	0	1	0	0	1	0							
AC1KRY_004900	AOBS17_30	1	1	1	1	1	0	1	1	1							
AC1KRY_004902	AOBS17_30	1	1	0	0	1	0	0	1	1							
AC1KRY_000002	AOBS17_30	1	1	0	0	0	0	0	0	0							
AC1KRY_000005	AOBS17_30	1	1	0	0	0	0	0	0	1							
AC1KRY_000010	AOBS17_30	1	1	0	0	0	0	0	0	0		HyfI_C,RasGEF,Tubulin,Tubulin_C	Pfam		HyfI_C,RasGEF,Tubulin,Tubulin_C	PF30371.1,PF00617.25,PF00091.32,PF03953.23	0.0019,4.7e-19,2e-54,2.1e-43
AC1KRY_000013	AOBS17_30	1	1	1	1	1	0	1	0	1							
AC1KRY_000015	AOBS17_30	1	1	0	0	0	0	0	0	0		Ribosomal_L7Ae,VPS18_RING_C	Pfam		Ribosomal_L7Ae,VPS18_RING_C	PF01248.32,PF26148.1	6.4e-25,0.0023
AC1KRY_000016	AOBS17_30	1	1	0	0	0	0	0	0	0							
AC1KRY_000018	AOBS17_30	1	1	0	0	0	0	0	0	0		UQ_con	Pfam		UQ_con	PF00179.32	1.5e-40
AC1KRY_000022	AOBS17_30	1	1	0	0	0	0	0	0	0							
AC1KRY_000023	AOBS17_30	1	1	0	0	0	0	0	0	0		Actin,Actin_micro,MreB_Mbl	Pfam		Actin,Actin_micro,MreB_Mbl	PF00022.27,PF17003.13,PF06723.20	4.1e-102,0.0041,1.3e-06
AC1KRY_000026	AOBS17_30	1	1	0	0	0	0	0	0	0		Aminotran_1_2,Beta_elim_lyase	Pfam		Aminotran_1_2,Beta_elim_lyase	PF00155.28,PF01212.28	2.6e-60,0.0091
AC1KRY_000031	AOBS17_30	1	1	0	0	0	0	0	0	1							
AC1KRY_000034	AOBS17_30	1	1	0	0	0	0	1	0	0							
AC1KRY_000036	AOBS17_30	1	1	0	0	0	0	0	0	0		MFS_1,OATP,Sugar_tr	Pfam		MFS_1,OATP,Sugar_tr	PF07690.22,PF03137.27,PF00083.31	8.4e-34,5e-05,4.6e-14
AC1KRY_000039	AOBS17_30	1	1	0	0	1	0	0	0	1							
AC1KRY_000044	AOBS17_30	1	1	0	0	0	0	0	0	0		ACBP4_C,DUF3450,INO80E,OVT1	Pfam		ACBP4_C,DUF3450,INO80E,OVT1	PF24922.1,PF11932.14,PF24237.2,PF24423.3	4.2,0.53,0.00056,0.0011
AC1KRY_000045	AOBS17_30	1	1	1	0	1	0	0	0	1							
AC1KRY_000055	AOBS17_30	1	1	1	1	1	0	0	0	1							
AC1KRY_000060	AOBS17_30	1	1	1	0	1	0	1	0	1							
AC1KRY_000061	AOBS17_30	1	1	0	0	0	0	0	0	0							
AC1KRY_000062	AOBS17_30	1	1	0	0	0	0	0	0	0		BRCT	Pfam		BRCT	PF00533.34	5.2e-06
AC1KRY_000063	AOBS17_30	1	1	0	0	0	0	0	0	0		ABC1,APH,Choline_kinase,Pkinase,PK_Tyr_Ser-Thr,RIO1	Pfam		ABC1,APH,Choline_kinase,Pkinase,PK_Tyr_Ser-Thr,RIO1	PF03109.23,PF01636.30,PF01633.27,PF00069.32,PF07714.24,PF01163.29	1.8e-06,0.00012,0.0055,4.2e-53,2.1e-19,0.003
AC1KRY_000066	AOBS17_30	1	1	0	0	0	0	0	0	0		Gp44-like_2nd,SH3_Rv2311	Pfam		Gp44-like_2nd,SH3_Rv2311	PF22255.3,PF27170.1	0.0023,0.0039
AC1KRY_000069	AOBS17_30	1	1	0	0	0	0	0	0	0							
AC1KRY_000084	AOBS17_30	1	1	1	1	0	0	1	0	0							
AC1KRY_000085	AOBS17_30	1	1	0	0	0	0	0	0	0							
AC1KRY_000087	AOBS17_30	1	1	1	1	0	0	0	0	1							
AC1KRY_000088	AOBS17_30	1	1	1	0	1	0	0	0	1							
AC1KRY_000090	AOBS17_30	1	1	0	0	0	0	0	0	0		PhyH	Pfam		PhyH	PF05721.20	9.4e-19
AC1KRY_000093	AOBS17_30	1	1	0	0	0	0	0	0	0		Cytochrome_C7,Zn_clus	Pfam		Cytochrome_C7,Zn_clus	PF14522.12,PF00172.24	0.0016,6.1e-08
AC1KRY_000095	AOBS17_30	1	1	1	0	1	0	0	0	0							
AC1KRY_000096	AOBS17_30	1	1	0	0	0	0	0	0	0		Aa_trans,Oxidored_q5_N,SirB	Pfam		Aa_trans,Oxidored_q5_N,SirB	PF01490.25,PF01059.23,PF04247.18	1.1e-29,0.44,0.29
AC1KRY_000100	AOBS17_30	1	1	0	0	0	0	0	0	0		Fcf1,Glyco_transf_8	Pfam		Fcf1,Glyco_transf_8	PF04900.19,PF01501.27	1e-26,0.0091
AC1KRY_000102	AOBS17_30	1	1	0	0	0	0	0	0	0		ASD1_dom,Fungal_trans_2,MFS_1,Sugar_tr	Pfam		ASD1_dom,Fungal_trans_2,MFS_1,Sugar_tr	PF22848.3,PF11951.14,PF07690.22,PF00083.31	3.2e-40,6.7e-12,2.7e-32,8.4e-70
AC1KRY_000105	AOBS17_30	1	1	1	1	1	0	1	0	1							
AC1KRY_000107	AOBS17_30	1	1	1	1	1	0	0	0	1							
AC1KRY_000109	AOBS17_30	1	1	0	0	0	0	0	0	1							
AC1KRY_000111	AOBS17_30	1	1	1	1	0	0	1	0	0							
AC1KRY_000112	AOBS17_30	1	1	0	0	0	0	0	0	0		LAMTOR	Pfam		LAMTOR	PF15454.12	4.4e-07
AC1KRY_000116	AOBS17_30	1	1	0	0	0	0	0	0	0		Baculo_p33,EIF_2_alpha,TAN	Pfam		Baculo_p33,EIF_2_alpha,TAN	PF05214.19,PF07541.18,PF11640.14	0.011,0.0053,0.0025
AC1KRY_000117	AOBS17_30	1	1	0	0	0	0	0	0	0		DUF1776	Pfam		DUF1776	PF08643.17	1.3e-45
AC1KRY_000121	AOBS17_30	1	1	1	1	1	0	1	0	0							
AC1KRY_000134	AOBS17_30	1	1	0	0	0	0	0	0	0		AAA_19,Cas3-like_C_2,CMS1,DEAD,Helicase_C,HEM4,P-loop_SecA,Peripla_BP_1,ResIII	Pfam		AAA_19,Cas3-like_C_2,CMS1,DEAD,Helicase_C,HEM4,P-loop_SecA,Peripla_BP_1,ResIII	PF13245.13,PF22590.3,PF14617.13,PF00270.36,PF00271.38,PF02602.21,PF21090.4,PF00532.28,PF04851.22	0.00027,0.019,0.016,2.6e-45,4e-32,0.0012,0.0014,0.0038,2.2e-06
AC1KRY_000138	AOBS17_30	1	1	0	0	0	0	0	0	0							
AC1KRY_000143	AOBS17_30	1	1	0	0	0	0	0	0	0		A6-like_Thioredoxin-like_C,AhpC-TSA,Calsequestrin,Glutaredoxin,OST3_OST6,PedC-like,Redoxin,RMD1-3,Thioredoxin,Thioredoxin-like_DJC16_2nd,Thioredoxin_2,Thioredoxin_6,Thioredoxin_7,Thioredoxin_8,Thioredox_PDIA6_C,TraF	Pfam		A6-like_Thioredoxin-like_C,AhpC-TSA,Calsequestrin,Glutaredoxin,OST3_OST6,PedC-like,Redoxin,RMD1-3,Thioredoxin,Thioredoxin-like_DJC16_2nd,Thioredoxin_2,Thioredoxin_6,Thioredoxin_7,Thioredoxin_8,Thioredox_PDIA6_C,TraF	PF26967.1,PF00578.28,PF01216.24,PF00462.31,PF04756.20,PF20207.5,PF08534.17,PF21033.6,PF00085.27,PF26973.1,PF13098.14,PF13848.13,PF13899.13,PF13905.13,PF24541.2,PF13728.13	0.00088,1e-05,0.0051,0.003,6.8e-07,0.0079,0.0055,0.0068,5.5e-29,2.9e-08,1.6e-10,1.1e-11,0.003,7.1e-09,1.6e-20,0.0029
AC1KRY_000147	AOBS17_30	1	1	0	0	0	0	0	0	0		MutS_I,MutS_II,MutS_III,MutS_V,NTE_Ploop,Sugar_tr	Pfam		MutS_I,MutS_II,MutS_III,MutS_V,NTE_Ploop,Sugar_tr	PF01624.26,PF05188.24,PF05192.24,PF00488.28,PF24179.2,PF00083.31	6.6e-21,2.7e-13,2e-42,2.3e-76,0.0032,0.011
AC1KRY_000149	AOBS17_30	1	1	0	0	0	0	0	0	0							
AC1KRY_000151	AOBS17_30	1	1	0	0	0	0	0	0	0		MazE-like	Pfam		MazE-like	PF11455.14	0.014
AC1KRY_000153	AOBS17_30	1	1	0	0	0	0	0	0	0		ANAPC4_WD40,ASA1,Beta-prop_Aladin,Beta-prop_CAF1B_HIR1,Beta-prop_DCAF12,Beta-prop_DCAF4,Beta-prop_EIPR1,Beta-prop_EML,Beta-prop_EML_2,Beta-prop_HPS5,Beta-prop_IFT122_1st,Beta-prop_IFT140_1st,Beta-prop_NOL10_N,Beta-prop_Nup120_160,Beta-prop_RIG_1st,Beta-prop_RIG_2nd,Beta-prop_SCAP,Beta-prop_SPT8,Beta-prop_TEP1_2nd,Beta-prop_TEP1_C,Beta-prop_THOC3,Beta-prop_WDR19_1st,Beta-prop_WDR36-Utp21_1st,Beta-prop_WDR36-Utp21_2nd,Beta-prop_WDR3_1st,Beta-prop_WDR3_2nd,Beta-prop_WDR41,Beta-prop_WDR5,Beta-prop_WDR75_1st,Beta-prop_WDR90_POC16_2nd,DSE1_N,EIF3I,NBCH_WD40,PAC11,TRM82_WD,WD40,WD40_CDC20-Fz,WD40_Gbeta,WD40_MABP1-WDR62_2nd,WD40_Prp19,WD40_RFWD3,WD40_WDHD1_1st,WDR55,WD_LRWD1	Pfam		ANAPC4_WD40,ASA1,Beta-prop_Aladin,Beta-prop_CAF1B_HIR1,Beta-prop_DCAF12,Beta-prop_DCAF4,Beta-prop_EIPR1,Beta-prop_EML,Beta-prop_EML_2,Beta-prop_HPS5,Beta-prop_IFT122_1st,Beta-prop_IFT140_1st,Beta-prop_NOL10_N,Beta-prop_Nup120_160,Beta-prop_RIG_1st,Beta-prop_RIG_2nd,Beta-prop_SCAP,Beta-prop_SPT8,Beta-prop_TEP1_2nd,Beta-prop_TEP1_C,Beta-prop_THOC3,Beta-prop_WDR19_1st,Beta-prop_WDR36-Utp21_1st,Beta-prop_WDR36-Utp21_2nd,Beta-prop_WDR3_1st,Beta-prop_WDR3_2nd,Beta-prop_WDR41,Beta-prop_WDR5,Beta-prop_WDR75_1st,Beta-prop_WDR90_POC16_2nd,DSE1_N,EIF3I,NBCH_WD40,PAC11,TRM82_WD,WD40,WD40_CDC20-Fz,WD40_Gbeta,WD40_MABP1-WDR62_2nd,WD40_Prp19,WD40_RFWD3,WD40_WDHD1_1st,WDR55,WD_LRWD1	PF12894.14,PF29630.1,PF25460.2,PF24105.2,PF23760.2,PF23761.2,PF23609.2,PF23409.2,PF23414.2,PF23756.2,PF23381.2,PF23383.2,PF23098.2,PF11715.17,PF23770.2,PF23775.2,PF24017.3,PF23798.2,PF25047.1,PF25048.2,PF25174.2,PF23389.2,PF25171.2,PF25168.2,PF25173.2,PF25172.2,PF25178.1,PF25175.2,PF23869.2,PF23393.3,PF29037.1,PF24805.2,PF20426.5,PF30151.1,PF30361.1,PF00400.39,PF24807.2,PF25391.2,PF24782.3,PF24814.2,PF23419.3,PF24817.2,PF24796.2,PF23215.1	6e-10,0.0026,5.6e-13,2.2e-12,0.0017,2e-07,1.4e-16,9e-08,9.4e-12,0.0023,8.7e-25,3.9e-05,9.4e-05,0.00065,0.00044,3.7e-13,3.4e-06,0.00012,5.8e-14,2.2e-06,8.7e-33,8.4e-05,5.7e-07,1.6e-08,5.3e-24,5.8e-11,0.00011,5.6e-25,9.6e-08,1.6e-08,4.2e-11,4.1e-08,1.3e-06,1.4e-05,0.0095,3.2e-22,2e-25,6.8e-13,1.1e-08,9.6e-22,2.6e-11,9.7e-15,8.3e-14,3.5e-10
AC1KRY_000155	AOBS17_30	1	1	0	0	0	0	0	0	1							
AC1KRY_000163	AOBS17_30	1	1	0	0	0	0	0	0	0							
AC1KRY_000167	AOBS17_30	1	1	1	1	1	0	0	0	1							
AC1KRY_000173	AOBS17_30	1	1	0	0	0	0	0	0	0		FNIP_N,Longin_2	Pfam		FNIP_N,Longin_2	PF14636.13,PF18639.8	2.6e-07,0.00028
AC1KRY_000179	AOBS17_30	1	1	1	1	1	0	1	0	1							
AC1KRY_000182	AOBS17_30	1	1	0	0	0	0	0	0	0		Ribosomal_L50,YHR086W-A	Pfam		Ribosomal_L50,YHR086W-A	PF10501.16,PF29266.1	3.1e-06,0.015
AC1KRY_000188	AOBS17_30	1	1	0	0	0	0	0	0	0		Chap-C,UFD1_N1,UFD1_N2	Pfam		Chap-C,UFD1_N1,UFD1_N2	PF22554.2,PF03152.22,PF24842.2	0.0052,1.2e-15,6.4e-11
AC1KRY_000189	AOBS17_30	1	1	0	0	0	0	0	0	0		CENP-L,Glyco_trans_4_4	Pfam		CENP-L,Glyco_trans_4_4	PF13092.13,PF13579.13	2.8e-16,0.0039
AC1KRY_000190	AOBS17_30	1	1	0	0	0	0	0	0	0							
AC1KRY_000191	AOBS17_30	1	1	0	0	0	0	0	0	0		SpvB	Pfam		SpvB	PF03534.19	0.0097
AC1KRY_000199	AOBS17_30	1	1	0	1	0	0	0	0	0							
AC1KRY_000200	AOBS17_30	1	1	1	0	1	0	0	0	0							
AC1KRY_000207	AOBS17_30	1	1	0	0	0	0	0	0	0							
AC1KRY_000211	AOBS17_30	1	1	0	0	0	0	0	0	0		AAA_22,Cas3-like_C_2,DEAD,DEAD_2,Dicer_dimer,DUF1257,Helicase_C,ResIII,Ribonuclease_3,Ribonucleas_3_3,SNF2-rel_dom,Y4mA_N	Pfam		AAA_22,Cas3-like_C_2,DEAD,DEAD_2,Dicer_dimer,DUF1257,Helicase_C,ResIII,Ribonuclease_3,Ribonucleas_3_3,SNF2-rel_dom,Y4mA_N	PF13401.13,PF22590.3,PF00270.36,PF06733.22,PF03368.20,PF06868.18,PF00271.38,PF04851.22,PF00636.32,PF14622.12,PF00176.30,PF27403.1	0.00076,0.0048,3.8e-15,0.0008,4.2e-22,0.0046,2e-15,3.6e-14,2.2e-30,2.1e-26,0.00025,3.9
AC1KRY_000214	AOBS17_30	1	1	1	0	0	0	0	0	1							
AC1KRY_000216	AOBS17_30	1	1	1	0	0	0	0	0	0							
AC1KRY_000218	AOBS17_30	1	1	0	0	0	0	0	0	0		CCSMST1,DUF7361,E1-E2_ATPase,HMA,HMA_PCA1,Hydrolase	Pfam		CCSMST1,DUF7361,E1-E2_ATPase,HMA,HMA_PCA1,Hydrolase	PF15013.12,PF24060.2,PF00122.26,PF00403.33,PF24534.2,PF00702.33	0.0046,0.00018,2.4e-22,1.1e-10,2.9e-14,4e-18
AC1KRY_001299	AOBS17_30	1	1	0	0	0	0	0	0	0		AAA_lid_13,Pyridoxal_deC	Pfam		AAA_lid_13,Pyridoxal_deC	PF23232.2,PF00282.26	0.0077,3.9e-97
AC1KRY_001302	AOBS17_30	1	1	1	1	1	0	0	0	1							
AC1KRY_001308	AOBS17_30	1	1	0	0	0	0	0	0	0							
AC1KRY_001319	AOBS17_30	1	1	0	0	0	0	0	0	0							
AC1KRY_001326	AOBS17_30	1	1	0	0	0	0	0	0	0		Suc_Fer-like,Sugar_tr,VirB3	Pfam		Suc_Fer-like,Sugar_tr,VirB3	PF06999.18,PF00083.31,PF05101.19	4.2e-56,1.4e-64,0.013
AC1KRY_001327	AOBS17_30	1	1	0	0	0	0	0	0	1							
AC1KRY_001331	AOBS17_30	1	1	0	0	0	0	0	0	0		AAA,AAA_11,AAA_14,AAA_16,AAA_17,AAA_18,AAA_19,AAA_2,AAA_22,AAA_24,AAA_25,AAA_28,AAA_3,AAA_33,AAA_5,AAA_7,AAA_lid_3,AAA_RNF213_4,ABC_tran,AFG1_ATPase,ATP-synt_ab,ATPase,ATPase_2,Bac_DnaA,CPT,Cytidylate_kin,Cytidylate_kin2,DUF5906,DUF815,ENTREP_C,FeoB_N,IstB_IS21,KTI12,Mg_chelatase,NACHT,NB-ARC,NPHP3_N,nSTAND3,nSTAND_NTPase5,NTPase_1,Parvo_NS1,PduV-EutP,PhoH,Rad17,ResIII,RNA_helicase,RsgA_GTPase,RuvB_N,Sigma54_activat,Sigma54_activ_2,SKI,SLFN-g3_helicase,SRPRB,TIP49,TsaE,Viral_helicase1,Vps4_C,Zeta_toxin	Pfam		AAA,AAA_11,AAA_14,AAA_16,AAA_17,AAA_18,AAA_19,AAA_2,AAA_22,AAA_24,AAA_25,AAA_28,AAA_3,AAA_33,AAA_5,AAA_7,AAA_lid_3,AAA_RNF213_4,ABC_tran,AFG1_ATPase,ATP-synt_ab,ATPase,ATPase_2,Bac_DnaA,CPT,Cytidylate_kin,Cytidylate_kin2,DUF5906,DUF815,ENTREP_C,FeoB_N,IstB_IS21,KTI12,Mg_chelatase,NACHT,NB-ARC,NPHP3_N,nSTAND3,nSTAND_NTPase5,NTPase_1,Parvo_NS1,PduV-EutP,PhoH,Rad17,ResIII,RNA_helicase,RsgA_GTPase,RuvB_N,Sigma54_activat,Sigma54_activ_2,SKI,SLFN-g3_helicase,SRPRB,TIP49,TsaE,Viral_helicase1,Vps4_C,Zeta_toxin	PF00004.36,PF13086.13,PF13173.13,PF13191.13,PF13207.13,PF13238.13,PF13245.13,PF07724.21,PF13401.13,PF13479.13,PF13481.13,PF13521.13,PF07726.18,PF13671.13,PF07728.21,PF12775.14,PF17862.8,PF30683.1,PF00005.34,PF03969.23,PF00006.32,PF06745.20,PF01637.25,PF00308.25,PF07931.19,PF02224.25,PF13189.13,PF19263.6,PF05673.20,PF27697.1,PF02421.25,PF01695.24,PF08433.17,PF01078.28,PF05729.19,PF00931.29,PF24883.3,PF20720.4,PF25199.2,PF03266.22,PF01057.24,PF10662.16,PF02562.23,PF03215.22,PF04851.22,PF00910.29,PF03193.23,PF05496.19,PF00158.33,PF14532.13,PF01202.29,PF09848.16,PF09439.17,PF06068.20,PF02367.24,PF01443.25,PF09336.17,PF06414.19	1.6e-95,0.00012,4.8e-11,1.5e-13,8.8e-08,7.8e-09,7.4e-05,5.6e-09,4.2e-12,0.00035,1.6e-06,1.9e-07,2.9e-07,3.9e-11,7.5e-11,1.1e-06,4.2e-25,0.00025,2.5e-08,4.9e-05,0.00083,9.6e-06,1.9e-06,0.0048,0.0012,0.0036,0.00017,0.0032,8.4e-05,0.014,0.015,4.6e-06,0.0079,8.4e-08,2.3e-06,2.5e-06,9.3e-09,3.6e-08,3.4e-05,0.0027,4.6e-06,0.0038,0.00035,8e-06,0.00091,4.4e-09,0.014,1.7e-14,1.3e-05,0.00026,0.00026,0.0063,0.012,6e-10,1.7e-05,0.0002,1.6e-05,5.3e-05
AC1KRY_001333	AOBS17_30	1	1	1	0	0	0	1	0	0							
AC1KRY_001334	AOBS17_30	1	1	0	0	0	0	0	0	0		Ank,Ank_2,Ank_3,Ank_4,Ank_5,Ank_KRIT1,ANK_LRRK2,C2_GDE1,GDPD,SPX	Pfam		Ank,Ank_2,Ank_3,Ank_4,Ank_5,Ank_KRIT1,ANK_LRRK2,C2_GDE1,GDPD,SPX	PF00023.37,PF12796.14,PF13606.13,PF13637.13,PF13857.13,PF24521.3,PF23745.2,PF25329.2,PF03009.24,PF03105.25	4.6e-34,5.1e-41,1.5e-26,7.1e-31,6.7e-18,1.9e-09,0.00037,4.9e-18,9.3e-10,7.4e-12
AC1KRY_001336	AOBS17_30	1	1	0	0	0	0	0	0	0		DUF3482,EII-Sor,EphA2_TM,Psg1,RIFIN,SKG6	Pfam		DUF3482,EII-Sor,EphA2_TM,Psg1,RIFIN,SKG6	PF11981.14,PF03609.20,PF14575.12,PF14610.13,PF02009.22,PF08693.16	0.014,3.3e-05,0.014,0.00012,0.024,0.00024
AC1KRY_001354	AOBS17_30	1	1	0	0	0	0	0	0	0		NIF,Rrn6_beta-prop,Rrn6_HB,Rrn6_K-rich	Pfam		NIF,Rrn6_beta-prop,Rrn6_HB,Rrn6_K-rich	PF03031.25,PF10214.16,PF20640.4,PF20639.3	1.1e-44,4.4e-29,0.00034,7.8e-09
AC1KRY_001362	AOBS17_30	1	1	1	1	1	0	0	0	1							
AC1KRY_001365	AOBS17_30	1	1	0	0	0	0	0	0	0		AAA,AAA_16,AAA_18,AAA_33,CbiA,CPT,DEAD,LpxI_N,nSTAND3,TIP49	Pfam		AAA,AAA_16,AAA_18,AAA_33,CbiA,CPT,DEAD,LpxI_N,nSTAND3,TIP49	PF00004.36,PF13191.13,PF13238.13,PF13671.13,PF01656.30,PF07931.19,PF00270.36,PF17930.8,PF20720.4,PF06068.20	0.0038,0.0029,1.6e-07,0.0037,0.0004,0.0004,0.0044,0.0082,0.016,0.017
AC1KRY_001366	AOBS17_30	1	1	0	0	0	0	0	0	0							
AC1KRY_001373	AOBS17_30	1	1	1	1	1	0	0	0	1							
AC1KRY_001374	AOBS17_30	1	1	0	0	0	0	0	0	0		ANAPC4_WD40,ASA1,Beta-prop_ACSF4,Beta-prop_Aladin,Beta-prop_CAF1B_HIR1,Beta-prop_DCAF4,Beta-prop_EIPR1,Beta-prop_EML,Beta-prop_EML_2,Beta-prop_IFT122_1st,Beta-prop_IFT140_1st,Beta-prop_NOL10_N,Beta-prop_NWD2_C,Beta-prop_RIG_2nd,Beta-prop_SCAP,Beta-prop_SPT8,Beta-prop_TEP1_2nd,Beta-prop_TEP1_C,Beta-prop_THOC3,Beta-prop_Vps41,Beta-prop_VPS8,Beta-prop_WDR36-Utp21_1st,Beta-prop_WDR36-Utp21_2nd,Beta-prop_WDR3_1st,Beta-prop_WDR3_2nd,Beta-prop_WDR41,Beta-prop_WDR5,Beta-prop_WDR75_1st,Beta-prop_WDR90_POC16_2nd,CFAP251_N,Cytochrom_D1,DSE1_N,EIF3I,KNTC1_N,NBCH_WD40,PAC11,UTP15_C,WD40,WD40_CDC20-Fz,WD40_Gbeta,WD40_MABP1-WDR62_1st,WD40_MABP1-WDR62_2nd,WD40_Prp19,WD40_RFWD3,WD40_WDHD1_1st,WDR54,WDR55,WDR90_beta-prop_4th	Pfam		ANAPC4_WD40,ASA1,Beta-prop_ACSF4,Beta-prop_Aladin,Beta-prop_CAF1B_HIR1,Beta-prop_DCAF4,Beta-prop_EIPR1,Beta-prop_EML,Beta-prop_EML_2,Beta-prop_IFT122_1st,Beta-prop_IFT140_1st,Beta-prop_NOL10_N,Beta-prop_NWD2_C,Beta-prop_RIG_2nd,Beta-prop_SCAP,Beta-prop_SPT8,Beta-prop_TEP1_2nd,Beta-prop_TEP1_C,Beta-prop_THOC3,Beta-prop_Vps41,Beta-prop_VPS8,Beta-prop_WDR36-Utp21_1st,Beta-prop_WDR36-Utp21_2nd,Beta-prop_WDR3_1st,Beta-prop_WDR3_2nd,Beta-prop_WDR41,Beta-prop_WDR5,Beta-prop_WDR75_1st,Beta-prop_WDR90_POC16_2nd,CFAP251_N,Cytochrom_D1,DSE1_N,EIF3I,KNTC1_N,NBCH_WD40,PAC11,UTP15_C,WD40,WD40_CDC20-Fz,WD40_Gbeta,WD40_MABP1-WDR62_1st,WD40_MABP1-WDR62_2nd,WD40_Prp19,WD40_RFWD3,WD40_WDHD1_1st,WDR54,WDR55,WDR90_beta-prop_4th	PF12894.14,PF29630.1,PF13570.14,PF25460.2,PF24105.2,PF23761.2,PF23609.2,PF23409.2,PF23414.2,PF23381.2,PF23383.2,PF23098.2,PF23586.3,PF23775.2,PF24017.3,PF23798.2,PF25047.1,PF25048.2,PF25174.2,PF23411.2,PF23410.5,PF25171.2,PF25168.2,PF25173.2,PF25172.2,PF25178.1,PF25175.2,PF23869.2,PF23393.3,PF30552.1,PF02239.23,PF29037.1,PF24805.2,PF24506.2,PF20426.5,PF30151.1,PF09384.16,PF00400.39,PF24807.2,PF25391.2,PF24780.2,PF24782.3,PF24814.2,PF23419.3,PF24817.2,PF21031.3,PF24796.2,PF23342.2	2.8e-08,2e-08,1.5e-07,5.9e-06,6.5e-07,3.4e-06,7.5e-08,4.9e-14,3.2e-17,7.1e-31,2e-06,1.2e-07,0.002,2.4e-05,2.6e-07,1.1e-05,1.3e-12,1.5e-11,3.7e-28,0.0023,0.00049,4.4e-09,9.7e-16,5.8e-28,1.8e-22,1.1e-05,1.4e-37,2e-10,1.2e-09,0.00017,0.00073,1.1e-10,1.2e-13,0.014,7.3e-06,6.5e-06,1.1e-35,1.9e-26,6.1e-22,1.1e-12,2.2e-07,3.3e-07,6.3e-24,0.0016,3.9e-22,0.00014,3e-18,9.5e-10
AC1KRY_001376	AOBS17_30	1	1	1	1	1	0	0	0	1							
AC1KRY_001383	AOBS17_30	1	1	1	1	0	0	0	0	1							
AC1KRY_001385	AOBS17_30	1	1	1	1	1	0	0	0	0							
AC1KRY_001391	AOBS17_30	1	1	0	0	0	0	0	0	0		Aldo_ket_red,MEDS	Pfam		Aldo_ket_red,MEDS	PF00248.28,PF14417.13	3.6e-46,0.0095
AC1KRY_001392	AOBS17_30	1	1	0	0	0	0	0	0	0		Glyco_hydro_2,Glyco_hydro_2_C,Glyco_hydro_2_N,Glyco_hydro_2_N2,Ig_mannosidase,Mannosidase_ig	Pfam		Glyco_hydro_2,Glyco_hydro_2_C,Glyco_hydro_2_N,Glyco_hydro_2_N2,Ig_mannosidase,Mannosidase_ig	PF00703.28,PF02836.24,PF02837.25,PF22666.3,PF17753.8,PF17786.8	4.2e-12,0.0049,0.00033,3.2e-48,3.7e-05,1.8e-14
AC1KRY_001395	AOBS17_30	1	1	1	1	1	0	0	0	0							
AC1KRY_001396	AOBS17_30	1	1	0	0	0	0	0	0	0		ACBP4_C,Asd-4,ATG14,Cir_N,DeaD_dimer,DUF3679,Fib_alpha,FTR1_4HB,Fungal_TACC,spore_CmpA	Pfam		ACBP4_C,Asd-4,ATG14,Cir_N,DeaD_dimer,DUF3679,Fib_alpha,FTR1_4HB,Fungal_TACC,spore_CmpA	PF24922.1,PF25026.2,PF10186.15,PF10197.15,PF25399.2,PF12438.14,PF08702.16,PF30769.1,PF12709.13,PF26301.1	0.063,4.7,0.36,0.00061,0.0068,0.0096,0.0029,0.056,8.2e-08,0.0028
AC1KRY_001397	AOBS17_30	1	1	0	0	0	0	1	0	0							
AC1KRY_001400	AOBS17_30	1	1	0	0	0	0	1	0	0							
AC1KRY_001401	AOBS17_30	1	1	0	0	0	0	0	0	0		DUF3040,FixP_N,MFS_1,Sugar_tr,TRI12	Pfam		DUF3040,FixP_N,MFS_1,Sugar_tr,TRI12	PF11239.14,PF14715.12,PF07690.22,PF00083.31,PF06609.19	0.92,1.1,7.5e-37,9.7e-11,2e-07
AC1KRY_004918	AOBS17_30	1	1	0	0	0	0	0	0	0		NPF	Pfam		NPF	PF16601.11	0.011
AC1KRY_004919	AOBS17_30	1	1	1	1	1	0	0	0	1							
AC1KRY_004922	AOBS17_30	1	1	1	1	1	0	0	0	1							
AC1KRY_004925	AOBS17_30	1	1	0	0	0	0	0	0	0		Myb_DNA-binding,Myb_DNA-bind_6,Reb1_MybAD,tRNA-synt_2,tRNA_anti-codon	Pfam		Myb_DNA-binding,Myb_DNA-bind_6,Reb1_MybAD,tRNA-synt_2,tRNA_anti-codon	PF00249.38,PF13921.13,PF21559.4,PF00152.26,PF01336.32	2.3e-23,4.3e-16,2.9e-06,3.5e-70,3.4e-11
AC1KRY_004935	AOBS17_30	1	1	0	0	0	0	0	0	0		API5	Pfam		API5	PF05918.18	0.041
AC1KRY_004939	AOBS17_30	1	1	0	0	0	0	0	0	0		DUF5551	Pfam		DUF5551	PF17705.6	0.011
AC1KRY_004943	AOBS17_30	1	1	0	0	0	0	0	0	0		CN_hydrolase	Pfam		CN_hydrolase	PF00795.28	7.3e-33
AC1KRY_004950	AOBS17_30	1	1	1	0	0	0	0	0	0							
AC1KRY_004959	AOBS17_30	1	1	0	0	0	0	0	0	0							
AC1KRY_004962	AOBS17_30	1	1	1	0	1	0	1	0	1							
AC1KRY_004964	AOBS17_30	1	1	0	0	0	0	0	0	0		A2M,IgD3_Trs65,TRAPPC13_C	Pfam		A2M,IgD3_Trs65,TRAPPC13_C	PF00207.29,PF12735.14,PF23643.2	0.0014,3.8e-12,0.0018
AC1KRY_004969	AOBS17_30	1	1	0	0	0	0	0	0	0		DUF8400,Nup35_RRM_2,RBD_DEAH11,RBD_RDR6,RRM_1,RRM_10,RRM_11,RRM_7,RRM_ACIN1,RRM_MUD2_C,RRM_Nup35,RRM_RdRP1_2,SET_assoc	Pfam		DUF8400,Nup35_RRM_2,RBD_DEAH11,RBD_RDR6,RRM_1,RRM_10,RRM_11,RRM_7,RRM_ACIN1,RRM_MUD2_C,RRM_Nup35,RRM_RdRP1_2,SET_assoc	PF28442.1,PF14605.13,PF24475.2,PF24572.2,PF00076.29,PF22976.3,PF28441.1,PF16367.12,PF28976.1,PF29326.1,PF05172.20,PF26250.1,PF11767.15	0.016,0.00019,5.3e-05,0.0084,4.3e-40,0.00019,4.7e-06,3.2e-08,0.011,0.00015,3.1e-05,2.4e-06,0.015
AC1KRY_004974	AOBS17_30	1	1	0	0	0	0	0	0	0		DUF8221,Ly49	Pfam		DUF8221,Ly49	PF26666.1,PF08391.17	3.7e-06,1.6
AC1KRY_004977	AOBS17_30	1	1	1	0	1	0	0	0	0							
AC1KRY_004978	AOBS17_30	1	1	0	0	0	0	0	0	0		Cir_N,DUF3417	Pfam		Cir_N,DUF3417	PF10197.15,PF11897.14	0.0094,0.0034
AC1KRY_004989	AOBS17_30	1	1	0	0	0	0	0	0	0		GTP_EFTU,GTP_EFTU_D2,MMR_HSR1,RsgA_GTPase	Pfam		GTP_EFTU,GTP_EFTU_D2,MMR_HSR1,RsgA_GTPase	PF00009.34,PF03144.32,PF01926.30,PF03193.23	8e-10,0.0016,0.0033,0.0022
AC1KRY_004990	AOBS17_30	1	1	0	0	0	0	0	0	0		Fungal_trans,Fungal_trans_2	Pfam		Fungal_trans,Fungal_trans_2	PF04082.24,PF11951.14	1.8e-17,0.0013
AC1KRY_004994	AOBS17_30	1	1	0	0	0	0	0	0	0		Actin,MreB_Mbl,PilM_2	Pfam		Actin,MreB_Mbl,PilM_2	PF00022.27,PF06723.20,PF11104.15	6.1e-140,3.1e-07,0.017
AC1KRY_004996	AOBS17_30	1	1	0	0	0	0	0	0	0							
AC1KRY_004999	AOBS17_30	1	1	0	0	0	0	0	0	0		adh_short,adh_short_C2,KR,SDR	Pfam		adh_short,adh_short_C2,KR,SDR	PF00106.32,PF13561.13,PF08659.17,PF23441.1	8.6e-48,1.4e-56,1.1e-10,1.1e-05
AC1KRY_005000	AOBS17_30	1	1	0	0	0	0	0	0	0		2OG-FeII_Oxy_5,PhyH	Pfam		2OG-FeII_Oxy_5,PhyH	PF13759.13,PF05721.20	0.012,5.7e-51
AC1KRY_005001	AOBS17_30	1	1	0	0	0	0	0	0	0		Alpha-mann_mid,Ams1-like_1st,Glyco_hydro_38C,Glyco_hydro_38N	Pfam		Alpha-mann_mid,Ams1-like_1st,Glyco_hydro_38C,Glyco_hydro_38N	PF09261.17,PF22907.3,PF07748.20,PF01074.29	5.4e-30,3e-10,1.9e-18,2e-79
AC1KRY_005005	AOBS17_30	1	1	0	0	0	0	0	0	0		BSP,ERAP1_C,Peptidase_M1,Peptidase_M1_N	Pfam		BSP,ERAP1_C,Peptidase_M1,Peptidase_M1_N	PF04450.19,PF11838.15,PF01433.27,PF17900.7	0.011,1.5e-19,4e-83,2.5e-48
AC1KRY_005006	AOBS17_30	1	1	0	0	0	0	0	0	0		ERAP1_C,HEAT_2	Pfam		ERAP1_C,HEAT_2	PF11838.15,PF13646.13	7.2e-59,0.013
AC1KRY_005007	AOBS17_30	1	1	0	0	0	0	0	0	1							
AC1KRY_005008	AOBS17_30	1	1	0	0	0	0	0	0	0							
AC1KRY_005009	AOBS17_30	1	1	0	0	0	0	0	0	0		ERAP1_C,PBECR5,Peptidase_C39,Peptidase_M1,SprT-like	Pfam		ERAP1_C,PBECR5,Peptidase_C39,Peptidase_M1,SprT-like	PF11838.15,PF18814.7,PF03412.22,PF01433.27,PF10263.16	5e-74,0.00071,0.0088,2.3e-53,0.0097
AC1KRY_005015	AOBS17_30	1	1	0	0	0	0	0	0	0							
AC1KRY_001405	AOBS17_30	1	1	0	0	0	0	0	0	0		5_3_exonuc_N,NDNF_N	Pfam		5_3_exonuc_N,NDNF_N	PF02739.23,PF24354.2	0.00035,0.0058
AC1KRY_001407	AOBS17_30	1	1	1	0	0	0	0	0	0							
AC1KRY_001408	AOBS17_30	1	1	0	0	0	0	0	0	0		TPP_enzyme_C,TPP_enzyme_M,TPP_enzyme_N	Pfam		TPP_enzyme_C,TPP_enzyme_M,TPP_enzyme_N	PF02775.27,PF00205.29,PF02776.24	5.2e-15,2.5e-17,1.1e-27
AC1KRY_001411	AOBS17_30	1	1	1	1	1	0	1	0	1							
AC1KRY_001414	AOBS17_30	1	1	0	0	0	0	0	0	0		Cytadhesin_P30,DUF7302,Hid1,Trypan_PARP	Pfam		Cytadhesin_P30,DUF7302,Hid1,Trypan_PARP	PF07271.17,PF23976.2,PF12722.13,PF05887.17	4.6,0.005,5.4,7.1
AC1KRY_001415	AOBS17_30	1	1	0	0	0	0	0	0	0		Abhydrolase_1,Abhydrolase_5,Abhydrolase_6,Hydrolase_4,Thioesterase	Pfam		Abhydrolase_1,Abhydrolase_5,Abhydrolase_6,Hydrolase_4,Thioesterase	PF00561.27,PF12695.14,PF12697.14,PF12146.16,PF00975.27	5.4e-13,0.011,2.2e-13,2.8e-06,0.00044
AC1KRY_001421	AOBS17_30	1	1	0	0	0	0	0	0	0		MacP_activator	Pfam		MacP_activator	PF26336.1	0.1
AC1KRY_001422	AOBS17_30	1	1	0	0	0	0	0	0	0		AMPK1_CBM,X25_BaPul_like	Pfam		AMPK1_CBM,X25_BaPul_like	PF16561.12,PF22058.3	6.3e-19,0.0042
AC1KRY_001423	AOBS17_30	1	1	1	1	1	0	0	0	1							
AC1KRY_001448	AOBS17_30	1	1	0	1	1	0	0	0	1							
AC1KRY_001459	AOBS17_30	1	1	0	0	0	0	0	0	0		HrpB4,PH,PH_9,Sec7	Pfam		HrpB4,PH,PH_9,Sec7	PF09502.16,PF00169.36,PF15410.13,PF01369.26	0.0039,5.2e-07,0.00022,3.3e-32
AC1KRY_001463	AOBS17_30	1	1	0	0	0	0	0	0	0		CBS,Voltage_CLC	Pfam		CBS,Voltage_CLC	PF00571.34,PF00654.26	9e-07,2.7e-76
AC1KRY_001464	AOBS17_30	1	1	0	0	0	0	0	0	0		ABC_ATPase,ABC_membrane,ABC_tran,CRIM,DUF3149,PA28_N,SIN1_PH,SMC_N,TIP41,TUG-UBL1,UBL_AVO1	Pfam		ABC_ATPase,ABC_membrane,ABC_tran,CRIM,DUF3149,PA28_N,SIN1_PH,SMC_N,TIP41,TUG-UBL1,UBL_AVO1	PF09818.16,PF00664.29,PF00005.34,PF16978.12,PF11346.14,PF02251.24,PF16979.12,PF02463.26,PF04176.19,PF11470.15,PF23164.2	0.005,3.4e-41,4.9e-29,3.6e-40,0.0054,0.017,1.3e-13,1.1e-06,6.7e-66,0.0013,6.7e-07
AC1KRY_001472	AOBS17_30	1	1	0	0	0	0	0	0	0		DEAD,Helicase_C,ResIII	Pfam		DEAD,Helicase_C,ResIII	PF00270.36,PF00271.38,PF04851.22	2e-38,4.6e-17,0.00076
AC1KRY_001476	AOBS17_30	1	1	0	0	0	0	0	0	0		ABC_tran_C_actino,Cpn60_TCP1	Pfam		ABC_tran_C_actino,Cpn60_TCP1	PF31170.1,PF00118.30	0.014,6.1e-155
AC1KRY_001478	AOBS17_30	1	1	0	0	0	0	0	0	0		ANAPC4_WD40,ASA1,BBS2_Mid,Beta-prop_ACSF4,Beta-prop_Aladin,Beta-prop_CAF1B_HIR1,Beta-prop_DCAF12,Beta-prop_DCAF4,Beta-prop_EIPR1,Beta-prop_EML,Beta-prop_EML_2,Beta-prop_HPS5,Beta-prop_IFT122_1st,Beta-prop_IFT140_1st,Beta-prop_LRRK2,Beta-prop_NOL10_N,Beta-prop_Nup120_160,Beta-prop_NWD2_C,Beta-prop_pof12,Beta-prop_RIG_1st,Beta-prop_RIG_2nd,Beta-prop_SCAP,Beta-prop_SPT8,Beta-prop_TEP1_2nd,Beta-prop_TEP1_C,Beta-prop_THOC3,Beta-prop_Vps41,Beta-prop_VPS8,Beta-prop_WDR19_1st,Beta-prop_WDR36-Utp21_1st,Beta-prop_WDR36-Utp21_2nd,Beta-prop_WDR3_1st,Beta-prop_WDR3_2nd,Beta-prop_WDR41,Beta-prop_WDR5,Beta-prop_WDR75_1st,Beta-prop_WDR90_POC16_2nd,CFAP251_N,DSE1_N,EIF3I,F-box,F-box-like,F-box_COS111,Hira,NBCH_WD40,PAC11,TRM82_WD,WD40,WD40_CDC20-Fz,WD40_CFAP43,WD40_Gbeta,WD40_like,WD40_MABP1-WDR62_2nd,WD40_Prp19,WD40_WDHD1_1st,WDR55,WDR90_beta-prop_4th	Pfam		ANAPC4_WD40,ASA1,BBS2_Mid,Beta-prop_ACSF4,Beta-prop_Aladin,Beta-prop_CAF1B_HIR1,Beta-prop_DCAF12,Beta-prop_DCAF4,Beta-prop_EIPR1,Beta-prop_EML,Beta-prop_EML_2,Beta-prop_HPS5,Beta-prop_IFT122_1st,Beta-prop_IFT140_1st,Beta-prop_LRRK2,Beta-prop_NOL10_N,Beta-prop_Nup120_160,Beta-prop_NWD2_C,Beta-prop_pof12,Beta-prop_RIG_1st,Beta-prop_RIG_2nd,Beta-prop_SCAP,Beta-prop_SPT8,Beta-prop_TEP1_2nd,Beta-prop_TEP1_C,Beta-prop_THOC3,Beta-prop_Vps41,Beta-prop_VPS8,Beta-prop_WDR19_1st,Beta-prop_WDR36-Utp21_1st,Beta-prop_WDR36-Utp21_2nd,Beta-prop_WDR3_1st,Beta-prop_WDR3_2nd,Beta-prop_WDR41,Beta-prop_WDR5,Beta-prop_WDR75_1st,Beta-prop_WDR90_POC16_2nd,CFAP251_N,DSE1_N,EIF3I,F-box,F-box-like,F-box_COS111,Hira,NBCH_WD40,PAC11,TRM82_WD,WD40,WD40_CDC20-Fz,WD40_CFAP43,WD40_Gbeta,WD40_like,WD40_MABP1-WDR62_2nd,WD40_Prp19,WD40_WDHD1_1st,WDR55,WDR90_beta-prop_4th	PF12894.14,PF29630.1,PF14783.13,PF13570.14,PF25460.2,PF24105.2,PF23760.2,PF23761.2,PF23609.2,PF23409.2,PF23414.2,PF23756.2,PF23381.2,PF23383.2,PF23748.2,PF23098.2,PF11715.17,PF23586.3,PF25499.3,PF23770.2,PF23775.2,PF24017.3,PF23798.2,PF25047.1,PF25048.2,PF25174.2,PF23411.2,PF23410.5,PF23389.2,PF25171.2,PF25168.2,PF25173.2,PF25172.2,PF25178.1,PF25175.2,PF23869.2,PF23393.3,PF30552.1,PF29037.1,PF24805.2,PF00646.39,PF12937.13,PF29466.1,PF07569.17,PF20426.5,PF30151.1,PF30361.1,PF00400.39,PF24807.2,PF23184.2,PF25391.2,PF17005.12,PF24782.3,PF24814.2,PF24817.2,PF24796.2,PF23342.2	2.1e-12,1.5e-11,2e-05,2.7e-07,1.4e-10,6.3e-18,5.4e-06,2e-10,3.8e-07,2.6e-16,1.1e-17,0.00016,9.1e-47,2e-05,9.8e-06,5.1e-08,8e-08,0.0057,6.3e-05,0.014,2.3e-10,2.2e-20,1.4e-12,5.5e-27,1.1e-21,6.5e-43,0.00023,3.2e-07,0.00099,1.6e-17,2.5e-21,3.4e-76,9.6e-34,4.6e-14,2.1e-82,1.8e-16,1.7e-10,2.3e-07,3e-24,2.1e-27,3.9e-06,7.1e-13,0.0047,0.0012,6.6e-15,3.2e-06,1.3e-10,1.9e-44,1.9e-31,0.0045,3.3e-27,2.7e-07,1.5e-17,4.2e-42,4.6e-36,1.4e-20,2.5e-11
AC1KRY_001481	AOBS17_30	1	1	0	0	0	0	0	0	0		Saf4_Yju2,U3_snoRNA_assoc	Pfam		Saf4_Yju2,U3_snoRNA_assoc	PF04502.19,PF08297.17	1.3,9.3e-09
AC1KRY_001492	AOBS17_30	1	1	1	1	1	0	1	0	1							
AC1KRY_001493	AOBS17_30	1	1	0	0	0	0	0	0	0		Flagellar_rod,RRM_1	Pfam		Flagellar_rod,RRM_1	PF05149.18,PF00076.29	0.036,0.00012
AC1KRY_005018	AOBS17_30	1	1	0	0	0	0	0	0	1							
AC1KRY_005020	AOBS17_30	1	1	0	0	1	0	0	0	1							
AC1KRY_005022	AOBS17_30	1	1	0	0	0	0	0	0	0							
AC1KRY_005025	AOBS17_30	1	1	0	0	0	0	0	0	0		PGC7_Stella	Pfam		PGC7_Stella	PF15549.12	0.92
AC1KRY_005030	AOBS17_30	1	1	1	0	0	0	0	0	1							
AC1KRY_005034	AOBS17_30	1	1	0	0	0	0	0	0	0							
AC1KRY_005039	AOBS17_30	1	1	0	0	0	0	0	0	0		Beta-prop_EML,Beta-prop_NWD2_C,Beta-prop_WDR19_1st,Beta-prop_WDR3_1st,Beta-prop_WDR75_2nd,DSE1_N,EIF3I,Rav1p_C,WD40,WD40_WDHD1_1st,WDR55	Pfam		Beta-prop_EML,Beta-prop_NWD2_C,Beta-prop_WDR19_1st,Beta-prop_WDR3_1st,Beta-prop_WDR75_2nd,DSE1_N,EIF3I,Rav1p_C,WD40,WD40_WDHD1_1st,WDR55	PF23409.2,PF23586.3,PF23389.2,PF25173.2,PF23769.2,PF29037.1,PF24805.2,PF12234.14,PF00400.39,PF24817.2,PF24796.2	0.00013,0.0037,0.0011,1.3e-05,6.7e-05,0.0047,0.016,1.5e-35,0.0013,0.018,0.036
AC1KRY_005040	AOBS17_30	1	1	1	0	1	0	0	0	1							
AC1KRY_005043	AOBS17_30	1	1	0	0	0	0	0	0	0		Bul1_C,DUF4112,SOG2	Pfam		Bul1_C,DUF4112,SOG2	PF04426.18,PF13430.12,PF10428.15	0.0013,0.0037,0.073
AC1KRY_005044	AOBS17_30	1	1	0	1	1	0	0	0	1							
AC1KRY_005045	AOBS17_30	1	1	0	0	0	0	0	0	0		2OG-FeII_Oxy	Pfam		2OG-FeII_Oxy	PF03171.27	2.5e-10
AC1KRY_005046	AOBS17_30	1	1	1	0	0	0	0	0	0							
AC1KRY_005051	AOBS17_30	1	1	0	1	0	0	1	0	0							
AC1KRY_005052	AOBS17_30	1	1	0	0	0	0	0	0	0							
AC1KRY_005055	AOBS17_30	1	1	0	0	0	0	0	0	0		DAHP_synth_1	Pfam		DAHP_synth_1	PF00793.27	1.3e-96
AC1KRY_005056	AOBS17_30	1	1	0	0	1	0	1	0	1							
AC1KRY_005063	AOBS17_30	1	1	0	0	0	0	0	0	0		Oxidored_FMN,SurE,TPP_enzyme_C,TPP_enzyme_M	Pfam		Oxidored_FMN,SurE,TPP_enzyme_C,TPP_enzyme_M	PF00724.27,PF01975.24,PF02775.27,PF00205.29	7.1e-65,4.4e-30,3.3e-17,2.4e-20
AC1KRY_001499	AOBS17_30	1	1	0	0	0	0	0	0	0		Fungal_trans_2	Pfam		Fungal_trans_2	PF11951.14	3.7e-13
AC1KRY_001500	AOBS17_30	1	1	0	0	0	0	0	0	0		Phosphodiest,SGSH_C,Sulfatase,Sulfatase_C	Pfam		Phosphodiest,SGSH_C,Sulfatase,Sulfatase_C	PF01663.28,PF16347.11,PF00884.29,PF14707.12	2.5e-07,8e-08,1.4e-56,0.00039
AC1KRY_001501	AOBS17_30	1	1	0	0	0	0	0	0	1							
AC1KRY_001502	AOBS17_30	1	1	0	0	0	0	0	0	0		MR_MLE_C,MR_MLE_N	Pfam		MR_MLE_C,MR_MLE_N	PF13378.13,PF02746.22	3.1e-63,6.6e-22
AC1KRY_001504	AOBS17_30	1	1	0	0	0	0	0	0	0		DUF5684,MFS_1,Sugar_tr	Pfam		DUF5684,MFS_1,Sugar_tr	PF18936.6,PF07690.22,PF00083.31	1.7,4.3e-09,7.1e-56
AC1KRY_001508	AOBS17_30	1	1	0	0	0	0	0	0	0		DUF6632,Fungal_trans,PRP21_like_P	Pfam		DUF6632,Fungal_trans,PRP21_like_P	PF20337.3,PF04082.24,PF12230.14	0.0082,4.7e-10,0.005
AC1KRY_001509	AOBS17_30	1	1	0	0	0	0	0	0	0		Aldo_ket_red	Pfam		Aldo_ket_red	PF00248.28	2.9e-49
AC1KRY_001510	AOBS17_30	1	1	0	0	1	0	0	0	0							
AC1KRY_001514	AOBS17_30	1	1	0	0	0	0	0	0	0		AAA_34,DEAD,DEAD_2,FYVE,Helicase_C,ResIII,SNF2-rel_dom,WW	Pfam		AAA_34,DEAD,DEAD_2,FYVE,Helicase_C,ResIII,SNF2-rel_dom,WW	PF13872.13,PF00270.36,PF06733.22,PF01363.28,PF00271.38,PF04851.22,PF00176.30,PF00397.33	0.00016,8e-09,0.00039,0.0084,8.6e-23,1.2e-07,3.3e-70,6.2e-06
AC1KRY_001516	AOBS17_30	1	1	0	0	0	0	0	0	0		ACBP4_C,CEP131_C,DUF3537,Fez1,FKBP15,Phage_T4_Y05D,Rab11-FIP3,Rod_CreS	Pfam		ACBP4_C,CEP131_C,DUF3537,Fez1,FKBP15,Phage_T4_Y05D,Rab11-FIP3,Rod_CreS	PF24922.1,PF27695.1,PF12056.14,PF06818.21,PF23649.2,PF26901.1,PF25450.2,PF19220.7	1.1,5.4,0.017,8.1,1.2,2,4.2,2.6
AC1KRY_001520	AOBS17_30	1	1	1	0	1	0	0	0	1							
AC1KRY_001523	AOBS17_30	1	1	0	0	0	0	1	0	0							
AC1KRY_001524	AOBS17_30	1	1	0	0	0	0	0	0	0							
AC1KRY_001528	AOBS17_30	1	1	0	0	0	0	0	0	0		Adaptin_N,API5,Arm,ARM_TBCD_2nd,Cnd1,Cohesin_HEAT,ECM29_N,GNC1_N,HEAT,HEAT_2,HEAT_ECM29,HEAT_EF3_GNC1,HEAT_EF3_N,HEAT_EZ,HEAT_GCN1,HEAT_GCN1_2,HEAT_GCN1_C,HEAT_GCN1_C_2,HEAT_IPO9_c,HEAT_Maestro,HEAT_MROH2B_C,IBN_N,IFRD,Importin_rep_4,Importin_rep_6,Ltn1_1st,MMS19_C,MMS19_N,ParcG,PDS5,RIX1,RPN2_N,RTP1_C1,TOR1L1_N,TPR_DNAAF5,TPR_IMB1,TPR_IPO5,Tti2,UME,UTP20_C,Vac14_Fab1_bd,Y4lR_2nd	Pfam		Adaptin_N,API5,Arm,ARM_TBCD_2nd,Cnd1,Cohesin_HEAT,ECM29_N,GNC1_N,HEAT,HEAT_2,HEAT_ECM29,HEAT_EF3_GNC1,HEAT_EF3_N,HEAT_EZ,HEAT_GCN1,HEAT_GCN1_2,HEAT_GCN1_C,HEAT_GCN1_C_2,HEAT_IPO9_c,HEAT_Maestro,HEAT_MROH2B_C,IBN_N,IFRD,Importin_rep_4,Importin_rep_6,Ltn1_1st,MMS19_C,MMS19_N,ParcG,PDS5,RIX1,RPN2_N,RTP1_C1,TOR1L1_N,TPR_DNAAF5,TPR_IMB1,TPR_IPO5,Tti2,UME,UTP20_C,Vac14_Fab1_bd,Y4lR_2nd	PF01602.27,PF05918.18,PF00514.30,PF25767.2,PF12717.14,PF12765.14,PF13001.14,PF24993.2,PF02985.29,PF13646.13,PF24492.2,PF24984.2,PF24987.2,PF13513.13,PF23271.2,PF26715.1,PF25786.1,PF25801.2,PF25018.2,PF21047.4,PF23227.2,PF03810.26,PF05004.20,PF18808.8,PF18829.8,PF22958.3,PF12460.15,PF14500.12,PF10274.16,PF20168.5,PF08167.19,PF21505.4,PF10363.16,PF24714.2,PF25757.2,PF25574.2,PF25780.2,PF10521.15,PF08064.19,PF23099.2,PF12755.14,PF27207.1	3e-06,0.17,5.7e-07,0.0065,1.1e-10,0.001,0.00016,0.00072,2.2e-13,1.6e-15,5.8e-08,4.1e-06,2.6e-10,7.6e-25,3.4e-22,0.0048,3.6e-07,0.00013,0.00014,0.00025,9.5e-09,1.4e-09,0.0005,0.0035,0.00037,1.6e-09,0.00011,1.2e-07,4.4e-08,5e-05,8.5e-09,0.0076,5.5e-05,5e-19,9.9e-10,4.6e-20,4e-30,0.0033,5.4e-05,0.014,3.3e-08,0.001
AC1KRY_001543	AOBS17_30	1	1	0	0	0	0	0	0	0		DUF4200,Med14,OAF_N	Pfam		DUF4200,Med14,OAF_N	PF13863.12,PF08638.17,PF14941.12	0.008,0.0074,0.011
AC1KRY_001545	AOBS17_30	1	1	0	0	0	0	0	0	0		DUF4817,Glyco_transf_90	Pfam		DUF4817,Glyco_transf_90	PF16087.12,PF05686.19	0.0094,5.7e-18
AC1KRY_001549	AOBS17_30	1	1	0	0	0	0	0	0	0		Vpu	Pfam		Vpu	PF00558.25	0.0028
AC1KRY_001557	AOBS17_30	1	1	0	0	0	0	0	0	0		ANAPC4_WD40,Beta-prop_ACSF4,Beta-prop_Aladin,Beta-prop_CAF1B_HIR1,Beta-prop_EML,Beta-prop_EML_2,Beta-prop_HPS5,Beta-prop_IFT122_1st,Beta-prop_IFT140_1st,Beta-prop_NOL10_N,Beta-prop_THOC3,Beta-prop_VPS8,Beta-prop_WDR19_1st,Beta-prop_WDR35_TULP_N,Beta-prop_WDR36-Utp21_1st,Beta-prop_WDR36-Utp21_2nd,Beta-prop_WDR3_1st,Beta-prop_WDR3_2nd,Beta-prop_WDR5,Beta-prop_WDR75_1st,Beta-prop_WDR90_POC16_2nd,NBCH_WD40,WD40,WD40_CDC20-Fz,WD40_Gbeta,WD40_MABP1-WDR62_2nd,WD40_Prp19,WD40_WDHD1_1st,WDR55	Pfam		ANAPC4_WD40,Beta-prop_ACSF4,Beta-prop_Aladin,Beta-prop_CAF1B_HIR1,Beta-prop_EML,Beta-prop_EML_2,Beta-prop_HPS5,Beta-prop_IFT122_1st,Beta-prop_IFT140_1st,Beta-prop_NOL10_N,Beta-prop_THOC3,Beta-prop_VPS8,Beta-prop_WDR19_1st,Beta-prop_WDR35_TULP_N,Beta-prop_WDR36-Utp21_1st,Beta-prop_WDR36-Utp21_2nd,Beta-prop_WDR3_1st,Beta-prop_WDR3_2nd,Beta-prop_WDR5,Beta-prop_WDR75_1st,Beta-prop_WDR90_POC16_2nd,NBCH_WD40,WD40,WD40_CDC20-Fz,WD40_Gbeta,WD40_MABP1-WDR62_2nd,WD40_Prp19,WD40_WDHD1_1st,WDR55	PF12894.14,PF13570.14,PF25460.2,PF24105.2,PF23409.2,PF23414.2,PF23756.2,PF23381.2,PF23383.2,PF23098.2,PF25174.2,PF23410.5,PF23389.2,PF24797.2,PF25171.2,PF25168.2,PF25173.2,PF25172.2,PF25175.2,PF23869.2,PF23393.3,PF20426.5,PF00400.39,PF24807.2,PF25391.2,PF24782.3,PF24814.2,PF24817.2,PF24796.2	3e-16,0.0027,6e-06,3.4e-07,2.1e-06,1.2e-25,2e-07,3.9e-21,1.3e-05,1.3e-08,5.8e-29,1.9e-07,2.6e-08,8.6e-06,1.7e-11,7.1e-06,1.4e-16,1.8e-08,1.8e-22,0.00025,2e-06,4.6e-05,1.8e-18,8.2e-16,9.3e-05,1.6e-06,2.2e-19,1.2e-15,8.1e-18
AC1KRY_001564	AOBS17_30	1	1	0	0	0	0	0	0	0							
AC1KRY_001565	AOBS17_30	1	1	1	1	1	0	0	0	1							
AC1KRY_001566	AOBS17_30	1	1	0	0	0	0	0	0	0		Aldedh,LuxC,Reov_VP3_MTase1	Pfam		Aldedh,LuxC,Reov_VP3_MTase1	PF00171.28,PF05893.20,PF20831.3	2.9e-128,1.7e-05,0.011
AC1KRY_001579	AOBS17_30	1	1	1	1	1	0	0	0	1							
AC1KRY_001581	AOBS17_30	1	1	0	0	0	0	0	0	0		DUF8661	Pfam		DUF8661	PF30599.1	0.0053
AC1KRY_005072	AOBS17_30	1	1	0	0	0	0	0	0	0		DUF8613,RNase_PH	Pfam		DUF8613,RNase_PH	PF30219.1,PF01138.28	0.0031,1.8e-19
AC1KRY_005077	AOBS17_30	1	1	0	0	0	0	0	0	0		Metallophos	Pfam		Metallophos	PF00149.34	2e-46
AC1KRY_005079	AOBS17_30	1	1	0	0	0	0	0	0	0		Myb_DNA-binding,Myb_DNA-bind_6,TRF	Pfam		Myb_DNA-binding,Myb_DNA-bind_6,TRF	PF00249.38,PF13921.13,PF08558.17	4.2e-06,0.00042,1.2e-71
AC1KRY_001610	AOBS17_30	1	1	0	0	0	0	0	0	0							
AC1KRY_001614	AOBS17_30	1	1	0	0	0	0	0	0	0		BACK,DUF7924,PDDEXK_12	Pfam		BACK,DUF7924,PDDEXK_12	PF07707.22,PF25545.2,PF20516.5	0.0047,4.4e-05,2.3e-07
AC1KRY_001621	AOBS17_30	1	1	1	1	1	0	0	0	1							
AC1KRY_001627	AOBS17_30	1	1	0	0	0	0	0	0	0		Fucose_pyrophosphorylase,GMPPB_C,Hexapep,Hexapep_GlmU,LbH_EIF2B,NTP_transferase,NTP_transf_3,Pgp3_N,WIV_dom	Pfam		Fucose_pyrophosphorylase,GMPPB_C,Hexapep,Hexapep_GlmU,LbH_EIF2B,NTP_transferase,NTP_transf_3,Pgp3_N,WIV_dom	PF07959.19,PF25087.2,PF00132.31,PF24894.2,PF25084.2,PF00483.30,PF12804.14,PF20858.2,PF22532.3	0.0017,8e-37,2.9e-10,1.3e-05,4.7e-09,2.3e-32,1.3e-06,0.0074,0.011
AC1KRY_001629	AOBS17_30	1	1	0	0	0	0	0	0	0							
AC1KRY_001631	AOBS17_30	1	1	0	0	0	0	0	0	0		Robl_LC7	Pfam		Robl_LC7	PF03259.24	0.0064
AC1KRY_001632	AOBS17_30	1	1	1	0	0	0	0	0	0							
AC1KRY_001635	AOBS17_30	1	1	0	0	0	0	0	0	0		TauD	Pfam		TauD	PF02668.23	2.2e-45
AC1KRY_001641	AOBS17_30	1	1	0	0	0	0	0	0	0		CN_hydrolase,DNApolII_N	Pfam		CN_hydrolase,DNApolII_N	PF00795.28,PF21474.4	4e-32,0.0021
AC1KRY_001646	AOBS17_30	1	1	0	0	0	0	0	0	0		B0252_5_C,p450	Pfam		B0252_5_C,p450	PF29357.1,PF00067.28	0.018,5.6e-75
AC1KRY_001647	AOBS17_30	1	1	0	0	0	0	0	0	0		Fungal_trans_2,PADR1_N,Zn_clus	Pfam		Fungal_trans_2,PADR1_N,Zn_clus	PF11951.14,PF21728.4,PF00172.24	1.5e-24,0.006,9.8e-11
AC1KRY_001648	AOBS17_30	1	1	0	0	0	0	0	0	0		AZUL,HECT,VMAP-M19	Pfam		AZUL,HECT,VMAP-M19	PF16558.11,PF00632.31,PF20022.4	9.7e-15,1.8e-80,0.014
AC1KRY_001649	AOBS17_30	1	1	0	1	0	0	0	0	0							
AC1KRY_001651	AOBS17_30	1	1	0	0	0	0	0	0	0		COX15-CtaA,Transketolase_C,Transket_pyr	Pfam		COX15-CtaA,Transketolase_C,Transket_pyr	PF02628.21,PF02780.26,PF02779.30	3.1e-99,2.3e-29,5.1e-39
AC1KRY_001655	AOBS17_30	1	1	0	0	0	0	1	0	0							
AC1KRY_001659	AOBS17_30	1	1	0	0	0	0	0	0	0		Cyt-b5,FMN_dh,Glu_synthase,IMPDH,NMO,ThiG	Pfam		Cyt-b5,FMN_dh,Glu_synthase,IMPDH,NMO,ThiG	PF00173.34,PF01070.25,PF01645.24,PF00478.32,PF03060.22,PF05690.21	3e-22,3.8e-107,8.4e-06,0.0028,0.0048,2.3e-05
AC1KRY_001660	AOBS17_30	1	1	1	0	0	0	0	0	1							
AC1KRY_001661	AOBS17_30	1	1	1	0	1	0	0	0	1							
AC1KRY_001662	AOBS17_30	1	1	0	0	0	0	0	0	0		Glycohydro_20b2,Glyco_hydro_20,Glyco_hydro_20b	Pfam		Glycohydro_20b2,Glyco_hydro_20,Glyco_hydro_20b	PF14845.12,PF00728.29,PF02838.21	1.9e-18,4.6e-69,4.9e-08
AC1KRY_001663	AOBS17_30	1	1	1	1	1	0	1	0	0							
AC1KRY_001665	AOBS17_30	1	1	1	0	0	0	0	0	1							
AC1KRY_001666	AOBS17_30	1	1	0	0	0	0	0	0	0		Aa_trans,AC_N,Nod_GRP	Pfam		Aa_trans,AC_N,Nod_GRP	PF01490.25,PF16214.10,PF07806.17	9e-31,0.23,0.062
AC1KRY_001669	AOBS17_30	1	1	0	0	0	0	0	0	0		DDE_Tnp_1,DDE_Tnp_4,Plant_tran,zf-C2H2_FBX41	Pfam		DDE_Tnp_1,DDE_Tnp_4,Plant_tran,zf-C2H2_FBX41	PF01609.28,PF13359.13,PF04827.21,PF23165.2	0.0087,2e-09,8.3e-05,0.033
AC1KRY_001675	AOBS17_30	1	1	0	0	0	0	0	0	0		Gal80p_C-like,GFO_IDH_MocA,GFO_IDH_MocA_C,GFO_IDH_MocA_C3,NAD_binding_3,Response_reg	Pfam		Gal80p_C-like,GFO_IDH_MocA,GFO_IDH_MocA_C,GFO_IDH_MocA_C3,NAD_binding_3,Response_reg	PF22685.2,PF01408.29,PF02894.23,PF22725.2,PF03447.23,PF00072.31	0.011,8.2e-16,1.5e-24,1.5e-16,0.0029,0.00067
AC1KRY_001676	AOBS17_30	1	1	0	0	0	0	0	0	0		Fungal_trans,zf-C2H2,zf-C2H2_4,zf-C2H2_8,zf-H2C2_2,zf_C2H2-Disco,zf_C2H2_17_1st,Zf_WRKY19	Pfam		Fungal_trans,zf-C2H2,zf-C2H2_4,zf-C2H2_8,zf-H2C2_2,zf_C2H2-Disco,zf_C2H2_17_1st,Zf_WRKY19	PF04082.24,PF00096.33,PF13894.13,PF15909.11,PF13465.13,PF30355.1,PF26177.1,PF24906.2	1.6e-45,3.1e-09,0.024,0.0017,0.00069,0.06,0.52,0.12
AC1KRY_001677	AOBS17_30	1	1	0	0	0	0	0	0	0		BcGHD,DUF2264_C	Pfam		BcGHD,DUF2264_C	PF10022.16,PF20938.4	3.9e-107,3.5e-43
AC1KRY_001680	AOBS17_30	1	1	0	0	0	0	0	0	0		BAF1_ABF1,Borrelia_P83	Pfam		BAF1_ABF1,Borrelia_P83	PF04684.19,PF05262.16	0.033,9.7
AC1KRY_001681	AOBS17_30	1	1	1	0	0	0	0	0	0							
AC1KRY_001682	AOBS17_30	1	1	0	0	0	0	0	0	0		AAA,AAA_13,AAA_14,AAA_15,AAA_16,AAA_18,AAA_21,AAA_22,AAA_23,AAA_24,AAA_27,AAA_28,AAA_29,AAA_30,ABC_ATPase,ABC_tran,Arf,ATP-synt_ab,Chromo,DUF3572,DUF4259,DUF815,DUF87,Dynamin_N,FtsK_SpoIIIE,G-alpha,HEAT_EF3_GNC1,HEAT_EF3_N,HEAT_EZ,HEAT_GCN1,MeaB,MMR_HSR1,MobB,MukB,NACHT,NB-ARC,NPHP3_N,nSTAND1,nSTAND3,nSTAND6,nSTAND_NTPase5,RNA_helicase,Roc,RsgA_GTPase,SbcC_Walker_B,SMC_N,SP2,TOR1L1_N,TPR_CAND1,TsaE,Viral_helicase1,Zeta_toxin	Pfam		AAA,AAA_13,AAA_14,AAA_15,AAA_16,AAA_18,AAA_21,AAA_22,AAA_23,AAA_24,AAA_27,AAA_28,AAA_29,AAA_30,ABC_ATPase,ABC_tran,Arf,ATP-synt_ab,Chromo,DUF3572,DUF4259,DUF815,DUF87,Dynamin_N,FtsK_SpoIIIE,G-alpha,HEAT_EF3_GNC1,HEAT_EF3_N,HEAT_EZ,HEAT_GCN1,MeaB,MMR_HSR1,MobB,MukB,NACHT,NB-ARC,NPHP3_N,nSTAND1,nSTAND3,nSTAND6,nSTAND_NTPase5,RNA_helicase,Roc,RsgA_GTPase,SbcC_Walker_B,SMC_N,SP2,TOR1L1_N,TPR_CAND1,TsaE,Viral_helicase1,Zeta_toxin	PF00004.36,PF13166.13,PF13173.13,PF13175.13,PF13191.13,PF13238.13,PF13304.13,PF13401.13,PF13476.13,PF13479.13,PF13514.13,PF13521.13,PF13555.13,PF13604.13,PF09818.16,PF00005.34,PF00025.28,PF00006.32,PF00385.31,PF12096.14,PF14078.12,PF05673.20,PF01935.24,PF00350.30,PF01580.25,PF00503.27,PF24984.2,PF24987.2,PF13513.13,PF23271.2,PF03308.23,PF01926.30,PF03205.21,PF04310.19,PF05729.19,PF00931.29,PF24883.3,PF20703.4,PF20720.4,PF25201.1,PF25199.2,PF00910.29,PF08477.20,PF03193.23,PF13558.13,PF02463.26,PF03014.21,PF24714.2,PF25782.3,PF02367.24,PF01443.25,PF06414.19	0.012,0.0026,0.0012,9e-05,3e-06,0.00034,1.1e-13,2e-05,2.3e-10,0.006,5.1e-05,9.2e-06,9.6e-10,0.00037,1.2e-06,4.4e-46,0.00084,0.0016,3.2e-11,0.014,0.013,0.0034,2.4e-08,0.00019,0.0027,0.00014,1.1e-34,3.9e-22,0.012,7.9e-05,0.00049,5.1e-08,0.0047,0.003,3.7e-05,0.0034,0.00061,0.0013,0.00021,0.0035,0.00025,0.003,0.013,1.1e-07,0.0039,2.8e-16,0.0015,4.5e-05,0.00016,0.0014,0.00078,0.007
AC1KRY_001683	AOBS17_30	1	1	0	0	0	0	0	0	0		DUF3435,Phage_integrase,VHS2_MLF3	Pfam		DUF3435,Phage_integrase,VHS2_MLF3	PF11917.14,PF00589.28,PF30736.1	0.00012,7.5e-07,0.012
AC1KRY_001691	AOBS17_30	1	1	0	0	0	0	0	0	0		GDA1_CD39	Pfam		GDA1_CD39	PF01150.24	9.3e-106
AC1KRY_001698	AOBS17_30	1	1	0	0	0	0	0	0	1							
AC1KRY_001699	AOBS17_30	1	1	0	0	0	0	0	0	0		Condensation,PapA_C,Tri3	Pfam		Condensation,PapA_C,Tri3	PF00668.26,PF16911.11,PF07428.16	0.0021,7.7e-07,0.0014
AC1KRY_001700	AOBS17_30	1	1	0	0	0	0	0	0	0		DUF3294,MFS_1,Sugar_tr	Pfam		DUF3294,MFS_1,Sugar_tr	PF07957.17,PF07690.22,PF00083.31	0.018,4.9e-20,4e-83
AC1KRY_001701	AOBS17_30	1	1	0	0	0	0	0	0	0		PIG-L	Pfam		PIG-L	PF02585.23	6e-33
AC1KRY_001704	AOBS17_30	1	1	0	0	0	0	0	0	0		Adaptin_N,Cnd1,Cohesin_HEAT,HEAT,HEAT_2,Herpes_BTRF1,INTS1_R4,INTS7_N	Pfam		Adaptin_N,Cnd1,Cohesin_HEAT,HEAT,HEAT_2,Herpes_BTRF1,INTS1_R4,INTS7_N	PF01602.27,PF12717.14,PF12765.14,PF02985.29,PF13646.13,PF04682.18,PF22928.3,PF24436.3	7e-108,2.8e-13,6.3e-05,1.2e-06,0.0001,0.0086,9.9e-05,0.027
AC1KRY_001729	AOBS17_30	1	1	1	1	1	0	1	0	1							
AC1KRY_001730	AOBS17_30	1	1	0	0	0	0	0	0	0							
AC1KRY_001735	AOBS17_30	1	1	0	0	0	0	0	0	0		ABC1,DUF7664,FTA2,Kinase-like,Pkinase,PK_Tyr_Ser-Thr	Pfam		ABC1,DUF7664,FTA2,Kinase-like,Pkinase,PK_Tyr_Ser-Thr	PF03109.23,PF24701.1,PF13095.13,PF14531.13,PF00069.32,PF07714.24	0.00055,0.0088,0.0012,1.3e-07,1.1e-61,3.6e-34
AC1KRY_001744	AOBS17_30	1	1	1	0	1	0	1	0	1							
AC1KRY_001745	AOBS17_30	1	1	0	0	1	0	0	0	1							
AC1KRY_001746	AOBS17_30	1	1	1	1	1	0	0	0	1							
AC1KRY_001750	AOBS17_30	1	1	0	0	0	0	0	0	0		Ribosomal_S5,Ribosomal_S5_C	Pfam		Ribosomal_S5,Ribosomal_S5_C	PF00333.27,PF03719.22	8.7e-20,4.7e-24
AC1KRY_001753	AOBS17_30	1	1	0	0	0	0	0	0	0		RAD51_interact	Pfam		RAD51_interact	PF15696.11	5.1e-05
AC1KRY_001762	AOBS17_30	1	1	0	0	1	0	0	0	0							
AC1KRY_001765	AOBS17_30	1	1	0	0	0	0	0	0	0		APP1_cat,FoP_duplication,LNS2,RRM_1,RRM_10,SEF14_adhesin	Pfam		APP1_cat,FoP_duplication,LNS2,RRM_1,RRM_10,SEF14_adhesin	PF09949.16,PF13865.12,PF08235.20,PF00076.29,PF22976.3,PF06443.17	1.8e-49,0.00016,0.012,1e-14,0.0033,0.011
AC1KRY_001767	AOBS17_30	1	1	0	0	0	0	0	0	0		WHD_ORC	Pfam		WHD_ORC	PF18137.8	0.0057
AC1KRY_001772	AOBS17_30	1	1	0	0	0	0	0	0	0							
AC1KRY_001777	AOBS17_30	1	1	0	0	0	0	0	0	0		AAA_16,AAA_22,ATPase_2,Beta-barrel_GLAA-B_I,INF24-like,Kinesin,Microtub_bd,Pa193_gp26,Terminase_7,Viral_P18	Pfam		AAA_16,AAA_22,ATPase_2,Beta-barrel_GLAA-B_I,INF24-like,Kinesin,Microtub_bd,Pa193_gp26,Terminase_7,Viral_P18	PF13191.13,PF13401.13,PF01637.25,PF23763.3,PF28982.1,PF00225.30,PF16796.12,PF30928.1,PF25673.2,PF04521.18	0.0067,0.11,0.054,0.011,0.0041,2.1e-98,4.3e-62,0.00078,0.47,1.1
AC1KRY_001778	AOBS17_30	1	1	1	1	0	0	0	0	1							
AC1KRY_001789	AOBS17_30	1	1	0	0	0	0	0	0	0		DUF4379,LON_substr_bdg,Prok-RING_4,RING_XB3-XBAT31,SLX5_C,TRAF3_RING,zf-C3HC4,zf-C3HC4_2,zf-C3HC4_3,zf-C3HC4_4,zf-P11,zf-rbx1,zf-RING_10,zf-RING_2,zf-RING_4,zf-RING_5,zf-RING_6,zf-RING_UBOX	Pfam		DUF4379,LON_substr_bdg,Prok-RING_4,RING_XB3-XBAT31,SLX5_C,TRAF3_RING,zf-C3HC4,zf-C3HC4_2,zf-C3HC4_3,zf-C3HC4_4,zf-P11,zf-rbx1,zf-RING_10,zf-RING_2,zf-RING_4,zf-RING_5,zf-RING_6,zf-RING_UBOX	PF14311.13,PF02190.23,PF14447.13,PF24921.2,PF30092.1,PF21363.4,PF00097.32,PF13923.13,PF13920.13,PF15227.13,PF03854.21,PF12678.14,PF16685.12,PF13639.13,PF14570.13,PF14634.13,PF14835.12,PF13445.13	6.9,6.6e-31,5.9e-05,0.00064,0.0018,0.023,6.6e-09,7.2e-13,2.9e-08,2.7e-09,0.00065,0.00014,0.0027,3.2e-09,0.00018,4.8e-07,0.0015,2.1e-08
AC1KRY_001792	AOBS17_30	1	1	0	0	0	0	0	0	0							
AC1KRY_001795	AOBS17_30	1	1	0	0	0	0	0	0	0		ARMC9_ARM,ARM_ARMC5,BEM4-like_N,CTNNBL,HEAT,HEAT_EZ,KAP	Pfam		ARMC9_ARM,ARM_ARMC5,BEM4-like_N,CTNNBL,HEAT,HEAT_EZ,KAP	PF21050.4,PF24768.2,PF29413.1,PF08216.18,PF02985.29,PF13513.13,PF05804.18	7.3e-06,5e-05,3.7e-10,0.0067,0.35,0.0037,3.8e-05
AC1KRY_001796	AOBS17_30	1	1	0	0	0	0	0	0	0		CM_2,DUF3234,LETM1_RBD,VPS9	Pfam		CM_2,DUF3234,LETM1_RBD,VPS9	PF01817.27,PF11572.14,PF07766.20,PF02204.24	0.0091,0.0029,0.0071,8.1e-25
AC1KRY_001797	AOBS17_30	1	1	0	0	0	0	0	0	0		Lipase_3,Phospholipase-like	Pfam		Lipase_3,Phospholipase-like	PF01764.32,PF26363.2	8.9e-07,4.9e-08
AC1KRY_001799	AOBS17_30	1	1	0	0	0	0	0	0	0		Abhydrolase_6,Hydrolase_4,Lipase_3,Phospholipase-like,Upx-like	Pfam		Abhydrolase_6,Hydrolase_4,Lipase_3,Phospholipase-like,Upx-like	PF12697.14,PF12146.16,PF01764.32,PF26363.2,PF28173.1	0.0081,0.019,3e-07,6.7e-10,0.0084
AC1KRY_001807	AOBS17_30	1	1	0	0	0	0	0	0	0		ATP13,COX5A,PPR,PPR_1,PPR_2,PPR_3,PPR_long,TPR_24	Pfam		ATP13,COX5A,PPR,PPR_1,PPR_2,PPR_3,PPR_long,TPR_24	PF12921.13,PF02284.22,PF01535.27,PF12854.14,PF13041.13,PF13812.13,PF17177.11,PF23276.3	0.00018,0.0037,1.9e-08,9.9e-05,2.4e-22,7.8e-07,9.4e-11,0.00034
AC1KRY_001811	AOBS17_30	1	1	0	0	0	0	0	0	0		Rhodanese,UCH,UCH_1	Pfam		Rhodanese,UCH,UCH_1	PF00581.26,PF00443.36,PF13423.13	4.4e-06,6.5e-30,0.0085
AC1KRY_001815	AOBS17_30	1	1	1	1	1	0	0	0	1							
AC1KRY_001817	AOBS17_30	1	1	0	0	0	0	0	0	0		DUF2895,DUF2999,DUF8380,GIY_YIG_2,LRR_1,LRR_13,LRR_14,LRR_4,LRR_6,LRR_8,LRR_9,LRR_LRWD1,LRR_NLRC4,LRR_NXF1-5,LRR_RI_capping	Pfam		DUF2895,DUF2999,DUF8380,GIY_YIG_2,LRR_1,LRR_13,LRR_14,LRR_4,LRR_6,LRR_8,LRR_9,LRR_LRWD1,LRR_NLRC4,LRR_NXF1-5,LRR_RI_capping	PF11444.15,PF11212.15,PF28313.2,PF20815.4,PF00560.40,PF23286.1,PF23598.2,PF12799.14,PF13516.13,PF13855.13,PF14580.13,PF23211.1,PF29252.1,PF24048.2,PF18779.8	0.018,0.027,0.18,0.039,2.2e-11,1.3e-05,1.5e-13,3.4e-25,0.0011,6.8e-29,3.6e-11,6.4e-10,0.0076,5.9e-07,0.035
AC1KRY_001821	AOBS17_30	1	1	0	0	0	0	0	0	0		CENP-P,HAUS2,MIPOL1_N,Phage_scaffold,RUFY4	Pfam		CENP-P,HAUS2,MIPOL1_N,Phage_scaffold,RUFY4	PF13096.12,PF15003.12,PF27918.1,PF06810.18,PF25366.1	6.5e-06,0.0018,0.0079,0.073,0.018
AC1KRY_001823	AOBS17_30	1	1	0	0	0	0	0	0	0		FeoB_N,GTP-eEF1A_C,GTP_EFTU,GTP_EFTU_D2,GTP_EFTU_D3,HBS1_N,MMR_HSR1,P8,Roc	Pfam		FeoB_N,GTP-eEF1A_C,GTP_EFTU,GTP_EFTU_D2,GTP_EFTU_D3,HBS1_N,MMR_HSR1,P8,Roc	PF02421.25,PF22594.3,PF00009.34,PF03144.32,PF03143.24,PF08938.17,PF01926.30,PF24305.3,PF08477.20	0.017,1.2e-23,2.4e-52,2.9e-08,4.9e-09,6.6e-17,2.1e-07,0.0063,0.0037
AC1KRY_001824	AOBS17_30	1	1	0	0	0	0	0	0	0		PFF1_TM	Pfam		PFF1_TM	PF22251.2	2.7
AC1KRY_001829	AOBS17_30	1	1	0	0	0	0	0	0	0		GTP-eEF1A_C,GTP_EFTU,GTP_EFTU_D2,GTP_EFTU_D3,MMR_HSR1	Pfam		GTP-eEF1A_C,GTP_EFTU,GTP_EFTU_D2,GTP_EFTU_D3,MMR_HSR1	PF22594.3,PF00009.34,PF03144.32,PF03143.24,PF01926.30	2.2e-32,1.3e-48,8.3e-11,2.5e-24,0.0006
AC1KRY_001841	AOBS17_30	1	1	1	1	1	0	0	0	1							
AC1KRY_001847	AOBS17_30	1	1	1	1	1	0	0	0	1							
AC1KRY_001850	AOBS17_30	1	1	0	0	0	0	0	0	0		DUF5939,DUF5969,Saf4_Yju2	Pfam		DUF5939,DUF5969,Saf4_Yju2	PF19363.5,PF19394.5,PF04502.19	0.012,0.0047,2.9e-66
AC1KRY_001852	AOBS17_30	1	1	1	0	0	0	0	0	0							
AC1KRY_001853	AOBS17_30	1	1	0	0	0	0	0	0	0		DUF5316,DUF5455,MFS_1,Phage_gp51,Trp_oprn_chp	Pfam		DUF5316,DUF5455,MFS_1,Phage_gp51,Trp_oprn_chp	PF17247.8,PF17537.8,PF07690.22,PF26826.1,PF09534.16	0.2,0.12,3.7e-41,0.0016,0.14
AC1KRY_001854	AOBS17_30	1	1	1	1	0	0	0	0	1							
AC1KRY_001856	AOBS17_30	1	1	1	1	1	0	0	0	1							
AC1KRY_001858	AOBS17_30	1	1	0	0	0	0	0	0	0							
AC1KRY_001860	AOBS17_30	1	1	0	0	0	0	0	0	0							
AC1KRY_001861	AOBS17_30	1	1	0	1	1	0	0	0	1							
AC1KRY_001871	AOBS17_30	1	1	0	0	0	0	0	0	0		DUF4832,YfbP_C	Pfam		DUF4832,YfbP_C	PF16116.11,PF30107.1	2e-06,0.0091
AC1KRY_001872	AOBS17_30	1	1	0	0	0	0	0	0	0		DUF4832,DUF4874,DUF4917	Pfam		DUF4832,DUF4874,DUF4917	PF16116.11,PF16173.11,PF16263.11	1.4e-27,1.9e-26,0.0074
AC1KRY_001875	AOBS17_30	1	1	0	0	0	0	0	0	0							
AC1KRY_001878	AOBS17_30	1	1	1	0	0	0	0	0	0							
AC1KRY_001882	AOBS17_30	1	1	0	0	0	0	0	0	0		CLIC-like_N,Glutaredoxin,GST_C_5,GST_N,GST_N_2,GST_N_3	Pfam		CLIC-like_N,Glutaredoxin,GST_C_5,GST_N,GST_N_2,GST_N_3	PF22441.3,PF00462.31,PF16865.11,PF02798.27,PF13409.13,PF13417.13	0.00011,0.0022,0.0035,4e-13,7.7e-17,4.4e-13
AC1KRY_001888	AOBS17_30	1	1	1	1	1	0	0	0	1							
AC1KRY_001893	AOBS17_30	1	1	1	1	1	0	1	0	0							
AC1KRY_001894	AOBS17_30	1	1	1	1	1	0	0	0	0							
AC1KRY_001899	AOBS17_30	1	1	1	1	1	0	0	0	1							
AC1KRY_001905	AOBS17_30	1	1	0	0	0	0	0	0	0							
AC1KRY_001909	AOBS17_30	1	1	0	0	0	0	0	0	0							
AC1KRY_001910	AOBS17_30	1	1	0	0	0	0	0	0	0		AMP-dom_DIP2-like,CTE_SPB4,DEAD,Helicase_C,PERM1,ResIII	Pfam		AMP-dom_DIP2-like,CTE_SPB4,DEAD,Helicase_C,PERM1,ResIII	PF23024.2,PF13959.12,PF00270.36,PF00271.38,PF28384.1,PF04851.22	0.0056,6.3e-22,1.7e-43,4.3e-23,0.034,7.4e-09
AC1KRY_001912	AOBS17_30	1	1	0	0	0	0	0	0	0		GFA,PHD_Oberon	Pfam		GFA,PHD_Oberon	PF04828.23,PF07227.18	4.9e-14,0.0027
AC1KRY_001914	AOBS17_30	1	1	1	1	1	0	0	0	1							
AC1KRY_001924	AOBS17_30	1	1	1	1	0	0	0	0	1							
AC1KRY_001931	AOBS17_30	1	1	0	0	0	0	0	0	0		AAA_14,AAA_18,AAA_25,ABC_tran,Arf,ATP_bind_1,DO-GTPase2,Dynamin_N,FeoB_N,G-alpha,GTP_EFTU,Gtr1_RagA,MMR_HSR1,MobB,Ras,Roc,Sec39,SRPRB	Pfam		AAA_14,AAA_18,AAA_25,ABC_tran,Arf,ATP_bind_1,DO-GTPase2,Dynamin_N,FeoB_N,G-alpha,GTP_EFTU,Gtr1_RagA,MMR_HSR1,MobB,Ras,Roc,Sec39,SRPRB	PF13173.13,PF13238.13,PF13481.13,PF00005.34,PF00025.28,PF03029.24,PF19993.6,PF00350.30,PF02421.25,PF00503.27,PF00009.34,PF04670.19,PF01926.30,PF03205.21,PF00071.29,PF08477.20,PF08314.18,PF09439.17	0.0076,0.0066,0.0036,0.0023,2.9e-42,2.2e-05,6.1e-05,0.00015,0.0067,4e-06,3.1e-07,9.6e-08,1.1e-08,0.0024,8.8e-22,5.5e-18,5.3e-05,7.9e-10
AC1KRY_001932	AOBS17_30	1	1	0	0	0	0	0	0	0		HILPDA,Metallophos,TgpA_N,Translin	Pfam		HILPDA,Metallophos,TgpA_N,Translin	PF15220.12,PF00149.34,PF11992.14,PF01997.22	0.0037,1.8e-07,0.041,0.0011
AC1KRY_001933	AOBS17_30	1	1	0	0	0	0	0	0	0		DUF3245	Pfam		DUF3245	PF11595.14	1.2e-05
AC1KRY_001935	AOBS17_30	1	1	0	0	0	0	0	0	0		DUF1180,HCMV_UL116	Pfam		DUF1180,HCMV_UL116	PF06679.18,PF25706.1	0.028,2.1
AC1KRY_001943	AOBS17_30	1	1	1	1	1	0	1	0	1							
AC1KRY_001944	AOBS17_30	1	1	1	1	1	0	1	0	1							
AC1KRY_001954	AOBS17_30	1	1	1	1	1	0	0	0	1							
AC1KRY_001955	AOBS17_30	1	1	0	0	0	0	0	0	0							
AC1KRY_001959	AOBS17_30	1	1	0	0	1	0	0	0	0							
AC1KRY_001961	AOBS17_30	1	1	0	0	0	0	0	0	1							
AC1KRY_001962	AOBS17_30	1	1	0	0	0	0	0	0	0		Asd-4,CEP162_coil_mid,CT_C_D,DMPK_coil,IFT57	Pfam		Asd-4,CEP162_coil_mid,CT_C_D,DMPK_coil,IFT57	PF25026.2,PF27944.1,PF02682.22,PF08826.16,PF10498.15	0.052,8.4,0.018,0.053,0.0013
AC1KRY_001963	AOBS17_30	1	1	0	0	0	0	0	0	0		DUF4364,HHH,HhH-GPD,HHH_5,RecR_HhH	Pfam		DUF4364,HHH,HhH-GPD,HHH_5,RecR_HhH	PF14277.13,PF00633.30,PF00730.32,PF14520.13,PF21176.4	0.0085,0.00021,1.4e-12,0.012,0.0058
AC1KRY_001964	AOBS17_30	1	1	1	1	1	0	1	0	1							
AC1KRY_001968	AOBS17_30	1	1	0	0	0	0	0	0	0		Adaptin_N,Arm,Atx10homo_assoc,CLASP_N,Cnd1,DUF4042,HEAT,HEAT_2,HEAT_EF3_N,HEAT_EZ,HEAT_GCN1,HEAT_GCN1_C,HEAT_MROH2B_C,INTS1_R4,NTF2_5,XMAP215_CLASP_TOG	Pfam		Adaptin_N,Arm,Atx10homo_assoc,CLASP_N,Cnd1,DUF4042,HEAT,HEAT_2,HEAT_EF3_N,HEAT_EZ,HEAT_GCN1,HEAT_GCN1_C,HEAT_MROH2B_C,INTS1_R4,NTF2_5,XMAP215_CLASP_TOG	PF01602.27,PF00514.30,PF09759.16,PF12348.15,PF12717.14,PF13251.13,PF02985.29,PF13646.13,PF24987.2,PF13513.13,PF23271.2,PF25786.1,PF23227.2,PF22928.3,PF26532.1,PF21041.4	2.2e-123,0.019,0.0087,0.0052,5.4e-47,0.00021,1.9e-11,1.7e-13,0.00042,3.9e-08,2.2e-07,5.4e-05,2.8e-05,1.3e-07,0.0031,0.0034
AC1KRY_001970	AOBS17_30	1	1	1	1	1	0	0	0	1							
AC1KRY_001976	AOBS17_30	1	1	0	0	0	0	0	0	0		FHA,Rieske_2	Pfam		FHA,Rieske_2	PF00498.32,PF13806.13	6.1e-06,0.0085
AC1KRY_001981	AOBS17_30	1	1	0	0	0	0	0	0	0		DUF2207_C,PWI,RRM_1	Pfam		DUF2207_C,PWI,RRM_1	PF20990.3,PF01480.23,PF00076.29	0.21,1.5e-10,1.3e-05
AC1KRY_001994	AOBS17_30	1	1	1	1	1	0	0	0	1							
AC1KRY_002000	AOBS17_30	1	1	0	0	0	0	0	0	0		ANAPC4_WD40,ASA1,Beta-prop_Aladin,Beta-prop_CAF1B_HIR1,Beta-prop_DCAF12,Beta-prop_DCAF4,Beta-prop_EIPR1,Beta-prop_EML,Beta-prop_EML_2,Beta-prop_HPS5,Beta-prop_IFT122_1st,Beta-prop_IFT140_1st,Beta-prop_NOL10_N,Beta-prop_RIG_1st,Beta-prop_SCAP,Beta-prop_SPT8,Beta-prop_TEP1_2nd,Beta-prop_TEP1_C,Beta-prop_THOC3,Beta-prop_Vps41,Beta-prop_VPS8,Beta-prop_WDR19_1st,Beta-prop_WDR36-Utp21_1st,Beta-prop_WDR36-Utp21_2nd,Beta-prop_WDR3_1st,Beta-prop_WDR3_2nd,Beta-prop_WDR41,Beta-prop_WDR5,Beta-prop_WDR75_1st,Beta-prop_WDR90_POC16_2nd,CFAP251_N,DSE1_N,EIF3I,Ge1_WD40,MIOS_WD40,Nbas_N,NBCH_WD40,PAC11,PRP4,Tricorn_2nd,WD40,WD40_CDC20-Fz,WD40_Gbeta,WD40_like,WD40_MABP1-WDR62_1st,WD40_MABP1-WDR62_2nd,WD40_Prp19,WD40_RFWD3,WD40_WDHD1_1st,WDR54,WDR55,WDR90_beta-prop_4th,WD_LRWD1	Pfam		ANAPC4_WD40,ASA1,Beta-prop_Aladin,Beta-prop_CAF1B_HIR1,Beta-prop_DCAF12,Beta-prop_DCAF4,Beta-prop_EIPR1,Beta-prop_EML,Beta-prop_EML_2,Beta-prop_HPS5,Beta-prop_IFT122_1st,Beta-prop_IFT140_1st,Beta-prop_NOL10_N,Beta-prop_RIG_1st,Beta-prop_SCAP,Beta-prop_SPT8,Beta-prop_TEP1_2nd,Beta-prop_TEP1_C,Beta-prop_THOC3,Beta-prop_Vps41,Beta-prop_VPS8,Beta-prop_WDR19_1st,Beta-prop_WDR36-Utp21_1st,Beta-prop_WDR36-Utp21_2nd,Beta-prop_WDR3_1st,Beta-prop_WDR3_2nd,Beta-prop_WDR41,Beta-prop_WDR5,Beta-prop_WDR75_1st,Beta-prop_WDR90_POC16_2nd,CFAP251_N,DSE1_N,EIF3I,Ge1_WD40,MIOS_WD40,Nbas_N,NBCH_WD40,PAC11,PRP4,Tricorn_2nd,WD40,WD40_CDC20-Fz,WD40_Gbeta,WD40_like,WD40_MABP1-WDR62_1st,WD40_MABP1-WDR62_2nd,WD40_Prp19,WD40_RFWD3,WD40_WDHD1_1st,WDR54,WDR55,WDR90_beta-prop_4th,WD_LRWD1	PF12894.14,PF29630.1,PF25460.2,PF24105.2,PF23760.2,PF23761.2,PF23609.2,PF23409.2,PF23414.2,PF23756.2,PF23381.2,PF23383.2,PF23098.2,PF23770.2,PF24017.3,PF23798.2,PF25047.1,PF25048.2,PF25174.2,PF23411.2,PF23410.5,PF23389.2,PF25171.2,PF25168.2,PF25173.2,PF25172.2,PF25178.1,PF25175.2,PF23869.2,PF23393.3,PF30552.1,PF29037.1,PF24805.2,PF16529.12,PF21720.4,PF15492.13,PF20426.5,PF30151.1,PF08799.18,PF26550.2,PF00400.39,PF24807.2,PF25391.2,PF17005.12,PF24780.2,PF24782.3,PF24814.2,PF23419.3,PF24817.2,PF21031.3,PF24796.2,PF23342.2,PF23215.1	7.8e-16,9.6e-13,4.1e-10,5.9e-24,2e-06,3.2e-08,6.7e-13,9.1e-16,2.3e-30,0.0085,1e-54,4.2e-06,2.3e-11,3.9e-05,1.5e-09,0.00056,1.3e-23,1.1e-07,3.5e-57,8.1e-09,2.6e-05,1.3e-05,1.1e-15,1.3e-20,4e-59,3.8e-33,1.4e-10,1e-60,6e-17,1e-14,4.5e-08,2.1e-13,4.3e-24,0.0011,0.013,5.8e-05,1.2e-08,1.7e-07,7.1e-14,0.017,2e-55,1.7e-37,5.8e-30,0.00041,1.3e-16,4.8e-23,5.2e-61,0.0026,9.5e-42,0.00033,4.4e-21,4e-11,0.0002
AC1KRY_002008	AOBS17_30	1	1	1	1	0	0	0	0	0							
AC1KRY_002011	AOBS17_30	1	1	1	1	1	0	1	0	1							
AC1KRY_002014	AOBS17_30	1	1	0	0	0	0	0	0	0		ABC1,Kdo,Pkinase,Pkinase_fungal,PK_Tyr_Ser-Thr,RIO1	Pfam		ABC1,Kdo,Pkinase,Pkinase_fungal,PK_Tyr_Ser-Thr,RIO1	PF03109.23,PF06293.21,PF00069.32,PF17667.8,PF07714.24,PF01163.29	0.00084,1.8e-05,4.2e-52,0.00048,5.1e-25,0.0052
AC1KRY_002018	AOBS17_30	1	1	0	0	0	0	0	0	0		AAA,AAA_16,AAA_19,AAA_22,AAA_30,nSTAND3,nSTAND_NTPase5,Rad17,RAD24_helical,T2SSE	Pfam		AAA,AAA_16,AAA_19,AAA_22,AAA_30,nSTAND3,nSTAND_NTPase5,Rad17,RAD24_helical,T2SSE	PF00004.36,PF13191.13,PF13245.13,PF13401.13,PF13604.13,PF20720.4,PF25199.2,PF03215.22,PF25812.2,PF00437.27	0.0013,4.1e-06,0.0083,6.7e-05,7.4e-05,0.019,0.00034,6.7e-29,9.6e-10,0.0016
AC1KRY_002021	AOBS17_30	1	1	0	0	0	0	0	0	0		Cofilin_ADF,DHHA1,SH3_1,SH3_2,SH3_9	Pfam		Cofilin_ADF,DHHA1,SH3_1,SH3_2,SH3_9	PF00241.26,PF02272.25,PF00018.35,PF07653.24,PF14604.13	1.3e-23,0.00064,1.5e-25,4.9e-14,1.2e-28
AC1KRY_002022	AOBS17_30	1	1	0	0	0	0	0	0	0		Glyco_hydro_130,Glyco_hydro_32N,Glyco_hydro_43	Pfam		Glyco_hydro_130,Glyco_hydro_32N,Glyco_hydro_43	PF04041.20,PF00251.27,PF04616.21	6.9e-48,1.7e-09,3e-10
AC1KRY_002024	AOBS17_30	1	1	0	0	0	0	0	0	1							
AC1KRY_002026	AOBS17_30	1	1	1	1	0	0	0	0	1							
AC1KRY_002027	AOBS17_30	1	1	0	0	1	0	0	0	1							
AC1KRY_002028	AOBS17_30	1	1	0	0	0	0	0	0	0							
AC1KRY_002035	AOBS17_30	1	1	1	0	1	0	0	0	1							
AC1KRY_002044	AOBS17_30	1	1	0	0	0	0	0	0	0		KAT3	Pfam		KAT3	PF29847.1	0.34
AC1KRY_002046	AOBS17_30	1	1	0	0	0	0	0	0	0							
AC1KRY_002050	AOBS17_30	1	1	0	0	0	0	0	0	0		M20_dimer,Peptidase_M20,Peptidase_M28	Pfam		M20_dimer,Peptidase_M20,Peptidase_M28	PF07687.20,PF01546.34,PF04389.23	1.1e-08,9.7e-26,6e-06
AC1KRY_002051	AOBS17_30	1	1	1	1	1	0	0	0	1							
AC1KRY_002052	AOBS17_30	1	1	0	0	0	0	0	0	0		Abhydrolase_3,BD-FAE,COesterase,Peptidase_S9,PSD2	Pfam		Abhydrolase_3,BD-FAE,COesterase,Peptidase_S9,PSD2	PF07859.20,PF20434.6,PF00135.35,PF00326.28,PF07624.17	4.6e-08,6.5e-13,1.3e-72,0.00035,0.013
AC1KRY_002054	AOBS17_30	1	1	0	0	0	0	0	0	0							
AC1KRY_002071	AOBS17_30	1	1	0	0	0	0	0	0	0		Bromodomain,DUF7877,RSC4_Ig_like	Pfam		Bromodomain,DUF7877,RSC4_Ig_like	PF00439.31,PF25289.2,PF22994.2	6.4e-41,0.15,2.5e-23
AC1KRY_002083	AOBS17_30	1	1	0	0	0	0	0	0	1							
AC1KRY_002085	AOBS17_30	1	1	0	0	0	0	0	0	0		ATG14,CcmD,Mdt30,SlyX,ZapB	Pfam		ATG14,CcmD,Mdt30,SlyX,ZapB	PF10186.15,PF04995.20,PF29509.1,PF04102.18,PF06005.19	3.2e-19,4.3,0.53,1,0.00075
AC1KRY_002087	AOBS17_30	1	1	0	0	0	0	0	0	0		Dsc3_N,Rad60-SLD,STI1-HOP_DP,TBK1_ULD,UBA,UBA_7,ubiquitin,Ubiquitin_2,UBQLN1	Pfam		Dsc3_N,Rad60-SLD,STI1-HOP_DP,TBK1_ULD,UBA,UBA_7,ubiquitin,Ubiquitin_2,UBQLN1	PF10302.16,PF11976.15,PF17830.7,PF18396.8,PF00627.38,PF22562.3,PF00240.30,PF14560.13,PF23195.2	0.00056,6.1e-12,0.039,0.0063,1.3e-09,0.0036,2.3e-22,0.0093,3.1e-08
AC1KRY_002101	AOBS17_30	1	1	1	1	0	0	0	0	1							
AC1KRY_002102	AOBS17_30	1	1	0	1	0	0	0	0	1							
AC1KRY_002115	AOBS17_30	1	1	0	0	0	0	0	0	0		DcsG_N,GSH-S_ATP	Pfam		DcsG_N,GSH-S_ATP	PF27100.1,PF02955.22	0.015,2.1e-08
AC1KRY_002116	AOBS17_30	1	1	0	0	0	0	0	0	0		PRELI	Pfam		PRELI	PF04707.21	1.8e-41
AC1KRY_002124	AOBS17_30	1	1	0	0	0	0	0	0	0							
AC1KRY_002127	AOBS17_30	1	1	1	1	1	0	0	0	1							
AC1KRY_002130	AOBS17_30	1	1	0	0	0	0	0	0	0		AMN1_helical,CO_dh,F-box-like,F-box_COS111,HflK_N,LRR_4,LRR_6,LRR_At1g61320_AtMIF1,LRR_FBXL15,LRR_SKP2	Pfam		AMN1_helical,CO_dh,F-box-like,F-box_COS111,HflK_N,LRR_4,LRR_6,LRR_At1g61320_AtMIF1,LRR_FBXL15,LRR_SKP2	PF29120.1,PF02552.23,PF12937.13,PF29466.1,PF12221.14,PF12799.14,PF13516.13,PF23622.2,PF25372.2,PF29594.1	6.7e-26,0.016,0.0035,0.0039,0.021,2.3e-06,0.0043,0.0004,1.4e-06,1.1e-06
AC1KRY_002132	AOBS17_30	1	1	0	0	0	0	0	0	0		Dynactin_p22,IBD2,Salivary_glue	Pfam		Dynactin_p22,IBD2,Salivary_glue	PF07426.17,PF27834.1,PF29534.1	0.011,0.46,0.012
AC1KRY_002133	AOBS17_30	1	1	0	0	0	0	0	0	0		ANAPC4_WD40,Beta-prop_CAF1B_HIR1,Beta-prop_DCAF4,Beta-prop_EML,Beta-prop_EML_2,Beta-prop_IFT122_1st,Beta-prop_NOL10_N,Beta-prop_RIG_2nd,Beta-prop_SCAP,Beta-prop_SPT8,Beta-prop_TEP1_2nd,Beta-prop_TEP1_C,Beta-prop_THOC3,Beta-prop_VPS8,Beta-prop_WDR36-Utp21_1st,Beta-prop_WDR36-Utp21_2nd,Beta-prop_WDR3_1st,Beta-prop_WDR3_2nd,Beta-prop_WDR41,Beta-prop_WDR5,Beta-prop_WDR75_1st,Beta-prop_WDR90_POC16_2nd,BSP_II,DSE1_N,EIF3I,NBCH_WD40,Nop14,Sporozoite_P67,TP_0598_N,Trypan_PARP,WD40,WD40_CDC20-Fz,WD40_Gbeta,WD40_MABP1-WDR62_1st,WD40_MABP1-WDR62_2nd,WD40_Prp19,WD40_RFWD3,WD40_WDHD1_1st,WDR55,WDR90_beta-prop_4th	Pfam		ANAPC4_WD40,Beta-prop_CAF1B_HIR1,Beta-prop_DCAF4,Beta-prop_EML,Beta-prop_EML_2,Beta-prop_IFT122_1st,Beta-prop_NOL10_N,Beta-prop_RIG_2nd,Beta-prop_SCAP,Beta-prop_SPT8,Beta-prop_TEP1_2nd,Beta-prop_TEP1_C,Beta-prop_THOC3,Beta-prop_VPS8,Beta-prop_WDR36-Utp21_1st,Beta-prop_WDR36-Utp21_2nd,Beta-prop_WDR3_1st,Beta-prop_WDR3_2nd,Beta-prop_WDR41,Beta-prop_WDR5,Beta-prop_WDR75_1st,Beta-prop_WDR90_POC16_2nd,BSP_II,DSE1_N,EIF3I,NBCH_WD40,Nop14,Sporozoite_P67,TP_0598_N,Trypan_PARP,WD40,WD40_CDC20-Fz,WD40_Gbeta,WD40_MABP1-WDR62_1st,WD40_MABP1-WDR62_2nd,WD40_Prp19,WD40_RFWD3,WD40_WDHD1_1st,WDR55,WDR90_beta-prop_4th	PF12894.14,PF24105.2,PF23761.2,PF23409.2,PF23414.2,PF23381.2,PF23098.2,PF23775.2,PF24017.3,PF23798.2,PF25047.1,PF25048.2,PF25174.2,PF23410.5,PF25171.2,PF25168.2,PF25173.2,PF25172.2,PF25178.1,PF25175.2,PF23869.2,PF23393.3,PF05432.17,PF29037.1,PF24805.2,PF20426.5,PF04147.18,PF05642.17,PF29788.1,PF05887.17,PF00400.39,PF24807.2,PF25391.2,PF24780.2,PF24782.3,PF24814.2,PF23419.3,PF24817.2,PF24796.2,PF23342.2	2.6e-05,0.011,2.3e-05,1.5e-09,5.8e-14,2.5e-22,5.7e-05,0.0066,0.24,2.6e-136,2.2e-06,0.0066,1.6e-22,0.00022,0.00099,1.8e-07,9e-21,5.6e-11,0.0071,1.3e-20,3.5e-05,1.4e-07,9,8.3e-07,1e-09,0.00021,0.86,0.46,0.00048,0.5,1e-21,7.9e-15,2.6e-11,0.0096,5.8e-06,2.5e-18,3.7e-05,1.7e-13,5.7e-10,1.2e-05
AC1KRY_002140	AOBS17_30	1	1	0	1	1	0	0	0	1							
AC1KRY_002142	AOBS17_30	1	1	0	0	0	0	0	0	0		ATP-grasp,ATP-grasp_LDMS,Biotin_carb_C,Biotin_carb_N,Biotin_lipoyl,BSH_CzcB,BSH_Fcp1,BSH_RND,BSH_YhbJ,BSH_YknX,BT_MCC_alpha,CPSase_L_D2,Dala_Dala_lig_C,GARS_A	Pfam		ATP-grasp,ATP-grasp_LDMS,Biotin_carb_C,Biotin_carb_N,Biotin_lipoyl,BSH_CzcB,BSH_Fcp1,BSH_RND,BSH_YhbJ,BSH_YknX,BT_MCC_alpha,CPSase_L_D2,Dala_Dala_lig_C,GARS_A	PF02222.28,PF30763.1,PF02785.26,PF00289.29,PF00364.29,PF25973.1,PF26077.1,PF25917.1,PF25997.1,PF25984.1,PF21139.4,PF02786.23,PF07478.19,PF01071.25	7.1e-10,4.5e-05,2.1e-32,9e-33,7.6e-15,0.00065,0.007,1.8e-06,7.5e-05,0.0028,0.0014,2.5e-69,9.7e-12,0.0026
AC1KRY_002143	AOBS17_30	1	1	0	0	0	0	0	0	0		AMP-binding,AMP-binding_C,AMP-binding_C_3	Pfam		AMP-binding,AMP-binding_C,AMP-binding_C_3	PF00501.35,PF13193.13,PF23562.3	6.6e-78,8.1e-20,0.0068
AC1KRY_002145	AOBS17_30	1	1	0	0	0	0	0	0	0		CNH,PH,PH_5,RhoGEF,SOS1_NGEF_PH,WHD_RGF3	Pfam		CNH,PH,PH_5,RhoGEF,SOS1_NGEF_PH,WHD_RGF3	PF00780.29,PF00169.36,PF15405.13,PF00621.26,PF22697.3,PF23582.2	2.8e-42,3.7e-05,8.7e-12,3.1e-30,0.00011,1.1e-19
AC1KRY_002149	AOBS17_30	1	1	0	0	0	0	0	0	0							
AC1KRY_002153	AOBS17_30	1	1	1	1	1	0	1	0	1							
AC1KRY_002154	AOBS17_30	1	1	1	1	1	0	0	0	1							
AC1KRY_002155	AOBS17_30	1	1	0	0	0	0	0	0	0		Ac76,DUF2462	Pfam		Ac76,DUF2462	PF05814.17,PF09495.16	0.034,3.9e-09
AC1KRY_002163	AOBS17_30	1	1	1	1	1	0	0	0	1							
AC1KRY_002164	AOBS17_30	1	1	0	0	0	0	0	0	0		ACBP4_C,APG6_N,Astrin_C,BRE1B,bZIP_1,bZIP_2,CCDC122,CCDC17_middle_coil,CCDC18_1st,CEP131_C,CEP162_coil_mid,CEP162_helical_1,Cnn_1N,Csm1_N,DivIC,DUF1664,DUF2730,DUF7491,FUSC,GAS,HALZ,HH_AprE,Kazrin,LIC4_C,Map3k7cl,Metal_resist,Mod_r,OVT1,PEARLI-4,PUMA_CC,Rab11-FIP3,RabGAP-TBC,RabGap-TBC_2,Rod_CreS,Seadorna_VP6,Sos7,Spc24,SPC25_N,T4SS_LegC2C7,TMF_TATA_bd,YabA,ZapB,ZapB_rel	Pfam		ACBP4_C,APG6_N,Astrin_C,BRE1B,bZIP_1,bZIP_2,CCDC122,CCDC17_middle_coil,CCDC18_1st,CEP131_C,CEP162_coil_mid,CEP162_helical_1,Cnn_1N,Csm1_N,DivIC,DUF1664,DUF2730,DUF7491,FUSC,GAS,HALZ,HH_AprE,Kazrin,LIC4_C,Map3k7cl,Metal_resist,Mod_r,OVT1,PEARLI-4,PUMA_CC,Rab11-FIP3,RabGAP-TBC,RabGap-TBC_2,Rod_CreS,Seadorna_VP6,Sos7,Spc24,SPC25_N,T4SS_LegC2C7,TMF_TATA_bd,YabA,ZapB,ZapB_rel	PF24922.1,PF17675.7,PF30852.1,PF26052.1,PF00170.27,PF07716.21,PF28420.1,PF28454.1,PF30677.1,PF27695.1,PF27944.1,PF27825.1,PF07989.17,PF18504.7,PF04977.21,PF07889.18,PF10805.15,PF24319.3,PF04632.19,PF13851.12,PF02183.24,PF25994.1,PF25986.1,PF28633.1,PF27575.1,PF13801.12,PF07200.19,PF24423.3,PF05278.18,PF24627.2,PF25450.2,PF00566.26,PF23436.2,PF19220.7,PF07407.18,PF20882.3,PF08286.17,PF29997.1,PF28175.1,PF12325.14,PF06156.19,PF06005.19,PF28907.1	1.6,0.23,0.11,0.3,0.057,0.051,0.022,0.86,0.057,3.6e-05,1.9,9.1,1.7e-05,0.091,1,0.032,0.4,8.3,0.44,0.1,0.0016,0.061,0.005,0.024,0.76,0.41,0.31,3.8,0.21,0.15,0.31,6.6e-55,7.2e-79,0.017,0.38,0.028,2.6,0.19,0.022,9.3,0.0012,0.53,0.78
AC1KRY_002165	AOBS17_30	1	1	0	0	0	0	0	0	0		DUF1180,PGA28-like_dom	Pfam		DUF1180,PGA28-like_dom	PF06679.18,PF29052.1	1.8,0.011
AC1KRY_002166	AOBS17_30	1	1	1	0	0	0	0	0	1							
AC1KRY_002169	AOBS17_30	1	1	1	0	0	0	0	0	1							
AC1KRY_002174	AOBS17_30	1	1	1	1	1	0	0	0	1							
AC1KRY_002176	AOBS17_30	1	1	0	0	0	0	0	0	0		Beta-prop_ATRN-LZTR1,Beta-prop_Calicin,Beta-prop_FBX42,Beta-prop_TYW4,DUF6242_C,Kelch_1,Kelch_2,Kelch_FKB95,Kelch_HCF,Kelch_KLHDC2_KLHL20_DRC7,NANM,RAG2	Pfam		Beta-prop_ATRN-LZTR1,Beta-prop_Calicin,Beta-prop_FBX42,Beta-prop_TYW4,DUF6242_C,Kelch_1,Kelch_2,Kelch_FKB95,Kelch_HCF,Kelch_KLHDC2_KLHL20_DRC7,NANM,RAG2	PF24981.2,PF13964.13,PF13415.13,PF13418.13,PF25852.1,PF01344.32,PF07646.22,PF25210.2,PF13854.13,PF24681.2,PF24996.1,PF03089.21	5.2e-27,3.3e-06,4.2e-34,2.7e-13,7.7e-06,6.4e-23,1.5e-13,3.1e-11,1.2e-10,1.5e-35,4.2e-07,0.021
AC1KRY_002182	AOBS17_30	1	1	1	0	1	0	0	0	0							
AC1KRY_002184	AOBS17_30	1	1	0	0	1	0	0	0	0							
AC1KRY_002189	AOBS17_30	1	1	0	0	0	0	0	0	0		HHH_RS2-RL21-YNQ2,IMS,IMS_C,IMS_HHH,IMS_HHH_1	Pfam		HHH_RS2-RL21-YNQ2,IMS,IMS_C,IMS_HHH,IMS_HHH_1	PF29713.1,PF00817.26,PF11799.14,PF11798.15,PF21999.3	0.0043,2e-41,4.1e-20,6.8e-07,0.00042
AC1KRY_002192	AOBS17_30	1	1	0	0	0	0	0	0	0							
AC1KRY_002193	AOBS17_30	1	1	0	0	0	0	0	0	0							
AC1KRY_000229	AOBS17_30	1	1	1	0	1	0	0	0	1							
AC1KRY_000231	AOBS17_30	1	1	0	0	0	0	0	0	0		DEAD,DEXQc_Suv3,Helicase_C,SUV3_C,Suv3_C_1	Pfam		DEAD,DEXQc_Suv3,Helicase_C,SUV3_C,Suv3_C_1	PF00270.36,PF22527.3,PF00271.38,PF12513.16,PF18147.7	0.0015,9.2e-69,1.2e-12,3.6e-12,2.4e-08
AC1KRY_000234	AOBS17_30	1	1	0	0	0	0	0	0	0		DUF2304,MFS_1,Sugar_tr	Pfam		DUF2304,MFS_1,Sugar_tr	PF10066.15,PF07690.22,PF00083.31	0.0056,2.1e-30,2.8e-91
AC1KRY_000242	AOBS17_30	1	1	0	0	0	0	0	0	0		p450	Pfam		p450	PF00067.28	2.7e-65
AC1KRY_000243	AOBS17_30	1	1	0	0	0	0	0	0	0		FMO-like,Lys_Orn_oxgnase,NAD_binding_8,Phage_30_8,Pyr_redox_2,Pyr_redox_3,Shikimate_DH	Pfam		FMO-like,Lys_Orn_oxgnase,NAD_binding_8,Phage_30_8,Pyr_redox_2,Pyr_redox_3,Shikimate_DH	PF00743.26,PF13434.13,PF13450.13,PF06019.17,PF07992.21,PF13738.13,PF01488.27	2.9e-38,2.3e-07,0.0047,0.0017,8.9e-09,2e-19,0.01
AC1KRY_000260	AOBS17_30	1	1	0	0	0	0	0	0	0		F-box,F-box-like,Transglut_core2,YccV-like	Pfam		F-box,F-box-like,Transglut_core2,YccV-like	PF00646.39,PF12937.13,PF13369.13,PF08755.17	5.1e-07,9.6e-10,1.3e-18,7.8e-29
AC1KRY_000269	AOBS17_30	1	1	0	0	0	0	0	0	0		Chromo	Pfam		Chromo	PF00385.31	0.0041
AC1KRY_000271	AOBS17_30	1	1	0	0	0	0	0	0	0		Actin_micro,C1_4,C2CH-3rd_BIRD-IDD,C2H2-zf_KIN17,DnaJ,DUF7128,SCO1756_N,zf-C17orf113,zf-C2H2,zf-C2H2_14,zf-C2H2_2,zf-C2H2_4,zf-C2H2_6,zf-C2H2_jaz,Zf-C2H2_ZNF451_2nd,zf-C2HE,zf-met,Zn_ribbon_TFIIS,ZUO1-like_ZHD	Pfam		Actin_micro,C1_4,C2CH-3rd_BIRD-IDD,C2H2-zf_KIN17,DnaJ,DUF7128,SCO1756_N,zf-C17orf113,zf-C2H2,zf-C2H2_14,zf-C2H2_2,zf-C2H2_4,zf-C2H2_6,zf-C2H2_jaz,Zf-C2H2_ZNF451_2nd,zf-C2HE,zf-met,Zn_ribbon_TFIIS,ZUO1-like_ZHD	PF17003.13,PF07975.19,PF22995.3,PF25095.2,PF00226.37,PF23447.2,PF31167.1,PF25431.2,PF00096.33,PF23330.2,PF12756.14,PF13894.13,PF13912.13,PF12171.15,PF23102.2,PF16278.12,PF12874.14,PF01096.24,PF21884.3	0.0031,0.022,0.0049,7.6,2e-25,0.0035,0.1,0.0013,1.7e-07,0.21,3.1e-06,7e-06,0.11,5.4e-11,4.1e-06,0.042,1.4e-09,0.0063,4.1e-15
AC1KRY_000281	AOBS17_30	1	1	0	0	0	0	1	0	0							
AC1KRY_000289	AOBS17_30	1	1	0	0	0	0	0	0	0		DUF4148	Pfam		DUF4148	PF13663.12	0.0075
AC1KRY_000291	AOBS17_30	1	1	0	0	0	0	0	0	0							
AC1KRY_000292	AOBS17_30	1	1	0	0	0	0	1	0	0							
AC1KRY_000296	AOBS17_30	1	1	1	0	0	0	0	0	0							
AC1KRY_000300	AOBS17_30	1	1	1	0	0	0	0	0	0							
AC1KRY_000301	AOBS17_30	1	1	0	0	0	0	0	0	0		bZIP_1,bZIP_2,DUF3425,Par-4_C,T4SS_LegC2C7,TPR	Pfam		bZIP_1,bZIP_2,DUF3425,Par-4_C,T4SS_LegC2C7,TPR	PF00170.27,PF07716.21,PF11905.14,PF30854.1,PF28175.1,PF25785.2	2.7e-09,0.025,1.6e-06,0.2,0.0018,0.0012
AC1KRY_000302	AOBS17_30	1	1	0	0	0	0	0	0	0		DUF6732,DUF7315,F59B103_C,MFS_1,OATP,Sugar_tr,TRI12	Pfam		DUF6732,DUF7315,F59B103_C,MFS_1,OATP,Sugar_tr,TRI12	PF20506.4,PF23997.3,PF28839.1,PF07690.22,PF03137.27,PF00083.31,PF06609.19	0.018,0.0095,0.018,4.2e-43,0.0039,2.6e-12,1.4e-11
AC1KRY_000307	AOBS17_30	1	1	0	0	0	0	0	0	0		DUF4404,DUF8711,HAM1_C,HAM1_N,YtxH	Pfam		DUF4404,DUF8711,HAM1_C,HAM1_N,YtxH	PF14357.12,PF30729.1,PF14613.13,PF19343.6,PF12732.13	0.019,0.2,6.7e-09,2.3e-93,0.017
AC1KRY_000310	AOBS17_30	1	1	0	0	0	0	0	0	0		ANAPC4_WD40,ASA1,Beta-prop_ACSF4,Beta-prop_Aladin,Beta-prop_CAF1B_HIR1,Beta-prop_DCAF12,Beta-prop_DCAF4,Beta-prop_EIPR1,Beta-prop_EML,Beta-prop_EML_2,Beta-prop_IFT122_1st,Beta-prop_IFT140_1st,Beta-prop_IP5PC_F,Beta-prop_NOL10_N,Beta-prop_Nup120_160,Beta-prop_pof12,Beta-prop_RIG_2nd,Beta-prop_SCAP,Beta-prop_SPT8,Beta-prop_TEP1_2nd,Beta-prop_TEP1_C,Beta-prop_THOC3,Beta-prop_VPS8,Beta-prop_WDR36-Utp21_1st,Beta-prop_WDR36-Utp21_2nd,Beta-prop_WDR3_1st,Beta-prop_WDR3_2nd,Beta-prop_WDR41,Beta-prop_WDR5,Beta-prop_WDR75_1st,Beta-prop_WDR90_POC16_2nd,CFAP251_N,DSE1_N,EIF3I,NBCH_WD40,PAC11,Striatin,TRM82_WD,WD40,WD40_CDC20-Fz,WD40_Gbeta,WD40_MABP1-WDR62_1st,WD40_MABP1-WDR62_2nd,WD40_Prp19,WD40_RFWD3,WD40_WDHD1_1st,WDR54,WDR55,WDR90_beta-prop_4th	Pfam		ANAPC4_WD40,ASA1,Beta-prop_ACSF4,Beta-prop_Aladin,Beta-prop_CAF1B_HIR1,Beta-prop_DCAF12,Beta-prop_DCAF4,Beta-prop_EIPR1,Beta-prop_EML,Beta-prop_EML_2,Beta-prop_IFT122_1st,Beta-prop_IFT140_1st,Beta-prop_IP5PC_F,Beta-prop_NOL10_N,Beta-prop_Nup120_160,Beta-prop_pof12,Beta-prop_RIG_2nd,Beta-prop_SCAP,Beta-prop_SPT8,Beta-prop_TEP1_2nd,Beta-prop_TEP1_C,Beta-prop_THOC3,Beta-prop_VPS8,Beta-prop_WDR36-Utp21_1st,Beta-prop_WDR36-Utp21_2nd,Beta-prop_WDR3_1st,Beta-prop_WDR3_2nd,Beta-prop_WDR41,Beta-prop_WDR5,Beta-prop_WDR75_1st,Beta-prop_WDR90_POC16_2nd,CFAP251_N,DSE1_N,EIF3I,NBCH_WD40,PAC11,Striatin,TRM82_WD,WD40,WD40_CDC20-Fz,WD40_Gbeta,WD40_MABP1-WDR62_1st,WD40_MABP1-WDR62_2nd,WD40_Prp19,WD40_RFWD3,WD40_WDHD1_1st,WDR54,WDR55,WDR90_beta-prop_4th	PF12894.14,PF29630.1,PF13570.14,PF25460.2,PF24105.2,PF23760.2,PF23761.2,PF23609.2,PF23409.2,PF23414.2,PF23381.2,PF23383.2,PF23754.2,PF23098.2,PF11715.17,PF25499.3,PF23775.2,PF24017.3,PF23798.2,PF25047.1,PF25048.2,PF25174.2,PF23410.5,PF25171.2,PF25168.2,PF25173.2,PF25172.2,PF25178.1,PF25175.2,PF23869.2,PF23393.3,PF30552.1,PF29037.1,PF24805.2,PF20426.5,PF30151.1,PF08232.18,PF30361.1,PF00400.39,PF24807.2,PF25391.2,PF24780.2,PF24782.3,PF24814.2,PF23419.3,PF24817.2,PF21031.3,PF24796.2,PF23342.2	0.0081,4.6e-05,0.0072,3.8e-05,1.4e-13,0.11,1.7e-05,3.2e-09,3.4e-13,3.3e-16,1.2e-28,0.00019,4.3e-06,3.9e-06,0.0013,6e-06,1.1e-05,1.9e-09,0.0004,2.3e-17,3.9e-14,9.7e-34,2.3e-08,3.6e-16,7.4e-13,5.8e-35,6.2e-26,7.4e-12,8e-41,1.1e-09,2.7e-13,2.3e-06,6.7e-12,3.6e-13,1.6e-06,0.0012,1.7e-32,0.0034,2.7e-34,3.6e-27,1.7e-17,4.6e-08,6.8e-13,8.3e-29,0.0037,4.6e-24,7.1e-05,2.2e-18,1.6e-05
AC1KRY_000317	AOBS17_30	1	1	0	0	0	0	0	0	0		DUF4293,MFS_1,YpfM	Pfam		DUF4293,MFS_1,YpfM	PF14126.12,PF07690.22,PF28148.1	0.036,0.0068,0.013
AC1KRY_000320	AOBS17_30	1	1	0	0	0	0	0	0	0							
AC1KRY_000325	AOBS17_30	1	1	1	0	0	0	0	0	0							
AC1KRY_000327	AOBS17_30	1	1	0	0	0	0	0	0	0		ExbD	Pfam		ExbD	PF02472.22	0.0092
AC1KRY_000329	AOBS17_30	1	1	0	0	0	0	0	0	0		CDC45,Nop,NOP5NT	Pfam		CDC45,Nop,NOP5NT	PF02724.20,PF01798.24,PF08156.19	0.67,6.1e-80,4.8e-13
AC1KRY_000330	AOBS17_30	1	1	0	0	0	0	0	0	0		DUF7907	Pfam		DUF7907	PF25484.2	8.7e-07
AC1KRY_000332	AOBS17_30	1	1	1	1	0	0	1	0	1							
AC1KRY_000338	AOBS17_30	1	1	0	0	0	0	0	0	0		FAD_binding_8,Ferric_reduct,K1-lyase_N,NAD_binding_1,NAD_binding_6,UCR_UQCRX_QCR9,YfhO	Pfam		FAD_binding_8,Ferric_reduct,K1-lyase_N,NAD_binding_1,NAD_binding_6,UCR_UQCRX_QCR9,YfhO	PF08022.19,PF01794.26,PF24145.2,PF00175.27,PF08030.18,PF05365.18,PF09586.17	6e-14,1.2e-19,0.0098,4.4e-05,4.5e-18,0.0006,0.061
AC1KRY_000339	AOBS17_30	1	1	1	0	0	0	0	0	0							
AC1KRY_000345	AOBS17_30	1	1	0	0	0	0	0	0	0		Gig2-like,PhyH	Pfam		Gig2-like,PhyH	PF07350.20,PF05721.20	1e-126,6.1e-05
AC1KRY_000348	AOBS17_30	1	1	0	0	0	0	0	0	0		3HCDH_N,adh_short,adh_short_C2,ApbA,DapH_N,Epimerase,GDP_Man_Dehyd,KR,NAD_binding_10,Sacchrp_dh_NADP,THF_DHG_CYH_C,TrkA_N	Pfam		3HCDH_N,adh_short,adh_short_C2,ApbA,DapH_N,Epimerase,GDP_Man_Dehyd,KR,NAD_binding_10,Sacchrp_dh_NADP,THF_DHG_CYH_C,TrkA_N	PF02737.25,PF00106.32,PF13561.13,PF02558.23,PF08503.16,PF01370.28,PF16363.12,PF08659.17,PF13460.13,PF03435.25,PF02882.26,PF02254.25	0.0029,1.4e-30,2.4e-26,0.0002,0.0058,1.5e-06,0.00015,4.1e-07,0.00091,0.00041,0.0042,0.00097
AC1KRY_000349	AOBS17_30	1	1	0	1	1	0	0	0	1							
AC1KRY_000350	AOBS17_30	1	1	1	1	1	0	0	0	1							
AC1KRY_000353	AOBS17_30	1	1	0	0	0	0	0	0	0		CENP-O,DnaJ	Pfam		CENP-O,DnaJ	PF09496.16,PF00226.37	0.0022,5.2e-20
AC1KRY_000354	AOBS17_30	1	1	0	0	0	0	0	0	0		Band_7,Band_7_1,T2SSS_2,Thermopsin	Pfam		Band_7,Band_7_1,T2SSS_2,Thermopsin	PF01145.32,PF13421.12,PF16549.11,PF05317.17	4e-36,0.0088,0.0037,0.001
AC1KRY_000362	AOBS17_30	1	1	0	0	0	0	0	0	0		3Beta_HSD,adh_short,Epimerase,GDP_Man_Dehyd,NAD_binding_10,NAD_binding_4,NmrA,Response_reg,RmlD_sub_bind,Sacchrp_dh_NADP	Pfam		3Beta_HSD,adh_short,Epimerase,GDP_Man_Dehyd,NAD_binding_10,NAD_binding_4,NmrA,Response_reg,RmlD_sub_bind,Sacchrp_dh_NADP	PF01073.26,PF00106.32,PF01370.28,PF16363.12,PF13460.13,PF07993.19,PF05368.20,PF00072.31,PF04321.24,PF03435.25	1.5e-14,0.0027,4.7e-20,3.7e-07,1.9e-14,2.2e-14,1.9e-05,0.0097,0.014,0.00018
AC1KRY_000363	AOBS17_30	1	1	1	1	1	0	0	0	1							
AC1KRY_000364	AOBS17_30	1	1	1	1	1	0	0	0	1							
AC1KRY_000368	AOBS17_30	1	1	0	0	0	0	0	0	0		GEN1_C,XPG_I,XPG_N	Pfam		GEN1_C,XPG_I,XPG_N	PF18380.8,PF00867.24,PF00752.24	1.3e-15,7.5e-22,1.8e-07
AC1KRY_000372	AOBS17_30	1	1	0	0	0	0	0	0	1							
AC1KRY_000381	AOBS17_30	1	1	1	1	1	0	0	0	0							
AC1KRY_000382	AOBS17_30	1	1	0	0	0	0	0	0	0		Met_asp_mut_E,Xol-1_N	Pfam		Met_asp_mut_E,Xol-1_N	PF06368.18,PF09108.17	0.011,0.015
AC1KRY_000383	AOBS17_30	1	1	0	0	0	0	1	0	0							
AC1KRY_000397	AOBS17_30	1	1	0	0	0	0	0	0	0		7tm_6	Pfam		7tm_6	PF02949.26	0.015
AC1KRY_000413	AOBS17_30	1	1	0	0	0	0	0	0	0		ACAS_N,AMP-binding,AMP-binding_C,DUF3948,His_Phos_2	Pfam		ACAS_N,AMP-binding,AMP-binding_C,DUF3948,His_Phos_2	PF16177.12,PF00501.35,PF13193.13,PF13134.11,PF00328.28	5.5e-11,1.3e-36,1.2e-05,0.017,5.4e-31
AC1KRY_000414	AOBS17_30	1	1	0	0	0	0	0	0	0		Anti-Pycsar_Apyc1,ATP18_TPR,BKACE,DUF7754,ECSIT_N,Exog_C,Lactamase_B,Lactamase_B_2,MSC6_N,Mtf2,PPR,PPR_1,PPR_2,PPR_3,PPR_long,SOV1_C,TPR_24,TPR_ZFYVE26	Pfam		Anti-Pycsar_Apyc1,ATP18_TPR,BKACE,DUF7754,ECSIT_N,Exog_C,Lactamase_B,Lactamase_B_2,MSC6_N,Mtf2,PPR,PPR_1,PPR_2,PPR_3,PPR_long,SOV1_C,TPR_24,TPR_ZFYVE26	PF23023.2,PF29978.1,PF05853.19,PF24937.1,PF06239.18,PF18026.7,PF00753.34,PF12706.14,PF29070.1,PF19189.7,PF01535.27,PF12854.14,PF13041.13,PF13812.13,PF17177.11,PF29834.1,PF23276.3,PF25569.2	1.5e-07,0.0028,0.0026,0.0041,1.6e-05,0.0015,1.5e-07,4.2e-24,1.5e-26,0.00029,8.4e-25,7.1e-32,2.3e-55,1.3e-36,2.6e-20,0.00015,2.9e-18,0.0034
AC1KRY_000418	AOBS17_30	1	1	1	1	1	0	0	0	1							
AC1KRY_002202	AOBS17_30	1	1	0	0	0	0	0	0	0							
AC1KRY_002208	AOBS17_30	1	1	1	1	1	0	1	0	1							
AC1KRY_002209	AOBS17_30	1	1	1	1	1	0	1	0	1							
AC1KRY_002212	AOBS17_30	1	1	0	0	0	0	0	0	0		FUT8_N_cat,GAP45,MAP7,Nab2,PWI,PWI_CCDC43,RRM_1,RRM_3,RRM_occluded,RRM_PARP14_3,Torus,zf-CCCH,zf-CCCH_12,zf-CCCH_2,zf-CCCH_RBM22,zf_CCCH_4	Pfam		FUT8_N_cat,GAP45,MAP7,Nab2,PWI,PWI_CCDC43,RRM_1,RRM_3,RRM_occluded,RRM_PARP14_3,Torus,zf-CCCH,zf-CCCH_12,zf-CCCH_2,zf-CCCH_RBM22,zf_CCCH_4	PF19745.6,PF29346.1,PF05672.17,PF11517.15,PF01480.23,PF26091.1,PF00076.29,PF08777.18,PF16842.12,PF23085.2,PF16131.12,PF00642.31,PF25542.2,PF14608.13,PF25584.1,PF18345.8	0.059,0.17,0.1,1.6e-05,2.6e-11,0.0019,0.00086,0.023,0.015,0.0049,0.12,2.8e-06,0.036,0.0021,0.01,1.2e-07
AC1KRY_002213	AOBS17_30	1	1	0	0	1	0	0	0	0							
AC1KRY_002215	AOBS17_30	1	1	0	0	0	0	0	0	0		AAA_11,AAA_12,AAA_16,AAA_19,AAA_30,ResIII,RNA_helicase,SLFN-g3_helicase,ZnF_RZ-type	Pfam		AAA_11,AAA_12,AAA_16,AAA_19,AAA_30,ResIII,RNA_helicase,SLFN-g3_helicase,ZnF_RZ-type	PF13086.13,PF13087.13,PF13191.13,PF13245.13,PF13604.13,PF04851.22,PF00910.29,PF09848.16,PF20173.4	4e-24,1.3e-33,0.00062,4.8e-08,0.00021,0.013,0.013,1.7e-06,3.3e-21
AC1KRY_002217	AOBS17_30	1	1	1	1	1	0	0	0	1							
AC1KRY_002218	AOBS17_30	1	1	0	0	0	0	0	0	0		Fungal_trans,PRTT-like_M,Zn_clus	Pfam		Fungal_trans,PRTT-like_M,Zn_clus	PF04082.24,PF30880.1,PF00172.24	2e-07,2.9e-10,4.8e-07
AC1KRY_002224	AOBS17_30	1	1	0	0	0	0	0	0	0		NTP_transf_3,UDPGP	Pfam		NTP_transf_3,UDPGP	PF12804.14,PF01704.25	0.0056,5.7e-51
AC1KRY_002225	AOBS17_30	1	1	1	1	1	0	0	0	1							
AC1KRY_002233	AOBS17_30	1	1	1	1	1	0	0	0	1							
AC1KRY_002236	AOBS17_30	1	1	0	0	0	0	0	0	0		HET-s_218-289,RRF_GI,Snf7,WHD_CHMP7_1st	Pfam		HET-s_218-289,RRF_GI,Snf7,WHD_CHMP7_1st	PF11558.14,PF12614.15,PF03357.27,PF25880.2	0.0059,0.0029,1.2e-12,2.9e-07
AC1KRY_002240	AOBS17_30	1	1	1	0	1	0	0	0	1							
AC1KRY_002249	AOBS17_30	1	1	0	0	0	0	0	0	0		DUF7974,Mito_carr,RsfS,SPAC22G7_03,TPR_Atp25_C	Pfam		DUF7974,Mito_carr,RsfS,SPAC22G7_03,TPR_Atp25_C	PF25929.1,PF00153.33,PF02410.23,PF28922.1,PF26719.2	0.034,9.6e-50,8.9e-15,1e-12,1.4e-12
AC1KRY_002252	AOBS17_30	1	1	0	0	0	0	0	0	0		DUF4337	Pfam		DUF4337	PF14235.13	0.52
AC1KRY_002259	AOBS17_30	1	1	0	0	0	0	0	0	0		Meiotic_rec114	Pfam		Meiotic_rec114	PF03525.22	3.3e-08
AC1KRY_002263	AOBS17_30	1	1	0	0	0	0	0	0	0							
AC1KRY_002276	AOBS17_30	1	1	0	0	0	0	0	0	0		CitMHS,DUF6057,DUF726,NIR_SIR,Thioesterase	Pfam		CitMHS,DUF6057,DUF726,NIR_SIR,Thioesterase	PF03600.23,PF19529.5,PF05277.19,PF01077.28,PF00975.27	5.1e-20,3.7,1.1e-125,0.013,0.016
AC1KRY_002277	AOBS17_30	1	1	0	0	0	0	0	0	0		AAA,AAA_11,AAA_14,AAA_16,AAA_17,AAA_18,AAA_19,AAA_2,AAA_22,AAA_24,AAA_25,AAA_28,AAA_3,AAA_30,AAA_33,AAA_5,AAA_7,AAA_lid_3,AAA_RNF213_4,ABC_tran,ATPase_2,Bac_DnaA,bpMoxR,CDC48_N,Disulph_isomer,DUF815,IstB_IS21,MCM,Mg_chelatase,NACHT,NPHP3_N,nSTAND3,nSTAND_NTPase5,NTPase_1,Parvo_NS1,PhoH,Rad17,RNA_helicase,RuvB_N,TIP49,TsaE,Viral_helicase1,YDL180W,Zeta_toxin	Pfam		AAA,AAA_11,AAA_14,AAA_16,AAA_17,AAA_18,AAA_19,AAA_2,AAA_22,AAA_24,AAA_25,AAA_28,AAA_3,AAA_30,AAA_33,AAA_5,AAA_7,AAA_lid_3,AAA_RNF213_4,ABC_tran,ATPase_2,Bac_DnaA,bpMoxR,CDC48_N,Disulph_isomer,DUF815,IstB_IS21,MCM,Mg_chelatase,NACHT,NPHP3_N,nSTAND3,nSTAND_NTPase5,NTPase_1,Parvo_NS1,PhoH,Rad17,RNA_helicase,RuvB_N,TIP49,TsaE,Viral_helicase1,YDL180W,Zeta_toxin	PF00004.36,PF13086.13,PF13173.13,PF13191.13,PF13207.13,PF13238.13,PF13245.13,PF07724.21,PF13401.13,PF13479.13,PF13481.13,PF13521.13,PF07726.18,PF13604.13,PF13671.13,PF07728.21,PF12775.14,PF17862.8,PF30683.1,PF00005.34,PF01637.25,PF00308.25,PF20030.6,PF02359.25,PF06491.17,PF05673.20,PF01695.24,PF00493.30,PF01078.28,PF05729.19,PF24883.3,PF20720.4,PF25199.2,PF03266.22,PF01057.24,PF02562.23,PF03215.22,PF00910.29,PF05496.19,PF06068.20,PF02367.24,PF01443.25,PF29779.1,PF06414.19	2.3e-84,0.00048,5.3e-09,5.9e-12,6.9e-05,2.7e-05,0.00036,1.2e-07,9.7e-10,0.0017,0.0001,4.9e-08,8.9e-05,0.00017,9.1e-07,2.2e-11,1.3e-05,2.1e-24,0.0012,3.3e-05,0.00011,0.0006,4.1e-05,0.0081,0.00011,0.00077,3.8e-06,0.0032,5.3e-06,0.0074,6.6e-05,5.4e-06,0.0036,4.6e-05,0.00035,0.012,8.3e-07,1.9e-06,9.6e-12,4.8e-07,4.6e-05,0.0017,0.025,0.01
AC1KRY_002278	AOBS17_30	1	1	0	0	0	0	0	0	0		DUF7029,DUF7223	Pfam		DUF7029,DUF7223	PF22974.2,PF23865.2	2.8e-13,1.1e-10
AC1KRY_002283	AOBS17_30	1	1	1	1	0	0	0	0	1							
AC1KRY_002286	AOBS17_30	1	1	0	0	0	0	0	0	0		DUF8363,SLU7_N,SWIRM,zf-CCHC,zf-CCHC_3,zf-CCHC_4,zf-CCHC_5	Pfam		DUF8363,SLU7_N,SWIRM,zf-CCHC,zf-CCHC_3,zf-CCHC_4,zf-CCHC_5	PF27939.1,PF30379.1,PF04433.24,PF00098.29,PF13917.12,PF14392.12,PF14787.12	0.00045,3.5e-19,4.6e-16,6.4e-45,0.0012,5.7e-06,3.1e-05
AC1KRY_002287	AOBS17_30	1	1	0	0	0	0	0	0	0		CBT1,DUF202,DUF6529,SPX,VTC	Pfam		CBT1,DUF202,DUF6529,SPX,VTC	PF29803.1,PF02656.21,PF20139.5,PF03105.25,PF09359.16	0.0086,4.7e-14,0.0012,1.2e-09,1.4e-62
AC1KRY_002304	AOBS17_30	1	1	0	0	0	0	0	0	0		DEAD,GbsR_C,Helicase_C,ResIII,SNF2-rel_dom	Pfam		DEAD,GbsR_C,Helicase_C,ResIII,SNF2-rel_dom	PF00270.36,PF27113.1,PF00271.38,PF04851.22,PF00176.30	8.8e-16,0.0008,1.2e-08,0.00054,0.0097
AC1KRY_002306	AOBS17_30	1	1	0	0	0	0	0	0	0		Aminotran_1_2	Pfam		Aminotran_1_2	PF00155.28	2.8e-22
AC1KRY_002309	AOBS17_30	1	1	0	0	0	0	0	0	0		DUF4006,DUF4148,SoxE_N	Pfam		DUF4006,DUF4148,SoxE_N	PF13179.14,PF13663.12,PF22852.1	0.016,0.014,0.033
AC1KRY_002312	AOBS17_30	1	1	0	0	0	0	0	0	0		DUF2007,Pribosyltran,Pribosyltran_N,Pribosyl_synth	Pfam		DUF2007,Pribosyltran,Pribosyltran_N,Pribosyl_synth	PF09413.16,PF00156.34,PF13793.13,PF14572.13	0.006,3.2e-05,3.2e-43,9.9e-34
AC1KRY_002313	AOBS17_30	1	1	1	0	1	0	0	0	1							
AC1KRY_002314	AOBS17_30	1	1	0	1	0	0	1	0	1							
AC1KRY_002316	AOBS17_30	1	1	1	1	0	0	1	0	1							
AC1KRY_002318	AOBS17_30	1	1	0	0	0	0	0	0	0		BMT,FYDLN_acid,Sigma70_ner,TFIIA	Pfam		BMT,FYDLN_acid,Sigma70_ner,TFIIA	PF12141.14,PF09538.16,PF04546.20,PF03153.19	2.3e-18,0.95,0.98,0.14
AC1KRY_002320	AOBS17_30	1	1	0	0	0	0	0	0	0		DUF1501,DUF229,Phosphodiest,SGSH_C,Sulfatase,Sulfatase_C	Pfam		DUF1501,DUF229,Phosphodiest,SGSH_C,Sulfatase,Sulfatase_C	PF07394.18,PF02995.23,PF01663.28,PF16347.11,PF00884.29,PF14707.12	0.002,3.9e-05,7.4e-09,1.9e-15,1.6e-40,0.0086
AC1KRY_002324	AOBS17_30	1	1	0	0	1	0	0	0	0							
AC1KRY_002325	AOBS17_30	1	1	0	0	0	0	0	0	0		Dsl1_C	Pfam		Dsl1_C	PF11989.15	0.0067
AC1KRY_002326	AOBS17_30	1	1	0	0	0	0	0	0	0		HTH_OrfB_IS605	Pfam		HTH_OrfB_IS605	PF12323.15	0.002
AC1KRY_002327	AOBS17_30	1	1	0	0	0	0	0	0	0		DUF4727,MutS_I,MutS_II,MutS_III	Pfam		DUF4727,MutS_I,MutS_II,MutS_III	PF15856.12,PF01624.26,PF05188.24,PF05192.24	0.013,9.6e-20,3.2e-10,1.3e-28
AC1KRY_002329	AOBS17_30	1	1	0	0	0	0	0	0	0		C45G9_12,RabGAP-TBC,RabGap-TBC_2,SBE2_M	Pfam		C45G9_12,RabGAP-TBC,RabGap-TBC_2,SBE2_M	PF29165.1,PF00566.26,PF23436.2,PF22874.1	0.019,3.4e-23,1.5e-09,7.6e-06
AC1KRY_002331	AOBS17_30	1	1	0	1	0	0	0	0	0							
AC1KRY_002335	AOBS17_30	1	1	1	1	1	0	0	0	1							
AC1KRY_002337	AOBS17_30	1	1	0	0	0	0	0	0	0		Amuc_1100,Glutaredoxin,Stu2_CTS,Thioredoxin_2,TraF	Pfam		Amuc_1100,Glutaredoxin,Stu2_CTS,Thioredoxin_2,TraF	PF28028.1,PF00462.31,PF21042.3,PF13098.14,PF13728.13	0.0028,1.2e-15,0.084,0.0016,0.0068
AC1KRY_002339	AOBS17_30	1	1	1	0	0	0	0	0	0							
AC1KRY_002341	AOBS17_30	1	1	0	0	0	0	0	0	0		Phage_TTP_14	Pfam		Phage_TTP_14	PF23806.2	0.0075
AC1KRY_002346	AOBS17_30	1	1	0	0	0	0	0	0	0		Big_7,HECT	Pfam		Big_7,HECT	PF17957.8,PF00632.31	0.01,1.9e-97
AC1KRY_002349	AOBS17_30	1	1	0	0	0	0	0	0	0		AAA,AAA_14,AAA_16,AAA_17,AAA_18,AAA_2,AAA_22,AAA_24,AAA_25,AAA_28,AAA_3,AAA_33,AAA_5,AAA_7,AAA_lid_3,ABC_tran,ATPase_2,IstB_IS21,Mg_chelatase,NACHT,NB-ARC,NPHP3_N,nSTAND3,nSTAND6,Parvo_NS1,PEX-1N,PEX-2N,Rad17,ResIII,RNA_helicase,RuvB_N,Sigma54_activat,Sigma54_activ_2,TIP49,TniB,TrwB_AAD_bind,TsaE	Pfam		AAA,AAA_14,AAA_16,AAA_17,AAA_18,AAA_2,AAA_22,AAA_24,AAA_25,AAA_28,AAA_3,AAA_33,AAA_5,AAA_7,AAA_lid_3,ABC_tran,ATPase_2,IstB_IS21,Mg_chelatase,NACHT,NB-ARC,NPHP3_N,nSTAND3,nSTAND6,Parvo_NS1,PEX-1N,PEX-2N,Rad17,ResIII,RNA_helicase,RuvB_N,Sigma54_activat,Sigma54_activ_2,TIP49,TniB,TrwB_AAD_bind,TsaE	PF00004.36,PF13173.13,PF13191.13,PF13207.13,PF13238.13,PF07724.21,PF13401.13,PF13479.13,PF13481.13,PF13521.13,PF07726.18,PF13671.13,PF07728.21,PF12775.14,PF17862.8,PF00005.34,PF01637.25,PF01695.24,PF01078.28,PF05729.19,PF00931.29,PF24883.3,PF20720.4,PF25201.1,PF01057.24,PF09262.18,PF09263.17,PF03215.22,PF04851.22,PF00910.29,PF05496.19,PF00158.33,PF14532.13,PF06068.20,PF05621.18,PF10412.16,PF02367.24	1.1e-48,1e-05,1.6e-11,0.0059,0.0025,0.00027,2.3e-06,0.00054,0.0012,0.0022,0.0012,2.3e-06,1.6e-07,3.9e-05,2.6e-20,0.0016,0.00012,0.00011,0.00019,2.8e-06,0.00015,6.1e-05,1.5e-08,0.00036,0.0046,7.4e-23,6.6e-06,0.013,0.0035,1e-06,1.1e-09,0.01,0.011,2.8e-05,0.017,0.014,0.00023
AC1KRY_002350	AOBS17_30	1	1	0	0	0	0	0	0	0		AAA_3,AAA_5,AAA_RNF213_3,MCM,MCM_lid,MCM_N,MCM_OB,Mg_chelatase,Sigma54_activat	Pfam		AAA_3,AAA_5,AAA_RNF213_3,MCM,MCM_lid,MCM_N,MCM_OB,Mg_chelatase,Sigma54_activat	PF07726.18,PF07728.21,PF30694.1,PF00493.30,PF17855.8,PF14551.12,PF17207.10,PF01078.28,PF00158.33	0.0003,2.1e-07,0.0052,1.7e-106,1.7e-05,1.1e-10,7.5e-35,3e-09,0.0084
AC1KRY_002352	AOBS17_30	1	1	0	0	0	0	1	0	0							
AC1KRY_002353	AOBS17_30	1	1	0	0	0	0	1	0	0							
AC1KRY_002355	AOBS17_30	1	1	0	0	0	0	0	0	0		Cecropin	Pfam		Cecropin	PF00272.25	0.012
AC1KRY_002358	AOBS17_30	1	1	0	0	0	0	0	0	0		DUF123	Pfam		DUF123	PF01986.24	0.0074
AC1KRY_002367	AOBS17_30	1	1	0	0	0	0	0	0	0		AAA_27,MutS_II,MutS_III,MutS_IV,MutS_V	Pfam		AAA_27,MutS_II,MutS_III,MutS_IV,MutS_V	PF13514.13,PF05188.24,PF05192.24,PF05190.24,PF00488.28	0.0038,3.4e-05,4.2e-32,9.1e-11,1.6e-55
AC1KRY_002369	AOBS17_30	1	1	0	0	0	0	0	0	0		AIF-1,ANTAR,CFAP251_C,DUF6471,EF-hand_1,EF-hand_5,EF-hand_6,EF-hand_7,EF-hand_8,EF-hand_9,EF-hand_FSTL1,EF_EFCAB10_C,RNB,ThsA_Macro,WHD_HA2	Pfam		AIF-1,ANTAR,CFAP251_C,DUF6471,EF-hand_1,EF-hand_5,EF-hand_6,EF-hand_7,EF-hand_8,EF-hand_9,EF-hand_FSTL1,EF_EFCAB10_C,RNB,ThsA_Macro,WHD_HA2	PF21008.4,PF03861.20,PF30551.1,PF20075.6,PF00036.39,PF13202.13,PF13405.13,PF13499.13,PF13833.13,PF14658.13,PF23564.2,PF24548.2,PF00773.26,PF20016.7,PF04408.30	0.0042,0.0089,1.7e-07,0.003,2.9e-15,3.9e-10,1.3e-17,6.1e-15,8.8e-09,0.0015,0.00087,0.00011,0.011,0.00053,0.0072
AC1KRY_002371	AOBS17_30	1	1	1	1	0	0	1	0	0							
AC1KRY_002390	AOBS17_30	1	1	0	0	0	0	0	0	0		CXorf58_MFI,eIF3m_C_helix,PCI	Pfam		CXorf58_MFI,eIF3m_C_helix,PCI	PF28678.1,PF18005.7,PF01399.34	0.00033,2.5e-07,2.3e-13
AC1KRY_002395	AOBS17_30	1	1	0	0	0	0	0	0	1							
AC1KRY_002398	AOBS17_30	1	1	1	1	1	0	0	0	1							
AC1KRY_002401	AOBS17_30	1	1	0	0	0	0	0	0	0		ASA1,Beta-prop_ACSF4,Beta-prop_CAF1B_HIR1,Beta-prop_DCAF12,Beta-prop_DCAF4,Beta-prop_EML,Beta-prop_EML_2,Beta-prop_HPS5,Beta-prop_IFT122_1st,Beta-prop_IFT140_1st,Beta-prop_IP5PC_F,Beta-prop_NOL10_N,Beta-prop_pof12,Beta-prop_RIG_2nd,Beta-prop_SCAP,Beta-prop_SPT8,Beta-prop_TEP1_2nd,Beta-prop_TEP1_C,Beta-prop_THOC3,Beta-prop_Vps41,Beta-prop_VPS8,Beta-prop_WDR36-Utp21_1st,Beta-prop_WDR36-Utp21_2nd,Beta-prop_WDR3_1st,Beta-prop_WDR3_2nd,Beta-prop_WDR41,Beta-prop_WDR5,Beta-prop_WDR75_1st,Beta-prop_WDR90_POC16_2nd,CFAP251_N,DSE1_N,DUF5944,EIF3I,KNTC1_N,NBCH_WD40,PAC11,PEP5_VPS11_N,VPS11_N,WD40,WD40_CDC20-Fz,WD40_Gbeta,WD40_MABP1-WDR62_1st,WD40_MABP1-WDR62_2nd,WD40_Prp19,WD40_WDHD1_1st,WDR55,WDR90_beta-prop_4th	Pfam		ASA1,Beta-prop_ACSF4,Beta-prop_CAF1B_HIR1,Beta-prop_DCAF12,Beta-prop_DCAF4,Beta-prop_EML,Beta-prop_EML_2,Beta-prop_HPS5,Beta-prop_IFT122_1st,Beta-prop_IFT140_1st,Beta-prop_IP5PC_F,Beta-prop_NOL10_N,Beta-prop_pof12,Beta-prop_RIG_2nd,Beta-prop_SCAP,Beta-prop_SPT8,Beta-prop_TEP1_2nd,Beta-prop_TEP1_C,Beta-prop_THOC3,Beta-prop_Vps41,Beta-prop_VPS8,Beta-prop_WDR36-Utp21_1st,Beta-prop_WDR36-Utp21_2nd,Beta-prop_WDR3_1st,Beta-prop_WDR3_2nd,Beta-prop_WDR41,Beta-prop_WDR5,Beta-prop_WDR75_1st,Beta-prop_WDR90_POC16_2nd,CFAP251_N,DSE1_N,DUF5944,EIF3I,KNTC1_N,NBCH_WD40,PAC11,PEP5_VPS11_N,VPS11_N,WD40,WD40_CDC20-Fz,WD40_Gbeta,WD40_MABP1-WDR62_1st,WD40_MABP1-WDR62_2nd,WD40_Prp19,WD40_WDHD1_1st,WDR55,WDR90_beta-prop_4th	PF29630.1,PF13570.14,PF24105.2,PF23760.2,PF23761.2,PF23409.2,PF23414.2,PF23756.2,PF23381.2,PF23383.2,PF23754.2,PF23098.2,PF25499.3,PF23775.2,PF24017.3,PF23798.2,PF25047.1,PF25048.2,PF25174.2,PF23411.2,PF23410.5,PF25171.2,PF25168.2,PF25173.2,PF25172.2,PF25178.1,PF25175.2,PF23869.2,PF23393.3,PF30552.1,PF29037.1,PF19369.5,PF24805.2,PF24506.2,PF20426.5,PF30151.1,PF23341.2,PF23266.2,PF00400.39,PF24807.2,PF25391.2,PF24780.2,PF24782.3,PF24814.2,PF24817.2,PF24796.2,PF23342.2	2.5e-09,7e-05,4.4e-08,2.1e-05,5.6e-05,9.1e-17,1.7e-13,0.0031,8.9e-26,2e-05,2e-06,6.5e-06,0.0058,0.00016,1.5e-05,0.00038,1.6e-21,4.1e-08,3.5e-23,0.002,0.00057,2.6e-13,2.1e-08,4.4e-27,4.1e-22,0.00015,2.5e-24,5.3e-10,5e-09,1.6e-08,9.8e-07,0.0058,3.9e-12,0.023,5.8e-11,0.0043,0.00019,0.0043,1.9e-28,4.6e-17,5.8e-16,0.0016,4.2e-07,1.9e-20,4.8e-17,1.9e-15,2.1e-05
AC1KRY_002404	AOBS17_30	1	1	0	0	0	0	0	0	0		Arc_Cdc45,EndIII_4Fe-2S,HHH,HhH-GPD,NUDIX_4	Pfam		Arc_Cdc45,EndIII_4Fe-2S,HHH,HhH-GPD,NUDIX_4	PF27767.1,PF10576.15,PF00633.30,PF00730.32,PF14815.13	0.013,7.2e-05,0.00049,1.3e-21,1.8e-09
AC1KRY_002406	AOBS17_30	1	1	0	0	0	0	0	0	0							
AC1KRY_002410	AOBS17_30	1	1	0	0	0	0	0	0	0		HIF-1,WIR1	Pfam		HIF-1,WIR1	PF11413.14,PF29412.1	4.7,0.14
AC1KRY_002411	AOBS17_30	1	1	0	0	0	0	0	0	0		DUF5684,MFS_1,MFS_2,OppC_N,Sugar_tr	Pfam		DUF5684,MFS_1,MFS_2,OppC_N,Sugar_tr	PF18936.6,PF07690.22,PF13347.13,PF12911.13,PF00083.31	0.12,2.6e-25,2.5e-07,0.006,2.1e-92
AC1KRY_002412	AOBS17_30	1	1	1	0	0	0	0	0	0							
AC1KRY_002422	AOBS17_30	1	1	0	0	0	0	0	0	1							
AC1KRY_002423	AOBS17_30	1	1	0	0	0	0	0	0	0		DUF3431,RNA_pol_Rpb1_2	Pfam		DUF3431,RNA_pol_Rpb1_2	PF11913.14,PF00623.26	9.2e-73,0.014
AC1KRY_002425	AOBS17_30	1	1	0	1	0	0	0	0	0							
AC1KRY_002426	AOBS17_30	1	1	1	1	0	0	0	0	1							
AC1KRY_002432	AOBS17_30	1	1	0	0	0	0	0	0	0		GIP4,GlpR,Lin-8,TolA_bind_tri	Pfam		GIP4,GlpR,Lin-8,TolA_bind_tri	PF27836.1,PF28211.1,PF03353.21,PF16331.11	0.39,2,0.36,0.0056
AC1KRY_002435	AOBS17_30	1	1	0	0	0	0	0	0	0		Gelsolin,Sec23_BS,Sec23_helical,Sec23_trunk,zf-Sec23_Sec24	Pfam		Gelsolin,Sec23_BS,Sec23_helical,Sec23_trunk,zf-Sec23_Sec24	PF00626.28,PF08033.18,PF04815.21,PF04811.22,PF04810.21	5.1e-05,1.1e-24,4.9e-28,1.2e-64,2.1e-16
AC1KRY_002449	AOBS17_30	1	1	0	0	0	0	0	0	0		Motilin_assoc	Pfam		Motilin_assoc	PF04643.18	0.012
AC1KRY_002451	AOBS17_30	1	1	1	1	1	0	0	0	1							
AC1KRY_002452	AOBS17_30	1	1	0	0	0	0	0	0	0		ANAPC4_WD40,Beta-prop_CAF1B_HIR1,Beta-prop_EIPR1,Beta-prop_EML,Beta-prop_EML_2,Beta-prop_IFT122_1st,Beta-prop_IFT140_1st,Beta-prop_RIG_2nd,Beta-prop_TEP1_2nd,Beta-prop_TEP1_C,Beta-prop_THOC3,Beta-prop_WDR36-Utp21_2nd,Beta-prop_WDR3_1st,Beta-prop_WDR3_2nd,Beta-prop_WDR5,Beta-prop_WDR75_1st,Beta-prop_WDR90_POC16_2nd,DSE1_N,EIF3I,PG_binding_5,PRM_STIL,WD40,WD40_CDC20-Fz,WD40_Gbeta,WD40_MABP1-WDR62_2nd,WD40_Prp19,WD40_RFWD3,WD40_WDHD1_1st,WDR55	Pfam		ANAPC4_WD40,Beta-prop_CAF1B_HIR1,Beta-prop_EIPR1,Beta-prop_EML,Beta-prop_EML_2,Beta-prop_IFT122_1st,Beta-prop_IFT140_1st,Beta-prop_RIG_2nd,Beta-prop_TEP1_2nd,Beta-prop_TEP1_C,Beta-prop_THOC3,Beta-prop_WDR36-Utp21_2nd,Beta-prop_WDR3_1st,Beta-prop_WDR3_2nd,Beta-prop_WDR5,Beta-prop_WDR75_1st,Beta-prop_WDR90_POC16_2nd,DSE1_N,EIF3I,PG_binding_5,PRM_STIL,WD40,WD40_CDC20-Fz,WD40_Gbeta,WD40_MABP1-WDR62_2nd,WD40_Prp19,WD40_RFWD3,WD40_WDHD1_1st,WDR55	PF12894.14,PF24105.2,PF23609.2,PF23409.2,PF23414.2,PF23381.2,PF23383.2,PF23775.2,PF25047.1,PF25048.2,PF25174.2,PF25168.2,PF25173.2,PF25172.2,PF25175.2,PF23869.2,PF23393.3,PF29037.1,PF24805.2,PF21398.3,PF26399.1,PF00400.39,PF24807.2,PF25391.2,PF24782.3,PF24814.2,PF23419.3,PF24817.2,PF24796.2	0.0068,0.00081,0.0016,2e-06,4.2e-09,5.5e-11,6.4e-05,0.00047,5.8e-05,0.0004,4.5e-12,3.2e-05,6.1e-08,3.1e-06,6.4e-14,0.0072,3.5e-06,0.00041,7.3e-05,0.002,0.48,9.9e-15,1.8e-09,3.7e-05,0.004,4.9e-14,4.6e-05,2.1e-06,2.9e-10
AC1KRY_002460	AOBS17_30	1	1	0	0	0	0	0	0	0		AAA,AAA_14,AAA_16,AAA_19,AAA_2,AAA_22,AAA_24,AAA_25,AAA_28,AAA_33,AAA_5,AAA_7,AAA_lid_3,ATPase,DUF815,IstB_IS21,Mg_chelatase,NACHT,NPHP3_N,nSTAND3,nSTAND_NTPase5,ORC-CDC6-like,Phage_scaffold,PhoH,RuvB_N,SOG2,TIP49,TniB,Vps4_C	Pfam		AAA,AAA_14,AAA_16,AAA_19,AAA_2,AAA_22,AAA_24,AAA_25,AAA_28,AAA_33,AAA_5,AAA_7,AAA_lid_3,ATPase,DUF815,IstB_IS21,Mg_chelatase,NACHT,NPHP3_N,nSTAND3,nSTAND_NTPase5,ORC-CDC6-like,Phage_scaffold,PhoH,RuvB_N,SOG2,TIP49,TniB,Vps4_C	PF00004.36,PF13173.13,PF13191.13,PF13245.13,PF07724.21,PF13401.13,PF13479.13,PF13481.13,PF13521.13,PF13671.13,PF07728.21,PF12775.14,PF17862.8,PF06745.20,PF05673.20,PF01695.24,PF01078.28,PF05729.19,PF24883.3,PF20720.4,PF25199.2,PF24389.2,PF06810.18,PF02562.23,PF05496.19,PF10428.15,PF06068.20,PF05621.18,PF09336.17	1.2e-38,0.0004,2.7e-06,0.018,0.00059,1.4e-06,0.0021,0.0028,0.004,0.0097,0.00016,0.0072,1.4e-08,0.018,0.00041,0.00017,0.00031,0.016,0.0015,0.0033,2e-05,0.0031,0.0054,0.017,3.2e-06,4.1,3.4e-05,0.012,1.3e-07
AC1KRY_002465	AOBS17_30	1	1	0	0	0	0	0	0	0		5_3_exonuc,TPR_2,XPG_I,XPG_I_2,XPG_N	Pfam		5_3_exonuc,TPR_2,XPG_I,XPG_I_2,XPG_N	PF01367.26,PF07719.24,PF00867.24,PF12813.13,PF00752.24	7.7e-05,0.0067,1e-21,1.3e-06,2.5e-25
AC1KRY_002466	AOBS17_30	1	1	1	1	0	0	1	0	1							
AC1KRY_002470	AOBS17_30	1	1	0	0	0	0	0	0	0		BBP1_N,MAM33,Peptidase_C12,UCH_C,UvrD-helicase	Pfam		BBP1_N,MAM33,Peptidase_C12,UCH_C,UvrD-helicase	PF15271.12,PF02330.22,PF01088.28,PF18031.7,PF00580.28	0.015,3.9e-58,2.4e-54,9.2e-10,0.0076
AC1KRY_002472	AOBS17_30	1	1	0	0	0	0	0	0	0		TCO89	Pfam		TCO89	PF10452.15	4.9e-08
AC1KRY_002476	AOBS17_30	1	1	0	0	0	0	0	0	0		DUF1254,Exo_endo_phos,LAP1_C,LRR_1,LRR_14,LRR_4,LRR_6,LRR_8,LRR_LRWD1,LRR_Zer-1	Pfam		DUF1254,Exo_endo_phos,LAP1_C,LRR_1,LRR_14,LRR_4,LRR_6,LRR_8,LRR_LRWD1,LRR_Zer-1	PF06863.18,PF03372.30,PF05609.19,PF00560.40,PF23598.2,PF12799.14,PF13516.13,PF13855.13,PF23211.1,PF25013.1	0.0026,1.1e-18,2.5e-05,1.9e-06,1.5e-09,1.1e-12,6.7,6.1e-13,4.8e-05,0.31
AC1KRY_002479	AOBS17_30	1	1	0	0	0	0	0	0	0		Sulfotransfer_3,Sulfotransfer_4	Pfam		Sulfotransfer_3,Sulfotransfer_4	PF13469.13,PF17784.8	0.00019,2.5e-57
AC1KRY_002482	AOBS17_30	1	1	0	0	0	0	0	0	0		RabGAP-TBC,RabGap-TBC_2	Pfam		RabGAP-TBC,RabGap-TBC_2	PF00566.26,PF23436.2	5.2e-35,1.8e-08
AC1KRY_002483	AOBS17_30	1	1	0	1	1	0	0	0	1							
AC1KRY_002486	AOBS17_30	1	1	1	1	1	0	0	0	1							
AC1KRY_002488	AOBS17_30	1	1	0	0	0	0	0	0	0		Dexa_ind,LMBR1,TM_ErbB1	Pfam		Dexa_ind,LMBR1,TM_ErbB1	PF15198.12,PF04791.22,PF21314.3	1,4.9e-97,0.44
AC1KRY_002496	AOBS17_30	1	1	1	1	1	0	0	0	1							
AC1KRY_002500	AOBS17_30	1	1	1	1	1	0	1	0	1							
AC1KRY_002511	AOBS17_30	1	1	1	1	1	0	1	0	0							
AC1KRY_002515	AOBS17_30	1	1	1	1	0	0	0	0	0							
AC1KRY_002519	AOBS17_30	1	1	0	1	0	0	1	0	0							
AC1KRY_002524	AOBS17_30	1	1	1	0	0	0	0	0	0							
AC1KRY_002530	AOBS17_30	1	1	0	0	0	0	0	0	0		AA_permease,AA_permease_2	Pfam		AA_permease,AA_permease_2	PF00324.28,PF13520.13	7e-138,6e-31
AC1KRY_002532	AOBS17_30	1	1	1	1	1	0	1	0	1							
AC1KRY_002534	AOBS17_30	1	1	1	0	1	0	0	0	1							
AC1KRY_002536	AOBS17_30	1	1	0	0	0	0	0	0	0		MFS_1,Sugar_tr	Pfam		MFS_1,Sugar_tr	PF07690.22,PF00083.31	4.9e-36,2.6e-09
AC1KRY_002537	AOBS17_30	1	1	0	0	0	0	0	0	0		Glyco_hydro_62,p450	Pfam		Glyco_hydro_62,p450	PF03664.21,PF00067.28	0.018,5.5e-70
AC1KRY_002538	AOBS17_30	1	1	0	0	0	0	0	0	0		Fungal_trans,S-AdoMet_synt_N	Pfam		Fungal_trans,S-AdoMet_synt_N	PF04082.24,PF00438.26	2.8e-12,0.015
AC1KRY_002540	AOBS17_30	1	1	0	0	0	0	0	0	0							
AC1KRY_002541	AOBS17_30	1	1	0	0	0	0	0	0	0		BACK_BTBD8,BTB,RPW8	Pfam		BACK_BTBD8,BTB,RPW8	PF26017.1,PF00651.38,PF05659.17	3.9e-11,0.0031,0.0065
AC1KRY_002550	AOBS17_30	1	1	1	1	1	0	0	0	1							
AC1KRY_002556	AOBS17_30	1	1	0	0	0	0	0	0	0		Fungal_trans_2	Pfam		Fungal_trans_2	PF11951.14	1.1e-05
AC1KRY_002557	AOBS17_30	1	1	0	0	0	0	0	0	0		DUF7702,RTA1	Pfam		DUF7702,RTA1	PF24800.2,PF04479.19	0.0005,6.4e-59
AC1KRY_002561	AOBS17_30	1	1	1	0	1	0	1	0	1							
AC1KRY_002568	AOBS17_30	1	1	1	1	1	0	0	0	1							
AC1KRY_002580	AOBS17_30	1	1	1	1	1	0	1	0	1							
AC1KRY_002582	AOBS17_30	1	1	0	0	0	0	0	0	0		C1_1,FAR1_N,Helicase_C,HIRAN,Prok-RING_1,RING_XB3-XBAT31,SNF2-rel_dom,VPS18_RING_C,zf-ANAPC11,zf-C3H2C3,zf-C3HC4,zf-C3HC4_2,zf-C3HC4_3,zf-Nse,zf-rbx1,zf-RING_11,zf-RING_2,zf-RING_5,zf-RING_UBOX,zf_RING_Vps8_fungal	Pfam		C1_1,FAR1_N,Helicase_C,HIRAN,Prok-RING_1,RING_XB3-XBAT31,SNF2-rel_dom,VPS18_RING_C,zf-ANAPC11,zf-C3H2C3,zf-C3HC4,zf-C3HC4_2,zf-C3HC4_3,zf-Nse,zf-rbx1,zf-RING_11,zf-RING_2,zf-RING_5,zf-RING_UBOX,zf_RING_Vps8_fungal	PF00130.29,PF29452.1,PF00271.38,PF08797.17,PF14446.13,PF24921.2,PF00176.30,PF26148.1,PF12861.14,PF17122.11,PF00097.32,PF13923.13,PF13920.13,PF11789.15,PF12678.14,PF17123.12,PF13639.13,PF14634.13,PF13445.13,PF23413.2	0.2,0.073,6.3e-20,1.9e-22,0.31,6.8,9.3e-62,0.033,0.00011,0.016,0.00022,2.2e-07,0.00095,0.059,6.1e-07,2.8e-07,2.4e-09,4e-05,4.9e-07,0.0033
AC1KRY_002587	AOBS17_30	1	1	0	0	0	0	0	0	0		ANAPC3,ARM_TT21,ARM_TT21_N,DnaJ,ING,TPR_1,TPR_10,TPR_11,TPR_12,TPR_14,TPR_16,TPR_17,TPR_19,TPR_2,TPR_21,TPR_6,TPR_8,TPR_9	Pfam		ANAPC3,ARM_TT21,ARM_TT21_N,DnaJ,ING,TPR_1,TPR_10,TPR_11,TPR_12,TPR_14,TPR_16,TPR_17,TPR_19,TPR_2,TPR_21,TPR_6,TPR_8,TPR_9	PF12895.14,PF25058.2,PF25062.2,PF00226.37,PF12998.13,PF00515.35,PF13374.13,PF13414.13,PF13424.13,PF13428.13,PF13432.13,PF13431.13,PF14559.13,PF07719.24,PF09976.16,PF13174.13,PF13181.13,PF13371.13	0.001,0.00017,0.0044,3.6e-20,0.0061,1.1e-08,0.012,0.00031,0.00072,9e-06,1.6e-08,4.6e-06,1.2e-11,3.1e-10,2.5,0.00076,0.00053,2.7e-09
AC1KRY_002588	AOBS17_30	1	1	1	0	1	0	0	0	0							
AC1KRY_002589	AOBS17_30	1	1	0	0	0	0	0	0	0		MOZ_SAS,PHD,zf-MYST	Pfam		MOZ_SAS,PHD,zf-MYST	PF01853.26,PF00628.36,PF17772.8	9.5e-83,0.00053,1.2e-21
AC1KRY_002590	AOBS17_30	1	1	0	0	0	0	0	0	0		MarB,TFIIA,Velvet	Pfam		MarB,TFIIA,Velvet	PF13999.13,PF03153.19,PF11754.15	1.4,0.084,5.1e-41
AC1KRY_002596	AOBS17_30	1	1	0	0	0	0	0	0	1							
AC1KRY_002598	AOBS17_30	1	1	0	0	0	0	1	0	0							
AC1KRY_002601	AOBS17_30	1	1	0	0	0	0	0	0	0							
AC1KRY_002602	AOBS17_30	1	1	0	0	0	0	0	0	0							
AC1KRY_002605	AOBS17_30	1	1	0	0	0	0	0	0	0		Dehydratase_MU,Oxysterol_BP	Pfam		Dehydratase_MU,Oxysterol_BP	PF02288.21,PF01237.24	0.015,3.2e-53
AC1KRY_002606	AOBS17_30	1	1	1	1	1	0	0	0	1							
AC1KRY_002616	AOBS17_30	1	1	0	0	0	0	0	0	0		ACT_7,Nab6_mRNP_bdg,PHM7_cyt,RRM_1,RRM_7	Pfam		ACT_7,Nab6_mRNP_bdg,PHM7_cyt,RRM_1,RRM_7	PF13840.13,PF10567.16,PF14703.13,PF00076.29,PF16367.12	2.1e-22,0.00095,0.0036,4.3e-37,0.0016
AC1KRY_002619	AOBS17_30	1	1	0	0	0	0	0	0	0		CAP	Pfam		CAP	PF00188.33	2e-13
AC1KRY_002622	AOBS17_30	1	1	0	0	0	0	0	0	0		Bestrophin-like,CH_HOOK_api,DASH_Dad4,DD3_cupredoxin,DUF4094,DUF7854,DUF7971,DUF8275,Dus,FadA,HOOK,HOOK_N,INA17_C,Lzipper-MIP1,MscS_porin,NPV_P10,Pox_A_type_inc,SpoIVA_middle,Tropomyosin	Pfam		Bestrophin-like,CH_HOOK_api,DASH_Dad4,DD3_cupredoxin,DUF4094,DUF7854,DUF7971,DUF8275,Dus,FadA,HOOK,HOOK_N,INA17_C,Lzipper-MIP1,MscS_porin,NPV_P10,Pox_A_type_inc,SpoIVA_middle,Tropomyosin	PF14023.13,PF26801.1,PF08650.16,PF28666.1,PF13334.12,PF25252.2,PF25926.2,PF26916.1,PF01207.24,PF09403.16,PF05622.18,PF19047.6,PF28274.1,PF14389.12,PF12795.13,PF05531.18,PF04508.18,PF20438.4,PF00261.26	0.44,0.0032,0.35,0.0011,0.019,0.8,0.25,1.3,4.9,0.037,2.7e-05,2.8e-15,0.65,1.5,0.028,0.032,0.26,0.016,2.5
AC1KRY_002623	AOBS17_30	1	1	0	0	0	0	0	0	0							
AC1KRY_002626	AOBS17_30	1	1	1	1	1	0	0	0	1							
AC1KRY_002631	AOBS17_30	1	1	0	0	0	0	0	0	0		Mrx15,TMEM70	Pfam		Mrx15,TMEM70	PF26669.1,PF06979.19	0.019,2.4e-08
AC1KRY_002634	AOBS17_30	1	1	0	0	1	0	0	0	1							
AC1KRY_002639	AOBS17_30	1	1	0	0	0	0	0	0	0							
AC1KRY_002640	AOBS17_30	1	1	0	0	0	0	0	0	0		Alsin_RLD,DNA_gyraseA_C,DUF903,RCC1,RCC1_2,WD40_RLD	Pfam		Alsin_RLD,DNA_gyraseA_C,DUF903,RCC1,RCC1_2,WD40_RLD	PF25384.2,PF03989.19,PF06004.19,PF00415.25,PF13540.13,PF25390.2	0.012,0.018,0.0071,6.1e-19,2.2e-17,3.6e-37
AC1KRY_002643	AOBS17_30	1	1	1	1	1	0	0	0	1							
AC1KRY_002644	AOBS17_30	1	1	0	0	0	0	0	0	0		Beta-prop_Aladin,Beta-prop_EML_2,Beta-prop_IFT122_1st,Beta-prop_THOC3,CDV3,eIF2A,eIF2A_C,Tricorn_2nd,WD40,WD40_WDHD1_1st	Pfam		Beta-prop_Aladin,Beta-prop_EML_2,Beta-prop_IFT122_1st,Beta-prop_THOC3,CDV3,eIF2A,eIF2A_C,Tricorn_2nd,WD40,WD40_WDHD1_1st	PF25460.2,PF23414.2,PF23381.2,PF25174.2,PF15359.12,PF08662.18,PF31025.1,PF26550.2,PF00400.39,PF24817.2	0.00048,5.1e-06,9.3e-07,3.4e-07,0.021,3.6e-81,1.6e-23,6.9e-05,1.2e-06,0.00093
AC1KRY_002645	AOBS17_30	1	1	1	0	0	0	0	0	1							
AC1KRY_002647	AOBS17_30	1	1	0	0	0	0	0	0	0		DUF7115,JAB,Prok-JAB,USP8_dimer	Pfam		DUF7115,JAB,Prok-JAB,USP8_dimer	PF23428.3,PF01398.27,PF14464.12,PF08969.17	0.00063,1.6e-18,1.6e-05,1.4e-09
AC1KRY_002651	AOBS17_30	1	1	0	0	0	0	0	0	1							
AC1KRY_002660	AOBS17_30	1	1	0	0	0	0	0	0	0		DNA_alkylation,PPR_2,TPR_14,TPR_19	Pfam		DNA_alkylation,PPR_2,TPR_14,TPR_19	PF08713.18,PF13041.13,PF13428.13,PF14559.13	0.0031,0.013,0.0011,0.00011
AC1KRY_002661	AOBS17_30	1	1	0	0	0	0	0	0	0		ECH_1,ECH_2	Pfam		ECH_1,ECH_2	PF00378.26,PF16113.11	4.2e-49,4.1e-29
AC1KRY_002667	AOBS17_30	1	1	1	1	1	0	0	0	1							
AC1KRY_002668	AOBS17_30	1	1	0	0	0	0	0	0	0		HAT_PRP39_C,HAT_PRP39_N,HAT_Syf1_CNRKL1_C,HAT_Syf1_CNRKL1_N,NRDE-2,PRP6_TPR,Suf,TPR_14	Pfam		HAT_PRP39_C,HAT_PRP39_N,HAT_Syf1_CNRKL1_C,HAT_Syf1_CNRKL1_N,NRDE-2,PRP6_TPR,Suf,TPR_14	PF23241.2,PF23240.2,PF23231.2,PF23233.2,PF08424.16,PF29376.1,PF05843.21,PF13428.13	2.2e-11,1.1e-32,0.00018,6.4e-11,0.013,5.6e-12,7.4e-186,1.2e-10
AC1KRY_002674	AOBS17_30	1	1	0	0	0	0	0	0	0		DUF459,Lipase_GDSL,Lipase_GDSL_2	Pfam		DUF459,Lipase_GDSL,Lipase_GDSL_2	PF04311.21,PF00657.29,PF13472.13	0.0065,2.3e-18,2.1e-29
AC1KRY_002676	AOBS17_30	1	1	0	0	0	0	0	0	0		NUDIX	Pfam		NUDIX	PF00293.35	4.7e-14
AC1KRY_002681	AOBS17_30	1	1	0	0	0	0	0	0	0		MFS_1,MFS_2,OppC_N,Sugar_tr	Pfam		MFS_1,MFS_2,OppC_N,Sugar_tr	PF07690.22,PF13347.13,PF12911.13,PF00083.31	1.1e-17,4.8e-05,0.028,1.6e-76
AC1KRY_002686	AOBS17_30	1	1	0	0	0	0	0	0	0		RWD,SH3_ISE2,UQ_con	Pfam		RWD,SH3_ISE2,UQ_con	PF05773.28,PF25446.2,PF00179.32	0.0059,0.018,1.4e-48
AC1KRY_002690	AOBS17_30	1	1	0	0	0	0	0	0	0		DUF3984	Pfam		DUF3984	PF13136.12	1.7e-14
AC1KRY_002703	AOBS17_30	1	1	0	0	0	0	0	0	0		CFEM,PGA28-like_dom,US29	Pfam		CFEM,PGA28-like_dom,US29	PF05730.17,PF29052.1,PF25728.2	1e-07,0.063,0.095
AC1KRY_002705	AOBS17_30	1	1	0	0	0	0	0	0	1							
AC1KRY_002709	AOBS17_30	1	1	1	1	1	0	0	0	1							
AC1KRY_002713	AOBS17_30	1	1	0	0	0	0	0	0	0		DNA_photolyase,FAD_binding_7	Pfam		DNA_photolyase,FAD_binding_7	PF00875.25,PF03441.20	7.8e-35,3.3e-68
AC1KRY_002715	AOBS17_30	1	1	0	0	0	0	0	0	0		IHABP4_N,MPP6	Pfam		IHABP4_N,MPP6	PF16174.11,PF10175.16	1.2,2.7e-08
AC1KRY_002716	AOBS17_30	1	1	1	0	1	0	0	0	0							
AC1KRY_002723	AOBS17_30	1	1	0	0	0	0	0	0	0		adh_short,adh_short_C2,Epimerase,KR,THF_DHG_CYH_C	Pfam		adh_short,adh_short_C2,Epimerase,KR,THF_DHG_CYH_C	PF00106.32,PF13561.13,PF01370.28,PF08659.17,PF02882.26	1.8e-32,1.5e-18,0.0031,6.2e-05,0.012
AC1KRY_002729	AOBS17_30	1	1	0	0	0	0	0	0	0		eIF3h_C,JAB	Pfam		eIF3h_C,JAB	PF19445.5,PF01398.27	1.5e-36,1.6e-21
AC1KRY_002731	AOBS17_30	1	1	0	0	0	0	0	0	0		Nop,Prp31_C	Pfam		Nop,Prp31_C	PF01798.24,PF09785.15	2.8e-67,6.6e-38
AC1KRY_002737	AOBS17_30	1	1	0	0	0	0	0	0	0		DUF7029,DUF7223	Pfam		DUF7029,DUF7223	PF22974.2,PF23865.2	2e-13,4.9e-11
AC1KRY_002738	AOBS17_30	1	1	0	0	0	0	0	0	0		DUF7029,DUF7223	Pfam		DUF7029,DUF7223	PF22974.2,PF23865.2	1.5e-15,3.9e-10
AC1KRY_002739	AOBS17_30	1	1	0	0	0	0	0	0	0							
AC1KRY_002740	AOBS17_30	1	1	0	0	0	0	0	0	0		MFS_1,Piezo_TM1-24,TRI12	Pfam		MFS_1,Piezo_TM1-24,TRI12	PF07690.22,PF24871.2,PF06609.19	2e-37,0.0055,7.5e-09
AC1KRY_002745	AOBS17_30	1	1	0	0	0	0	0	0	0		Cytochrome_CBB3,DUF4379,GEP3_N,LigD_Prim-Pol,MMR_HSR1	Pfam		Cytochrome_CBB3,DUF4379,GEP3_N,LigD_Prim-Pol,MMR_HSR1	PF13442.12,PF14311.13,PF28564.1,PF21686.4,PF01926.30	0.0064,0.006,1.2e-07,0.011,1.9e-07
AC1KRY_002749	AOBS17_30	1	1	0	0	1	0	0	0	1							
AC1KRY_002751	AOBS17_30	1	1	0	0	0	0	0	0	0							
AC1KRY_002754	AOBS17_30	1	1	0	1	0	0	0	0	0							
AC1KRY_002758	AOBS17_30	1	1	0	0	0	0	0	0	0		GlpR	Pfam		GlpR	PF28211.1	7.7
AC1KRY_002759	AOBS17_30	1	1	0	0	1	0	0	0	0							
AC1KRY_002766	AOBS17_30	1	1	0	0	0	0	0	0	0		DUF3522,NCE101,Rhomboid	Pfam		DUF3522,NCE101,Rhomboid	PF12036.15,PF11654.14,PF01694.29	0.0013,0.15,4.7e-19
AC1KRY_002775	AOBS17_30	1	1	0	0	0	0	0	0	0		Cep57_CLD_2	Pfam		Cep57_CLD_2	PF14197.12	0.00053
AC1KRY_002778	AOBS17_30	1	1	0	0	0	0	0	0	0		PG_binding_5	Pfam		PG_binding_5	PF21398.3	0.00015
AC1KRY_002780	AOBS17_30	1	1	0	0	0	0	0	0	0		bZIP_2,DpnI_C,DUF1514,Filament,HALZ,Holin_BhlA,INO80F,TSC22	Pfam		bZIP_2,DpnI_C,DUF1514,Filament,HALZ,Holin_BhlA,INO80F,TSC22	PF07716.21,PF17726.8,PF07438.18,PF00038.27,PF02183.24,PF10960.14,PF24245.2,PF01166.24	0.0031,0.19,0.037,0.00056,0.054,0.18,0.078,0.096
AC1KRY_002788	AOBS17_30	1	1	1	0	1	0	1	0	1							
AC1KRY_002791	AOBS17_30	1	1	0	0	0	0	0	0	0		AAA,AAA_16,AAA_17,AAA_18,AAA_21,AAA_22,AAA_24,AAA_25,AAA_28,AAA_29,AAA_33,AAA_5,AAA_7,AAA_lid_BCS1,ABC_tran,ATPase,ATP_bind_1,BCS1_N,DO-GTPase1,DUF5906,DUF815,MMR_HSR1,PPV_E1_C,RNA_helicase,RuvB_N	Pfam		AAA,AAA_16,AAA_17,AAA_18,AAA_21,AAA_22,AAA_24,AAA_25,AAA_28,AAA_29,AAA_33,AAA_5,AAA_7,AAA_lid_BCS1,ABC_tran,ATPase,ATP_bind_1,BCS1_N,DO-GTPase1,DUF5906,DUF815,MMR_HSR1,PPV_E1_C,RNA_helicase,RuvB_N	PF00004.36,PF13191.13,PF13207.13,PF13238.13,PF13304.13,PF13401.13,PF13479.13,PF13481.13,PF13521.13,PF13555.13,PF13671.13,PF07728.21,PF12775.14,PF25426.2,PF00005.34,PF06745.20,PF03029.24,PF08740.17,PF19975.6,PF19263.6,PF05673.20,PF01926.30,PF00519.24,PF00910.29,PF05496.19	5.5e-23,7.2e-06,0.0057,0.0092,0.00078,0.00088,0.013,0.001,0.0034,0.00019,0.0018,3.4e-05,0.00052,4.9e-17,0.0013,0.02,0.0066,1.2e-48,0.003,0.018,4.9e-05,0.019,0.0029,0.00016,0.014
AC1KRY_002793	AOBS17_30	1	1	1	0	1	0	0	0	1							
AC1KRY_002796	AOBS17_30	1	1	0	0	0	0	0	0	0		IMS,IMS_HHH	Pfam		IMS,IMS_HHH	PF00817.26,PF11798.15	1.8e-38,0.0036
AC1KRY_002810	AOBS17_30	1	1	1	1	0	0	0	0	1							
AC1KRY_002814	AOBS17_30	1	1	0	0	0	0	0	0	0		Protamine_P2	Pfam		Protamine_P2	PF00841.26	0.2
AC1KRY_002827	AOBS17_30	1	1	0	0	0	0	0	0	0		adh_short,adh_short_C2,KR	Pfam		adh_short,adh_short_C2,KR	PF00106.32,PF13561.13,PF08659.17	8.6e-20,3.8e-12,8.7e-07
AC1KRY_002833	AOBS17_30	1	1	1	1	1	0	1	0	1							
AC1KRY_002838	AOBS17_30	1	1	0	0	0	0	0	0	0		ABC1,Haspin_kinase,Pkinase,PK_Tyr_Ser-Thr,Pox_ser-thr_kin	Pfam		ABC1,Haspin_kinase,Pkinase,PK_Tyr_Ser-Thr,Pox_ser-thr_kin	PF03109.23,PF12330.15,PF00069.32,PF07714.24,PF05445.18	0.0003,0.0003,2.9e-54,1e-31,0.013
AC1KRY_002846	AOBS17_30	1	1	1	1	1	0	0	0	1							
AC1KRY_002852	AOBS17_30	1	1	0	1	1	0	0	0	0							
AC1KRY_002861	AOBS17_30	1	1	0	0	0	0	0	0	0		DUF8054_M,DUF8489,HAT_PRP39_C,HAT_PRP39_N,HAT_Syf1_CNRKL1_N,Nup35_RRM_2,RBD_DEAH11,RRM_1,RRM_10,RRM_11,RRM_occluded,RRM_PARP14_3,Suf,TPR_14	Pfam		DUF8054_M,DUF8489,HAT_PRP39_C,HAT_PRP39_N,HAT_Syf1_CNRKL1_N,Nup35_RRM_2,RBD_DEAH11,RRM_1,RRM_10,RRM_11,RRM_occluded,RRM_PARP14_3,Suf,TPR_14	PF26238.1,PF28977.1,PF23241.2,PF23240.2,PF23233.2,PF14605.13,PF24475.2,PF00076.29,PF22976.3,PF28441.1,PF16842.12,PF23085.2,PF05843.21,PF13428.13	0.0089,1.7e-05,2.1e-07,3.8e-10,5.6e-09,1.9e-05,0.00034,9.4e-50,0.00043,0.00015,3.9e-32,8.1e-12,5.3e-16,0.003
AC1KRY_002869	AOBS17_30	1	1	0	0	0	0	0	0	0		DUF7429,ITGAX-like_Ig_3,PTPRCAP	Pfam		DUF7429,ITGAX-like_Ig_3,PTPRCAP	PF24206.2,PF21520.4,PF15713.11	4.7,0.0065,1
AC1KRY_002870	AOBS17_30	1	1	0	0	0	0	0	0	0							
AC1KRY_002871	AOBS17_30	1	1	0	0	0	0	0	0	0		Arabinose_Iso_C,AvrPtoB_bdg,DUF4226,EF-G_D2,EFG_C,EFG_III,EFG_IV,GTP_EFTU,GTP_EFTU_D2,MMR_HSR1,RF3_C	Pfam		Arabinose_Iso_C,AvrPtoB_bdg,DUF4226,EF-G_D2,EFG_C,EFG_III,EFG_IV,GTP_EFTU,GTP_EFTU_D2,MMR_HSR1,RF3_C	PF11762.15,PF16847.11,PF10774.16,PF22042.3,PF00679.31,PF14492.13,PF03764.25,PF00009.34,PF03144.32,PF01926.30,PF16658.12	0.0082,0.0025,0.006,1.5e-13,2.2e-19,1.4e-19,0.00089,2.6e-62,4.7e-11,5.4e-05,4.9e-08
AC1KRY_002873	AOBS17_30	1	1	1	1	1	0	1	0	1							
AC1KRY_002875	AOBS17_30	1	1	0	0	0	0	0	0	0		AAA,AAA_11,AAA_14,AAA_16,AAA_18,AAA_2,AAA_22,AAA_25,AAA_28,AAA_33,AAA_5,AAA_lid_3,ATAD2_C,Bromodomain,IstB_IS21,Mg_chelatase,NACHT,NB-ARC,NPHP3_N,nSTAND3,nSTAND_NTPase5,Parvo_NS1,RNA_helicase,RuvB_N,Sigma54_activat,TIP49,Torsin	Pfam		AAA,AAA_11,AAA_14,AAA_16,AAA_18,AAA_2,AAA_22,AAA_25,AAA_28,AAA_33,AAA_5,AAA_lid_3,ATAD2_C,Bromodomain,IstB_IS21,Mg_chelatase,NACHT,NB-ARC,NPHP3_N,nSTAND3,nSTAND_NTPase5,Parvo_NS1,RNA_helicase,RuvB_N,Sigma54_activat,TIP49,Torsin	PF00004.36,PF13086.13,PF13173.13,PF13191.13,PF13238.13,PF07724.21,PF13401.13,PF13481.13,PF13521.13,PF13671.13,PF07728.21,PF17862.8,PF31015.1,PF00439.31,PF01695.24,PF01078.28,PF05729.19,PF00931.29,PF24883.3,PF20720.4,PF25199.2,PF01057.24,PF00910.29,PF05496.19,PF00158.33,PF06068.20,PF06309.18	1.5e-50,0.059,0.012,2e-07,0.0022,2.2e-06,3.4e-05,0.0013,0.00045,0.0023,1.2e-05,8.4e-12,2.9e-10,3.4e-05,7.9e-05,0.001,0.00097,0.00028,1.2e-06,1.9e-05,0.013,0.0022,5.6e-05,0.0011,0.0043,0.0051,0.0092
AC1KRY_002879	AOBS17_30	1	1	0	0	0	0	0	0	0		ApbA,DAO,FAD_binding_2,FAD_binding_3,FAD_oxidored,GIDA,GMC_oxred_C,GMC_oxred_N,HI0933_like,NAD_binding_8,Pyr_redox_2,Pyr_redox_3,Thi4,ThiF	Pfam		ApbA,DAO,FAD_binding_2,FAD_binding_3,FAD_oxidored,GIDA,GMC_oxred_C,GMC_oxred_N,HI0933_like,NAD_binding_8,Pyr_redox_2,Pyr_redox_3,Thi4,ThiF	PF02558.23,PF01266.31,PF00890.31,PF01494.26,PF12831.14,PF01134.29,PF05199.20,PF00732.26,PF03486.21,PF13450.13,PF07992.21,PF13738.13,PF01946.24,PF00899.28	0.0012,1.1e-08,8.3e-13,2e-05,2.7e-06,0.00019,9.4e-28,1.6e-55,2.6e-05,4.1e-07,4.7e-08,0.022,3.3e-05,0.011
AC1KRY_002880	AOBS17_30	1	1	1	1	1	0	0	0	1							
AC1KRY_002883	AOBS17_30	1	1	0	0	0	0	0	0	0		ArgoL1,ArgoL2,ArgoMid,ArgoN,PAZ,Piwi	Pfam		ArgoL1,ArgoL2,ArgoMid,ArgoN,PAZ,Piwi	PF08699.16,PF16488.11,PF16487.11,PF16486.12,PF02170.29,PF02171.24	1e-13,3.2e-13,7.1e-11,3.7e-11,4.9e-16,1.5e-79
AC1KRY_002886	AOBS17_30	1	1	0	0	0	0	0	0	0		DUF2070,DUF6057,DUF805,Herpes_LMP1,Holin_BlyA,MARVEL,OppC_N,WTF	Pfam		DUF2070,DUF6057,DUF805,Herpes_LMP1,Holin_BlyA,MARVEL,OppC_N,WTF	PF09843.15,PF19529.5,PF05656.21,PF05297.17,PF05102.17,PF01284.29,PF12911.13,PF03303.19	7.5,1.1,6.1,9.2,0.025,0.007,0.13,8.1
AC1KRY_002887	AOBS17_30	1	1	0	0	0	0	0	0	0		Transposase_1	Pfam		Transposase_1	PF01359.25	0.0011
AC1KRY_002889	AOBS17_30	1	1	0	0	0	0	0	0	0		AAA_17,AAA_33,Aminotran_1_2,HAD_PNKP,Hydrolase,Hydrolase_like,Methyltransf_23,NPHP3_N,nSTAND3,PNK3P,Rsm22	Pfam		AAA_17,AAA_33,Aminotran_1_2,HAD_PNKP,Hydrolase,Hydrolase_like,Methyltransf_23,NPHP3_N,nSTAND3,PNK3P,Rsm22	PF13207.13,PF13671.13,PF00155.28,PF25109.2,PF00702.33,PF13242.13,PF13489.13,PF24883.3,PF20720.4,PF08645.18,PF09243.17	0.011,0.0068,3.6e-27,4e-05,0.0013,0.0055,0.00069,0.0061,0.0011,3.4e-52,6.8e-40
AC1KRY_000440	AOBS17_30	1	1	1	1	1	0	0	0	1							
AC1KRY_000443	AOBS17_30	1	1	0	0	0	0	0	0	0		GATase_4,GATase_6,GATase_7,Pribosyltran	Pfam		GATase_4,GATase_6,GATase_7,Pribosyltran	PF13230.12,PF13522.13,PF13537.12,PF00156.34	1.7e-07,1.1e-14,7.2e-13,1.7e-08
AC1KRY_000448	AOBS17_30	1	1	0	0	0	0	0	0	0		Adap_comp_sub,Clat_adaptor_s,Histone_HNS_N,RPM2	Pfam		Adap_comp_sub,Clat_adaptor_s,Histone_HNS_N,RPM2	PF00928.27,PF01217.27,PF22470.2,PF08579.18	5.1e-26,4.6e-07,0.0011,0.0048
AC1KRY_000459	AOBS17_30	1	1	0	0	0	0	0	0	0		AAA_14,AAA_16,AAA_22,AAA_30,ArsA_ATPase,DUF8467,DUF87,Fer4_NifH,MeaB,MMR_HSR1,nSTAND_NTPase5,SRP-alpha_N,SRP54,SRP54_N	Pfam		AAA_14,AAA_16,AAA_22,AAA_30,ArsA_ATPase,DUF8467,DUF87,Fer4_NifH,MeaB,MMR_HSR1,nSTAND_NTPase5,SRP-alpha_N,SRP54,SRP54_N	PF13173.13,PF13191.13,PF13401.13,PF13604.13,PF02374.22,PF28812.1,PF01935.24,PF00142.25,PF03308.23,PF01926.30,PF25199.2,PF04086.21,PF00448.29,PF02881.25	0.0091,0.0013,4.2e-05,3.9e-06,0.0015,0.0042,0.31,0.012,9e-08,0.002,5.7e-06,2.4e-23,6e-53,1.6e-09
AC1KRY_000467	AOBS17_30	1	1	0	0	0	0	0	0	0		AAA_14,AAA_16,AAA_19,AAA_22,AAA_24,AAA_29,AAA_30,ATPase_2,Cas3-like_C_2,DEAD,HA2_C,Helicase_C,Microtub_bd,nSTAND3,nSTAND6,nSTAND_NTPase5,PhoH,ResIII,SLFN-g3_helicase,T2SSE,WHD_HA2	Pfam		AAA_14,AAA_16,AAA_19,AAA_22,AAA_24,AAA_29,AAA_30,ATPase_2,Cas3-like_C_2,DEAD,HA2_C,Helicase_C,Microtub_bd,nSTAND3,nSTAND6,nSTAND_NTPase5,PhoH,ResIII,SLFN-g3_helicase,T2SSE,WHD_HA2	PF13173.13,PF13191.13,PF13245.13,PF13401.13,PF13479.13,PF13555.13,PF13604.13,PF01637.25,PF22590.3,PF00270.36,PF21010.3,PF00271.38,PF16796.12,PF20720.4,PF25201.1,PF25199.2,PF02562.23,PF04851.22,PF09848.16,PF00437.27,PF04408.30	0.0081,0.00049,4.1e-05,8.1e-08,0.014,0.017,0.00052,0.0012,0.005,4.6e-11,2.4e-06,6.3e-10,0.0091,0.0012,0.005,0.0084,0.0015,0.00057,0.0012,0.0047,7.3e-05
AC1KRY_000470	AOBS17_30	1	1	1	1	0	0	0	0	1							
AC1KRY_000478	AOBS17_30	1	1	0	0	0	0	0	0	0		AAA_22,DEAD,Helicase_C,Irc3_C,ResIII,SLFN-g3_helicase,SWI2_SNF2	Pfam		AAA_22,DEAD,Helicase_C,Irc3_C,ResIII,SLFN-g3_helicase,SWI2_SNF2	PF13401.13,PF00270.36,PF00271.38,PF30411.1,PF04851.22,PF09848.16,PF18766.8	0.00081,8.5e-15,2.1e-15,1.9e-33,2.3e-27,0.00029,4.9e-07
AC1KRY_000480	AOBS17_30	1	1	1	1	1	0	0	0	1							
AC1KRY_000482	AOBS17_30	1	1	0	0	0	0	0	0	0		Rad21_Rec8,Rad21_Rec8_N,WRNPLPNID	Pfam		Rad21_Rec8,Rad21_Rec8_N,WRNPLPNID	PF04824.22,PF04825.19,PF15017.12	4.3e-07,1.9e-24,0.27
AC1KRY_000489	AOBS17_30	1	1	0	0	1	0	0	0	0							
AC1KRY_000492	AOBS17_30	1	1	0	0	1	0	0	0	0							
AC1KRY_000501	AOBS17_30	1	1	0	0	0	0	0	0	0		Abhydrolase_3,DLH	Pfam		Abhydrolase_3,DLH	PF07859.20,PF01738.25	0.0083,1.3e-25
AC1KRY_000503	AOBS17_30	1	1	1	0	0	0	0	0	0							
AC1KRY_000504	AOBS17_30	1	1	0	0	0	0	0	0	0		Citrate_synt	Pfam		Citrate_synt	PF00285.27	1.8e-91
AC1KRY_000512	AOBS17_30	1	1	0	0	0	0	0	0	0		Biotin_lipoyl,DUF6243,PS_Dcarbxylase	Pfam		Biotin_lipoyl,DUF6243,PS_Dcarbxylase	PF00364.29,PF19756.5,PF02666.21	0.0075,0.58,2.1e-57
AC1KRY_000516	AOBS17_30	1	1	0	0	1	0	0	0	0							
AC1KRY_000521	AOBS17_30	1	1	0	0	0	0	0	0	0		DUF7605,HSP70,HYOU1_C,MreB_Mbl,PRCC,XepA	Pfam		DUF7605,HSP70,HYOU1_C,MreB_Mbl,PRCC,XepA	PF24564.2,PF00012.27,PF27508.1,PF06723.20,PF10253.15,PF27453.1	1.1,4.7e-71,1.5e-14,1.2e-07,0.00052,0.008
AC1KRY_000529	AOBS17_30	1	1	0	0	0	0	0	0	0		CAMSAP_CH,CENP-H,CH,DUF4435,DUF6877,EF-hand_1,EF-hand_6,EF-hand_7,EF-hand_8,EFhand_Ca_insen,EMP24_GP25L,FBA,Fib_alpha,Spectrin	Pfam		CAMSAP_CH,CENP-H,CH,DUF4435,DUF6877,EF-hand_1,EF-hand_6,EF-hand_7,EF-hand_8,EFhand_Ca_insen,EMP24_GP25L,FBA,Fib_alpha,Spectrin	PF11971.14,PF05837.18,PF00307.37,PF14491.12,PF21793.4,PF00036.39,PF13405.13,PF13499.13,PF13833.13,PF08726.17,PF01105.30,PF04300.20,PF08702.16,PF00435.28	0.0012,0.0066,1.3e-35,0.53,0.00015,0.0023,1.3e-05,0.018,0.0017,3.7e-16,0.00021,0.037,0.00044,0.023
AC1KRY_000533	AOBS17_30	1	1	0	0	0	0	0	0	0		ERCC3_RAD25_C,HDA2-3,Helicase_C,Helicase_C_2,ResIII,SAM_2,SNF2-rel_dom,SWI2_SNF2	Pfam		ERCC3_RAD25_C,HDA2-3,Helicase_C,Helicase_C_2,ResIII,SAM_2,SNF2-rel_dom,SWI2_SNF2	PF16203.12,PF11496.15,PF00271.38,PF13307.13,PF04851.22,PF07647.25,PF00176.30,PF18766.8	1.2e-05,0.0012,2e-21,0.013,1.4e-07,9.9e-05,1.3e-42,0.001
AC1KRY_000535	AOBS17_30	1	1	1	1	1	0	0	0	1							
AC1KRY_000550	AOBS17_30	1	1	0	0	0	0	0	0	0							
AC1KRY_000555	AOBS17_30	1	1	0	0	0	0	0	0	0		ATP-grasp_LDMS,Cut12,DUF3584,IPGAL2_N,YuaM	Pfam		ATP-grasp_LDMS,Cut12,DUF3584,IPGAL2_N,YuaM	PF30763.1,PF11500.14,PF12128.15,PF28743.1,PF30159.1	0.01,0.0012,9.9,0.00066,8.2
AC1KRY_000556	AOBS17_30	1	1	0	0	0	0	0	0	1							
AC1KRY_000558	AOBS17_30	1	1	0	0	0	0	0	0	0		FAM131,UQ_con	Pfam		FAM131,UQ_con	PF15010.12,PF00179.32	0.00026,5.8e-36
AC1KRY_000559	AOBS17_30	1	1	1	1	1	0	0	0	1							
AC1KRY_000565	AOBS17_30	1	1	0	0	0	0	0	0	0		OVT1,Sds3	Pfam		OVT1,Sds3	PF24423.3,PF08598.17	0.00013,0.00026
AC1KRY_000566	AOBS17_30	1	1	0	0	0	0	0	0	0							
AC1KRY_000572	AOBS17_30	1	1	0	0	0	0	0	0	0		Acetyltransf_1,Acetyltransf_10,Acetyltransf_7,Acetyltransf_9,Peptidase_C12,UCH_C	Pfam		Acetyltransf_1,Acetyltransf_10,Acetyltransf_7,Acetyltransf_9,Peptidase_C12,UCH_C	PF00583.32,PF13673.14,PF13508.14,PF13527.14,PF01088.28,PF18031.7	2.5e-07,1.2e-06,9.6e-10,0.00021,3.3e-43,1.2e-10
AC1KRY_000577	AOBS17_30	1	1	0	0	0	0	0	0	0		G_glu_transpept	Pfam		G_glu_transpept	PF01019.28	7e-138
AC1KRY_000589	AOBS17_30	1	1	0	0	0	0	0	0	0		Cyt-b5,FA_desaturase	Pfam		Cyt-b5,FA_desaturase	PF00173.34,PF00487.31	4.3e-11,9.6e-30
AC1KRY_000591	AOBS17_30	1	1	0	0	0	0	0	0	0		PGM_PMM_I,PGM_PMM_II,PGM_PMM_III,PGM_PMM_IV	Pfam		PGM_PMM_I,PGM_PMM_II,PGM_PMM_III,PGM_PMM_IV	PF02878.23,PF02879.24,PF02880.23,PF00408.27	1.3e-32,6.8e-27,3.7e-12,4.2e-10
AC1KRY_000595	AOBS17_30	1	1	1	1	1	0	0	0	1							
AC1KRY_002893	AOBS17_30	1	1	0	0	0	0	0	0	0		DUF2975,Sulfotransfer_3,Sulfotransfer_4	Pfam		DUF2975,Sulfotransfer_3,Sulfotransfer_4	PF11188.14,PF13469.13,PF17784.8	0.043,0.0026,4.3e-50
AC1KRY_002896	AOBS17_30	1	1	0	0	0	0	0	0	0		Flagellin_D3,Lactonase	Pfam		Flagellin_D3,Lactonase	PF08884.17,PF10282.16	0.00047,1e-06
AC1KRY_002909	AOBS17_30	1	1	0	0	0	0	0	0	0		ABM,ABM-like,COR-A,MRX4_C,OKR_DC_1_C,Sterol_MT_C	Pfam		ABM,ABM-like,COR-A,MRX4_C,OKR_DC_1_C,Sterol_MT_C	PF03992.23,PF21931.3,PF16095.12,PF30015.1,PF03711.22,PF08498.16	4.2e-24,0.00016,0.016,0.0029,0.006,0.00076
AC1KRY_002912	AOBS17_30	1	1	0	0	0	0	0	0	0							
AC1KRY_002913	AOBS17_30	1	1	1	1	1	0	1	0	1							
AC1KRY_002915	AOBS17_30	1	1	0	0	0	0	0	0	0		Casc1_N,DUF5843,Herpes_DNAp_acc,MAJIN,RR_TM4-6,SR-25,TP_0598_N	Pfam		Casc1_N,DUF5843,Herpes_DNAp_acc,MAJIN,RR_TM4-6,SR-25,TP_0598_N	PF15927.11,PF19161.6,PF04929.18,PF15077.12,PF06459.18,PF10500.15,PF29788.1	6.5,0.76,3.9,0.22,0.56,0.034,2.2
AC1KRY_002918	AOBS17_30	1	1	1	1	1	0	1	0	1							
AC1KRY_002919	AOBS17_30	1	1	0	0	0	0	0	0	0		BBS2_CtH,DUF1478,DUF1494,DUF3336,Patatin,RabGAP-TBC	Pfam		BBS2_CtH,DUF1478,DUF1494,DUF3336,Patatin,RabGAP-TBC	PF23351.2,PF07349.16,PF07379.16,PF11815.14,PF01734.28,PF00566.26	0.00032,0.0055,0.0013,3.2e-39,1.7e-23,3e-06
AC1KRY_002922	AOBS17_30	1	1	1	0	1	0	0	0	1							
AC1KRY_002924	AOBS17_30	1	1	0	0	0	0	0	0	0		Apc5_N,MutS5_N,MutS_III,MutS_IV,MutS_V,nSTAND_NTPase5	Pfam		Apc5_N,MutS5_N,MutS_III,MutS_IV,MutS_V,nSTAND_NTPase5	PF21371.3,PF27035.1,PF05192.24,PF05190.24,PF00488.28,PF25199.2	0.0083,4.7e-27,1.1e-28,0.0039,4e-47,0.014
AC1KRY_002928	AOBS17_30	1	1	0	0	0	0	0	0	0		Acetyltransf_1,Acetyltransf_10,Acetyltransf_7,adh_short,adh_short_C2,ADH_zinc_N,ApbA,Epimerase,FAD_binding_3,Glyco_transf_4,KR,NAD_binding_10,NAD_binding_7,Polysacc_synt_2,THF_DHG_CYH_C,YjeF_N	Pfam		Acetyltransf_1,Acetyltransf_10,Acetyltransf_7,adh_short,adh_short_C2,ADH_zinc_N,ApbA,Epimerase,FAD_binding_3,Glyco_transf_4,KR,NAD_binding_10,NAD_binding_7,Polysacc_synt_2,THF_DHG_CYH_C,YjeF_N	PF00583.32,PF13673.14,PF13508.14,PF00106.32,PF13561.13,PF00107.33,PF02558.23,PF01370.28,PF01494.26,PF13439.13,PF08659.17,PF13460.13,PF13241.13,PF02719.22,PF02882.26,PF03853.22	5.3e-09,1.7e-07,8.6e-11,1.3e-41,3.8e-24,0.0062,0.011,1.3e-05,0.021,0.011,4.9e-14,2.6e-05,0.0014,0.0096,0.00041,0.0012
AC1KRY_002930	AOBS17_30	1	1	0	0	0	0	0	0	0		DUF1932,F420_oxidored,NAD_binding_2,Ste5_vWA-ext	Pfam		DUF1932,F420_oxidored,NAD_binding_2,Ste5_vWA-ext	PF09130.17,PF03807.24,PF03446.22,PF31262.1	2.7e-21,4e-05,6.7e-08,0.00024
AC1KRY_002931	AOBS17_30	1	1	0	0	0	0	1	0	1							
AC1KRY_002935	AOBS17_30	1	1	1	0	1	0	0	0	0							
AC1KRY_002936	AOBS17_30	1	1	0	0	0	0	0	0	0		CENP-B_dimeris,GramPos_pilinD1,PHM7_cyt,RRM_1,RRM_10,RRM_11,RRM_5,RRM_7,RRM_MUD2_C	Pfam		CENP-B_dimeris,GramPos_pilinD1,PHM7_cyt,RRM_1,RRM_10,RRM_11,RRM_5,RRM_7,RRM_MUD2_C	PF09026.15,PF16555.12,PF14703.13,PF00076.29,PF22976.3,PF28441.1,PF13893.13,PF16367.12,PF29326.1	2.1,1.5,4e-05,8.8e-65,0.00016,1.1e-11,7.4e-05,6.2e-05,0.011
AC1KRY_002939	AOBS17_30	1	1	0	0	0	0	0	0	0		CC1_STRIPAK,CTE_SPB4,CTT_SPB4,DEAD,Flavi_DEAD,Helicase_C,ResIII	Pfam		CC1_STRIPAK,CTE_SPB4,CTT_SPB4,DEAD,Flavi_DEAD,Helicase_C,ResIII	PF27557.1,PF13959.12,PF23681.2,PF00270.36,PF07652.21,PF00271.38,PF04851.22	2.2,2.3e-13,1.8e-09,8.5e-43,0.00073,1.1e-22,3.9e-08
AC1KRY_002941	AOBS17_30	1	1	0	1	1	0	0	0	1							
AC1KRY_002956	AOBS17_30	1	1	1	0	1	0	0	0	1							
AC1KRY_002970	AOBS17_30	1	1	0	0	0	0	0	0	0		DUF2457	Pfam		DUF2457	PF10446.15	0.046
AC1KRY_002971	AOBS17_30	1	1	0	0	0	0	0	0	0		LRR_1,LRR_4,LRR_6,LRR_8,LRR_9,LRR_At5g56370	Pfam		LRR_1,LRR_4,LRR_6,LRR_8,LRR_9,LRR_At5g56370	PF00560.40,PF12799.14,PF13516.13,PF13855.13,PF14580.13,PF24758.2	1.3e-06,8.9e-13,0.015,7.1e-09,7.6e-10,3.5e-05
AC1KRY_002979	AOBS17_30	1	1	0	0	0	0	0	0	0		DUF5902,DUF6915,F-box,F-box-like,F-box_4,F-box_COS111	Pfam		DUF5902,DUF6915,F-box,F-box-like,F-box_4,F-box_COS111	PF19255.5,PF21866.2,PF00646.39,PF12937.13,PF15966.11,PF29466.1	0.0095,0.0058,0.004,1.6e-06,0.00032,0.0033
AC1KRY_002982	AOBS17_30	1	1	1	1	0	0	0	0	1							
AC1KRY_002989	AOBS17_30	1	1	0	0	0	0	0	0	0		ANAPC4_WD40,APG6_N,ASA1,Beta-prop_CAF1B_HIR1,Beta-prop_DCAF12,Beta-prop_DCAF4,Beta-prop_EML,Beta-prop_EML_2,Beta-prop_IFT122_1st,Beta-prop_IFT140_1st,Beta-prop_NOL10_N,Beta-prop_Nup120_160,Beta-prop_RIG_2nd,Beta-prop_SCAP,Beta-prop_SPT8,Beta-prop_TEP1_2nd,Beta-prop_TEP1_C,Beta-prop_THOC3,Beta-prop_WDR36-Utp21_1st,Beta-prop_WDR36-Utp21_2nd,Beta-prop_WDR3_1st,Beta-prop_WDR3_2nd,Beta-prop_WDR41,Beta-prop_WDR5,Beta-prop_WDR75_1st,Beta-prop_WDR90_POC16_2nd,DSE1_N,EIF3I,NBCH_WD40,PAC11,TRM82_WD,WD40,WD40_CDC20-Fz,WD40_Gbeta,WD40_MABP1-WDR62_2nd,WD40_Prp19,WD40_RFWD3,WD40_WDHD1_1st,WDR55	Pfam		ANAPC4_WD40,APG6_N,ASA1,Beta-prop_CAF1B_HIR1,Beta-prop_DCAF12,Beta-prop_DCAF4,Beta-prop_EML,Beta-prop_EML_2,Beta-prop_IFT122_1st,Beta-prop_IFT140_1st,Beta-prop_NOL10_N,Beta-prop_Nup120_160,Beta-prop_RIG_2nd,Beta-prop_SCAP,Beta-prop_SPT8,Beta-prop_TEP1_2nd,Beta-prop_TEP1_C,Beta-prop_THOC3,Beta-prop_WDR36-Utp21_1st,Beta-prop_WDR36-Utp21_2nd,Beta-prop_WDR3_1st,Beta-prop_WDR3_2nd,Beta-prop_WDR41,Beta-prop_WDR5,Beta-prop_WDR75_1st,Beta-prop_WDR90_POC16_2nd,DSE1_N,EIF3I,NBCH_WD40,PAC11,TRM82_WD,WD40,WD40_CDC20-Fz,WD40_Gbeta,WD40_MABP1-WDR62_2nd,WD40_Prp19,WD40_RFWD3,WD40_WDHD1_1st,WDR55	PF12894.14,PF17675.7,PF29630.1,PF24105.2,PF23760.2,PF23761.2,PF23409.2,PF23414.2,PF23381.2,PF23383.2,PF23098.2,PF11715.17,PF23775.2,PF24017.3,PF23798.2,PF25047.1,PF25048.2,PF25174.2,PF25171.2,PF25168.2,PF25173.2,PF25172.2,PF25178.1,PF25175.2,PF23869.2,PF23393.3,PF29037.1,PF24805.2,PF20426.5,PF30151.1,PF30361.1,PF00400.39,PF24807.2,PF25391.2,PF24782.3,PF24814.2,PF23419.3,PF24817.2,PF24796.2	0.0022,0.043,0.00017,1.1e-06,0.0064,3.5e-05,0.0013,4.4e-08,2.8e-14,0.009,0.0002,1.9e-08,0.00093,7.6e-06,4e-05,1.2e-06,2.8e-12,4.7e-19,3e-07,5.1e-12,3.5e-20,2e-10,1.8e-05,3.5e-23,1.1e-07,0.0001,7.5e-08,1.2e-10,9.7e-06,2.9e-07,5.9e-06,2.6e-18,7.3e-11,6.6e-06,9.4e-06,9.8e-16,0.0033,3e-13,2.1e-07
AC1KRY_002993	AOBS17_30	1	1	0	0	0	0	0	0	0		bZIP_2,CCDC18_1st,Herpes_BLRF2,HR1,Kinesin,Microtub_bd,NumbF,PRKG1_interact,TBCA_PH	Pfam		bZIP_2,CCDC18_1st,Herpes_BLRF2,HR1,Kinesin,Microtub_bd,NumbF,PRKG1_interact,TBCA_PH	PF07716.21,PF30677.1,PF05812.18,PF02185.23,PF00225.30,PF16796.12,PF06311.18,PF15898.11,PF25541.1	3.9,0.36,0.0021,9.2,2e-90,2.4e-19,0.0086,0.25,3
AC1KRY_002994	AOBS17_30	1	1	1	1	1	0	0	0	1							
AC1KRY_002997	AOBS17_30	1	1	0	0	0	0	0	0	0		BEN,BibA_N,RHIP1,Transketolase_C,Transketolase_C_1,Transketolase_N,Transket_pyr	Pfam		BEN,BibA_N,RHIP1,Transketolase_C,Transketolase_C_1,Transketolase_N,Transket_pyr	PF10523.16,PF20959.3,PF27724.1,PF02780.26,PF22613.2,PF00456.27,PF02779.30	0.00057,0.0082,0.0088,9e-11,3.2e-32,4.6e-89,6.8e-40
AC1KRY_002998	AOBS17_30	1	1	0	0	0	0	0	0	0		Fungal_trans,Zn_clus	Pfam		Fungal_trans,Zn_clus	PF04082.24,PF00172.24	2.9e-14,3.4e-10
AC1KRY_003001	AOBS17_30	1	1	0	0	0	0	0	0	0		Abhydrolase_1,Abhydrolase_2,Abhydrolase_3,Abhydrolase_4,Abhydrolase_6,AXE1,BD-FAE,COesterase,DLH,FSH1,Hydrolase_4,LIP,Peptidase_S15,Peptidase_S9,PETase,Tricorn_2nd	Pfam		Abhydrolase_1,Abhydrolase_2,Abhydrolase_3,Abhydrolase_4,Abhydrolase_6,AXE1,BD-FAE,COesterase,DLH,FSH1,Hydrolase_4,LIP,Peptidase_S15,Peptidase_S9,PETase,Tricorn_2nd	PF00561.27,PF02230.23,PF07859.20,PF08386.17,PF12697.14,PF05448.19,PF20434.6,PF00135.35,PF01738.25,PF03959.20,PF12146.16,PF03583.21,PF02129.25,PF00326.28,PF12740.15,PF26550.2	9.1e-09,2.2e-05,0.0031,0.0026,0.00019,2.2e-07,3.8e-17,0.00042,4.1e-10,0.0007,4.1e-06,0.0017,7.8e-13,4.1e-44,1.5e-05,0.018
AC1KRY_003002	AOBS17_30	1	1	0	0	0	0	0	0	0		TRIP4_3rd,zf-C2HC5	Pfam		TRIP4_3rd,zf-C2HC5	PF23134.3,PF06221.19	3.8e-06,1.5e-20
AC1KRY_003004	AOBS17_30	1	1	0	0	0	0	0	0	0		AAA_15,AAA_16,AAA_21,AAA_23,AAA_29,MAD,Sec20,SMC_N	Pfam		AAA_15,AAA_16,AAA_21,AAA_23,AAA_29,MAD,Sec20,SMC_N	PF13175.13,PF13191.13,PF13304.13,PF13476.13,PF13555.13,PF05557.19,PF03908.19,PF02463.26	4.4e-06,0.028,0.0013,1.5e-14,0.00022,0.26,0.02,4.6e-21
AC1KRY_003012	AOBS17_30	1	1	0	0	0	0	0	0	0		Bromodomain,EPL1,Myc_N,PHD,PHD-1st_NSD,PHD_2,Prok-RING_1,SLX1_C,zf-HC5HC2H,zf-HC5HC2H_2,zf-RING-like	Pfam		Bromodomain,EPL1,Myc_N,PHD,PHD-1st_NSD,PHD_2,Prok-RING_1,SLX1_C,zf-HC5HC2H,zf-HC5HC2H_2,zf-RING-like	PF00439.31,PF10513.15,PF01056.24,PF00628.36,PF23011.3,PF13831.13,PF14446.13,PF21202.4,PF13771.13,PF13832.13,PF08746.18	1.4e-16,1.3e-18,5.4e-07,5.1e-09,0.00018,1.2e-15,0.0016,0.51,3.4e-23,1.1e-32,0.084
AC1KRY_003013	AOBS17_30	1	1	0	1	0	0	0	0	1							
AC1KRY_003014	AOBS17_30	1	1	0	0	0	0	1	0	0							
AC1KRY_003017	AOBS17_30	1	1	0	0	0	0	0	0	0		Bul1_C,SPT2	Pfam		Bul1_C,SPT2	PF04426.18,PF08243.17	1.8e-05,2.6e-15
AC1KRY_003020	AOBS17_30	1	1	0	0	0	0	0	0	0		ANAPC2,Cullin_AB,FBO_C,RHD_DNA_bind,TPR_ANAPC2	Pfam		ANAPC2,Cullin_AB,FBO_C,RHD_DNA_bind,TPR_ANAPC2	PF08672.18,PF26557.1,PF19270.5,PF00554.28,PF25773.2	4.3e-23,1.3e-13,1.1e-23,0.016,3.2e-40
AC1KRY_003021	AOBS17_30	1	1	0	0	0	0	0	0	0		Rcr1-2	Pfam		Rcr1-2	PF12273.14	1.2e-06
AC1KRY_003022	AOBS17_30	1	1	0	1	0	0	0	0	0							
AC1KRY_003038	AOBS17_30	1	1	0	0	0	0	0	0	0		Glyco_hydro81C,Glyco_hydro_81	Pfam		Glyco_hydro81C,Glyco_hydro_81	PF17652.8,PF03639.20	6.3e-55,8e-72
AC1KRY_003046	AOBS17_30	1	1	0	0	0	0	0	0	0		Anticodon_1,Ribosomal_TL5_C,tRNA-synt_1,tRNA-synt_1b,tRNA-synt_1c,tRNA-synt_1e,tRNA-synt_1g,tRNA-synt_1_2	Pfam		Anticodon_1,Ribosomal_TL5_C,tRNA-synt_1,tRNA-synt_1b,tRNA-synt_1c,tRNA-synt_1e,tRNA-synt_1g,tRNA-synt_1_2	PF08264.20,PF14693.12,PF00133.29,PF00579.32,PF00749.28,PF01406.26,PF09334.18,PF13603.13	6.1e-20,0.0043,6.7e-121,0.0029,0.0013,0.00011,2.3e-16,4.2e-10
AC1KRY_003049	AOBS17_30	1	1	0	0	0	0	0	0	0		AAA_14,AAA_19,AAA_22,AAA_29,ABC_tran,DEAD,HA2_C,Helicase_C,nSTAND3,nSTAND_NTPase5,OB_NTP_bind,RsgA_GTPase,T2SSE,WHD_HA2	Pfam		AAA_14,AAA_19,AAA_22,AAA_29,ABC_tran,DEAD,HA2_C,Helicase_C,nSTAND3,nSTAND_NTPase5,OB_NTP_bind,RsgA_GTPase,T2SSE,WHD_HA2	PF13173.13,PF13245.13,PF13401.13,PF13555.13,PF00005.34,PF00270.36,PF21010.3,PF00271.38,PF20720.4,PF25199.2,PF07717.23,PF03193.23,PF00437.27,PF04408.30	0.0067,0.0028,2.9e-07,0.012,3.1e-06,1.3e-08,3.5e-13,2.1e-12,0.00038,0.0087,2.2e-11,0.00068,0.0014,7.8e-12
AC1KRY_003050	AOBS17_30	1	1	0	0	0	0	0	0	0		ABC1,APH,Choline_kinase,Pkinase,Pkinase_fungal,PK_Tyr_Ser-Thr,UL97,YrbL-PhoP_reg	Pfam		ABC1,APH,Choline_kinase,Pkinase,Pkinase_fungal,PK_Tyr_Ser-Thr,UL97,YrbL-PhoP_reg	PF03109.23,PF01636.30,PF01633.27,PF00069.32,PF17667.8,PF07714.24,PF06734.20,PF10707.16	0.0023,4.3e-05,0.00091,1.5e-41,0.00085,2.9e-26,1.7e-06,0.0057
AC1KRY_003053	AOBS17_30	1	1	0	0	0	0	0	0	0		AAA_15,AAA_16,AAA_21,Dynamin_M,Dynamin_N,LIS_MGM1,MMR_HSR1,PduV-EutP	Pfam		AAA_15,AAA_16,AAA_21,Dynamin_M,Dynamin_N,LIS_MGM1,MMR_HSR1,PduV-EutP	PF13175.13,PF13191.13,PF13304.13,PF01031.26,PF00350.30,PF24550.2,PF01926.30,PF10662.16	0.011,0.0036,0.0047,1.7e-15,1.8e-46,4e-20,9.8e-06,0.0089
AC1KRY_003054	AOBS17_30	1	1	0	0	0	0	0	0	0		EF-G_D2,EFG_C,EFG_III,EFG_IV,EFL1,GTP_EFTU,GTP_EFTU_D2	Pfam		EF-G_D2,EFG_C,EFG_III,EFG_IV,EFL1,GTP_EFTU,GTP_EFTU_D2	PF22042.3,PF00679.31,PF14492.13,PF03764.25,PF25118.2,PF00009.34,PF03144.32	4.5e-05,1.8e-15,3.7e-08,0.00024,3.3e-07,9.7e-29,2e-05
AC1KRY_003056	AOBS17_30	1	1	1	1	1	0	0	0	1							
AC1KRY_003061	AOBS17_30	1	1	0	0	0	0	0	0	0		Fusion_gly	Pfam		Fusion_gly	PF00523.24	0.0031
AC1KRY_003063	AOBS17_30	1	1	0	0	0	0	0	0	0		Adaptin_N,Arm,ARMC6,ARMC9_ARM,Arm_2,Arm_4,ARM_ARMC5,ARM_PUB,Atx10homo_assoc,BAR1_C,Cnd1,DsrE,DUF8079,FDF,HEAT,HEAT_2,HEAT_EZ,HEAT_GCN1,HEAT_GCN1_C,HEAT_PBS,HSF2BP_C,IFRD,KAP,Proteasom_PSMB,SIL1_FES1_HPBP1_C,TMCO6,TOR1L1_N,TPR_CCP1_N,TPR_IPO5,TTI1,V-ATPase_H_C,V-ATPase_H_N,WRM1_C,YjeF_N,ZER1-like_2nd	Pfam		Adaptin_N,Arm,ARMC6,ARMC9_ARM,Arm_2,Arm_4,ARM_ARMC5,ARM_PUB,Atx10homo_assoc,BAR1_C,Cnd1,DsrE,DUF8079,FDF,HEAT,HEAT_2,HEAT_EZ,HEAT_GCN1,HEAT_GCN1_C,HEAT_PBS,HSF2BP_C,IFRD,KAP,Proteasom_PSMB,SIL1_FES1_HPBP1_C,TMCO6,TOR1L1_N,TPR_CCP1_N,TPR_IPO5,TTI1,V-ATPase_H_C,V-ATPase_H_N,WRM1_C,YjeF_N,ZER1-like_2nd	PF01602.27,PF00514.30,PF30701.1,PF21050.4,PF04826.20,PF23295.2,PF24768.2,PF25598.2,PF09759.16,PF29313.1,PF12717.14,PF02635.21,PF26290.1,PF09532.16,PF02985.29,PF13646.13,PF13513.13,PF23271.2,PF25786.1,PF03130.23,PF28349.2,PF05004.20,PF05804.18,PF10508.16,PF28415.2,PF30746.1,PF24714.2,PF25571.2,PF25780.2,PF21547.4,PF11698.15,PF03224.21,PF30196.1,PF03853.22,PF22964.3	4.2e-12,9.2e-68,9.7e-09,0.00016,6.4e-09,0.00012,1.6e-22,9.7e-19,0.031,0.00022,6.3e-09,0.0032,0.00013,2.6e-13,1.4e-13,7.7e-15,1.8e-13,0.0039,0.042,3.3,0.018,0.017,8.9e-11,0.0057,1.7e-08,8.1e-05,2.7e-06,0.00022,0.033,0.00027,7.2e-06,1.1e-07,4.3e-09,4.2e-34,2.8e-09
AC1KRY_003064	AOBS17_30	1	1	1	1	1	0	1	0	1							
AC1KRY_003069	AOBS17_30	1	1	0	0	0	0	0	0	0		CDI,CEP162_coil_mid,DUF7179,Fzo_mitofusin,GAS,LSU,RhoGAP,Sec10_N,Seryl_tRNA_N	Pfam		CDI,CEP162_coil_mid,DUF7179,Fzo_mitofusin,GAS,LSU,RhoGAP,Sec10_N,Seryl_tRNA_N	PF02234.25,PF27944.1,PF23804.2,PF04799.19,PF13851.12,PF24980.2,PF00620.33,PF20667.4,PF02403.28	0.02,0.95,0.002,0.23,0.083,0.012,2.7e-15,0.0024,0.018
AC1KRY_003073	AOBS17_30	1	1	0	0	0	0	0	0	0		DUF6264,DUF8060,New_glue,RWD,UQ_con	Pfam		DUF6264,DUF8060,New_glue,RWD,UQ_con	PF19779.5,PF26256.1,PF21827.2,PF05773.28,PF00179.32	0.0067,0.0016,0.0011,0.0027,2.4e-18
AC1KRY_003076	AOBS17_30	1	1	0	1	0	0	0	0	0							
AC1KRY_003080	AOBS17_30	1	1	0	0	0	0	0	0	0		Peptidase_M16,Peptidase_M16_C,Rep_fac-A_3	Pfam		Peptidase_M16,Peptidase_M16_C,Rep_fac-A_3	PF00675.26,PF05193.27,PF08661.18	1.9e-43,1.2e-29,8.3e-25
AC1KRY_003092	AOBS17_30	1	1	0	0	0	0	0	0	0		Acetyltransf_1,Acetyltransf_3,Acetyltransf_4,FR47,YfmQ	Pfam		Acetyltransf_1,Acetyltransf_3,Acetyltransf_4,FR47,YfmQ	PF00583.32,PF13302.14,PF13420.14,PF08445.17,PF10787.16	2.8e-11,1.4e-17,0.0046,0.0014,0.02
AC1KRY_003099	AOBS17_30	1	1	0	0	0	0	0	0	0		FAT,HEAT_ATR,PI3_PI4_kinase,Rnk_N,SUKH-4	Pfam		FAT,HEAT_ATR,PI3_PI4_kinase,Rnk_N,SUKH-4	PF02259.30,PF23593.2,PF00454.34,PF14760.12,PF14435.12	0.0013,0.00033,7.7e-37,0.011,0.006
AC1KRY_003105	AOBS17_30	1	1	0	0	0	0	0	0	0		CSNKA2IP,Fn3_R-PTP-O,PIR1-like_C	Pfam		CSNKA2IP,Fn3_R-PTP-O,PIR1-like_C	PF27961.1,PF26586.1,PF22799.3	1.3,0.13,0.016
AC1KRY_003106	AOBS17_30	1	1	0	0	0	0	0	0	0		ARM_TT21,ARM_TT21_C,HAT_PRP39_C,HAT_PRP39_N,HAT_Syf1_CNRKL1_C,HAT_Syf1_CNRKL1_N,HAT_Syf1_M,Mad3_BUB1_I,NRDE-2,PRP6_TPR,QIL1,SHNi-TPR,Suf,TPR_10,TPR_12,TPR_14,TPR_15,TPR_16,TPR_19,TPR_8,UTP6_C	Pfam		ARM_TT21,ARM_TT21_C,HAT_PRP39_C,HAT_PRP39_N,HAT_Syf1_CNRKL1_C,HAT_Syf1_CNRKL1_N,HAT_Syf1_M,Mad3_BUB1_I,NRDE-2,PRP6_TPR,QIL1,SHNi-TPR,Suf,TPR_10,TPR_12,TPR_14,TPR_15,TPR_16,TPR_19,TPR_8,UTP6_C	PF25058.2,PF25063.1,PF23241.2,PF23240.2,PF23231.2,PF23233.2,PF23220.2,PF08311.19,PF08424.16,PF29376.1,PF15884.11,PF10516.16,PF05843.21,PF13374.13,PF13424.13,PF13428.13,PF13429.13,PF13432.13,PF14559.13,PF13181.13,PF24892.2	6.9e-06,5.6e-05,5.6e-22,2e-30,2.7e-153,2.5e-62,2.5e-73,8.8e-08,1.1e-06,8.5e-13,0.0088,0.0046,5.3e-20,3.5e-05,0.0021,1.1e-15,1.8e-06,0.0049,0.0067,9,5.6e-07
AC1KRY_003107	AOBS17_30	1	1	0	0	0	0	0	0	0		DUF8167,IcmW,MFS_1,Sugar_tr	Pfam		DUF8167,IcmW,MFS_1,Sugar_tr	PF26501.1,PF23130.2,PF07690.22,PF00083.31	3.7,0.0035,3.3e-20,7.4e-06
AC1KRY_003109	AOBS17_30	1	1	0	0	0	0	0	0	0		RNase_PH	Pfam		RNase_PH	PF01138.28	2.2e-31
AC1KRY_003112	AOBS17_30	1	1	0	0	0	0	0	0	0		AAA,AAA_11,AAA_14,AAA_16,AAA_17,AAA_18,AAA_19,AAA_2,AAA_22,AAA_23,AAA_24,AAA_25,AAA_29,AAA_3,AAA_33,AAA_5,AAA_7,AAA_PrkA,ABC_tran,ChlI,DUF87,IstB_IS21,Lon_C,Lon_lid,LON_substr_bdg,Mg_chelatase,Mt_ATP_synt,NACHT,NB-ARC,NPHP3_N,nSTAND3,NTPase_1,Rad17,RNA_helicase,RsgA_GTPase,RuvB_N,SMC_N,TIP49,TsaE	Pfam		AAA,AAA_11,AAA_14,AAA_16,AAA_17,AAA_18,AAA_19,AAA_2,AAA_22,AAA_23,AAA_24,AAA_25,AAA_29,AAA_3,AAA_33,AAA_5,AAA_7,AAA_PrkA,ABC_tran,ChlI,DUF87,IstB_IS21,Lon_C,Lon_lid,LON_substr_bdg,Mg_chelatase,Mt_ATP_synt,NACHT,NB-ARC,NPHP3_N,nSTAND3,NTPase_1,Rad17,RNA_helicase,RsgA_GTPase,RuvB_N,SMC_N,TIP49,TsaE	PF00004.36,PF13086.13,PF13173.13,PF13191.13,PF13207.13,PF13238.13,PF13245.13,PF07724.21,PF13401.13,PF13476.13,PF13479.13,PF13481.13,PF13555.13,PF07726.18,PF13671.13,PF07728.21,PF12775.14,PF08298.18,PF00005.34,PF13541.13,PF01935.24,PF01695.24,PF05362.20,PF22667.3,PF02190.23,PF01078.28,PF15704.11,PF05729.19,PF00931.29,PF24883.3,PF20720.4,PF03266.22,PF03215.22,PF00910.29,PF03193.23,PF05496.19,PF02463.26,PF06068.20,PF02367.24	4.2e-27,0.89,0.00017,1.9e-06,0.011,0.0044,0.01,2.5e-06,3.2e-05,0.63,0.0059,0.0071,0.014,0.00018,0.0011,6.9e-11,0.01,0.023,0.00045,2.8e-11,0.97,0.0029,6e-74,4e-16,1.1e-29,0.0027,0.0037,0.0034,0.0073,0.00067,5.1e-05,0.0013,0.0039,0.00087,0.00096,1.7e-05,0.0051,0.0057,0.00091
AC1KRY_003113	AOBS17_30	1	1	0	0	0	0	0	0	0		Diphtheria_R,DUF4606,HPE1-like_N_CxxC,PAS_11,PAS_3,Zn_clus	Pfam		Diphtheria_R,DUF4606,HPE1-like_N_CxxC,PAS_11,PAS_3,Zn_clus	PF01324.25,PF15379.12,PF28098.2,PF14598.13,PF08447.19,PF00172.24	0.01,0.033,3.3,0.012,5.6e-05,0.025
AC1KRY_003115	AOBS17_30	1	1	0	0	0	0	1	0	0							
AC1KRY_003119	AOBS17_30	1	1	1	0	1	0	0	0	0							
AC1KRY_003122	AOBS17_30	1	1	0	0	0	0	0	0	0		DUF229,Phosphodiest,SGSH_C,Sulfatase,Sulfatase_C	Pfam		DUF229,Phosphodiest,SGSH_C,Sulfatase,Sulfatase_C	PF02995.23,PF01663.28,PF16347.11,PF00884.29,PF14707.12	9.3e-05,9.9e-06,1.3e-10,2.3e-61,0.0075
AC1KRY_003123	AOBS17_30	1	1	0	0	0	0	0	0	0		DUF1405,DUF5489,Sugar_tr	Pfam		DUF1405,DUF5489,Sugar_tr	PF07187.17,PF17592.7,PF00083.31	0.011,0.0045,6.5e-73
AC1KRY_003126	AOBS17_30	1	1	0	0	0	0	0	0	0		DUF4097,DUF7330	Pfam		DUF4097,DUF7330	PF13349.13,PF24016.2	1.5e-05,2.4e-08
AC1KRY_003128	AOBS17_30	1	1	0	0	0	0	0	0	0		ADIP,BEGAIN_coil,CCDC113_CCDC96_CC,CCDC39,CENP-Q,COG5_N,DivIC,DUF4094,DUF4200,Fez1,FKBP15,FUT8_N_cat,GMNC_CC,HI_1622_C,Lebercilin,LEKR1,ODF2_C,Rv0250c,SHE3,TMF_DNA_bd,ZapB_rel	Pfam		ADIP,BEGAIN_coil,CCDC113_CCDC96_CC,CCDC39,CENP-Q,COG5_N,DivIC,DUF4094,DUF4200,Fez1,FKBP15,FUT8_N_cat,GMNC_CC,HI_1622_C,Lebercilin,LEKR1,ODF2_C,Rv0250c,SHE3,TMF_DNA_bd,ZapB_rel	PF11559.14,PF27583.1,PF13870.12,PF24161.2,PF13094.12,PF10392.16,PF04977.21,PF13334.12,PF13863.12,PF06818.21,PF23649.2,PF19745.6,PF30869.1,PF27549.1,PF15619.12,PF30842.1,PF27605.1,PF29599.1,PF17078.11,PF12329.14,PF28907.1	1.9,0.0055,0.91,0.018,1.4,0.13,0.14,0.12,1.2,0.15,0.036,0.47,0.56,0.33,0.019,0.3,0.096,0.013,0.17,2.5,0.87
AC1KRY_003130	AOBS17_30	1	1	0	0	0	0	0	0	0		Sec1	Pfam		Sec1	PF00995.29	3.2e-128
AC1KRY_003132	AOBS17_30	1	1	0	0	0	0	0	0	0		TFIIS_M	Pfam		TFIIS_M	PF07500.20	3.6e-21
AC1KRY_003136	AOBS17_30	1	1	1	1	1	0	0	0	1							
AC1KRY_003137	AOBS17_30	1	1	0	0	0	0	0	0	1							
AC1KRY_003147	AOBS17_30	1	1	0	0	0	0	0	0	0		Dynamin_M,Dynamin_N,GED,GerPC	Pfam		Dynamin_M,Dynamin_N,GED,GerPC	PF01031.26,PF00350.30,PF02212.24,PF10737.15	2.3e-113,1.4e-14,1.2e-31,0.0084
AC1KRY_003148	AOBS17_30	1	1	1	1	1	0	1	0	1							
AC1KRY_003149	AOBS17_30	1	1	0	0	0	0	0	0	1							
AC1KRY_003153	AOBS17_30	1	1	1	1	0	0	0	0	1							
AC1KRY_003154	AOBS17_30	1	1	0	0	0	0	0	0	0		AMPK1_CBM,CBM53,CBM_48,DnaJ_C_2,X25_BaPul_like	Pfam		AMPK1_CBM,CBM53,CBM_48,DnaJ_C_2,X25_BaPul_like	PF16561.12,PF16760.11,PF02922.25,PF27439.2,PF22058.3	3.7e-22,0.0038,0.00031,0.0036,0.0027
AC1KRY_003157	AOBS17_30	1	1	0	0	0	0	0	0	0		AAA_24,AAA_25,AAA_31,ArsA_ATPase,CbiA,CBP_BcsQ,CNBH_CNNM2_C,cNMP_binding,Cupin_2,Fer4_NifH,nSTAND_NTPase5,ParA,PhoH,RIIa,Ropporin_N,SRP54	Pfam		AAA_24,AAA_25,AAA_31,ArsA_ATPase,CbiA,CBP_BcsQ,CNBH_CNNM2_C,cNMP_binding,Cupin_2,Fer4_NifH,nSTAND_NTPase5,ParA,PhoH,RIIa,Ropporin_N,SRP54	PF13479.13,PF13481.13,PF13614.13,PF02374.22,PF01656.30,PF06564.19,PF25562.3,PF00027.36,PF07883.18,PF00142.25,PF25199.2,PF10609.16,PF02562.23,PF02197.23,PF30489.1,PF00448.29	0.018,0.0037,3.3e-12,8.2e-112,4e-12,0.00086,0.0072,1.9e-41,0.015,2.1e-05,0.0048,8.2e-05,0.0059,6.7e-13,0.0018,0.00031
AC1KRY_003158	AOBS17_30	1	1	0	0	0	0	0	0	1							
AC1KRY_003160	AOBS17_30	1	1	1	1	0	0	0	0	0							
AC1KRY_003162	AOBS17_30	1	1	0	0	0	0	0	0	0		POC1	Pfam		POC1	PF10450.17	5.7e-05
AC1KRY_003164	AOBS17_30	1	1	0	0	0	0	0	0	0		Cpn60_TCP1	Pfam		Cpn60_TCP1	PF00118.30	1.2e-161
AC1KRY_003166	AOBS17_30	1	1	0	0	0	0	0	0	0		Arf,ATP_bind_1,EF-G_D2,FeoB_N,GTP_EFTU,GTP_EFTU_D2,GTP_EFTU_D4,IF-2,MMR_HSR1,MMR_HSR1_Xtn,PduV-EutP,Roc,RsgA_GTPase,SRPRB	Pfam		Arf,ATP_bind_1,EF-G_D2,FeoB_N,GTP_EFTU,GTP_EFTU_D2,GTP_EFTU_D4,IF-2,MMR_HSR1,MMR_HSR1_Xtn,PduV-EutP,Roc,RsgA_GTPase,SRPRB	PF00025.28,PF03029.24,PF22042.3,PF02421.25,PF00009.34,PF03144.32,PF14578.13,PF11987.14,PF01926.30,PF16897.11,PF10662.16,PF08477.20,PF03193.23,PF09439.17	7.9e-06,0.00027,1.2e-24,4.1e-08,1.6e-38,3.1e-08,6.6e-06,3.2e-32,2.7e-10,0.0038,0.00062,0.00069,0.00017,0.00024
AC1KRY_003170	AOBS17_30	1	1	1	1	1	0	0	0	0							
AC1KRY_003177	AOBS17_30	1	1	0	0	0	0	0	0	0		Ephrin	Pfam		Ephrin	PF00812.24	0.018
AC1KRY_003178	AOBS17_30	1	1	1	1	1	0	0	0	1							
AC1KRY_003179	AOBS17_30	1	1	0	0	0	0	1	0	0							
AC1KRY_003182	AOBS17_30	1	1	0	1	1	0	1	0	1							
AC1KRY_003186	AOBS17_30	1	1	0	0	0	0	0	0	0		RRM_1,RRM_5	Pfam		RRM_1,RRM_5	PF00076.29,PF13893.13	3.8e-08,0.0012
AC1KRY_003197	AOBS17_30	1	1	0	0	0	0	0	0	0		ERAP1_C,Frey,LptM_cons,MNE1,MSC6_N,PPR,PPR_1,PPR_2,PPR_3,PPR_long,RMD9_mid,Spectrin_SYNE1_2,Suf,TPR_14,TPR_24,TPR_IF140_C,TPR_RPO41_N	Pfam		ERAP1_C,Frey,LptM_cons,MNE1,MSC6_N,PPR,PPR_1,PPR_2,PPR_3,PPR_long,RMD9_mid,Spectrin_SYNE1_2,Suf,TPR_14,TPR_24,TPR_IF140_C,TPR_RPO41_N	PF11838.15,PF15878.11,PF13627.13,PF13762.13,PF29070.1,PF01535.27,PF12854.14,PF13041.13,PF13812.13,PF17177.11,PF28771.1,PF25803.2,PF05843.21,PF13428.13,PF23276.3,PF24760.2,PF26713.1	0.0072,0.0061,0.019,0.0095,1.7e-09,8.9e-20,5.7e-18,9.6e-33,2.9e-29,2.2e-15,0.0093,0.011,0.0065,0.00048,1.6e-13,0.14,5.9e-05
AC1KRY_003209	AOBS17_30	1	1	0	0	0	0	0	0	0		AAA,AAA_14,AAA_16,AAA_17,AAA_18,AAA_2,AAA_22,AAA_28,AAA_33,AAA_5,AAA_lid_3,ABC_tran,CENP-F_leu_zip,DUF7608,IPT,IstB_IS21,Mg_chelatase,NPHP3_N,nSTAND3,RNA_helicase,RuvB_N,TIP49,Zeta_toxin	Pfam		AAA,AAA_14,AAA_16,AAA_17,AAA_18,AAA_2,AAA_22,AAA_28,AAA_33,AAA_5,AAA_lid_3,ABC_tran,CENP-F_leu_zip,DUF7608,IPT,IstB_IS21,Mg_chelatase,NPHP3_N,nSTAND3,RNA_helicase,RuvB_N,TIP49,Zeta_toxin	PF00004.36,PF13173.13,PF13191.13,PF13207.13,PF13238.13,PF07724.21,PF13401.13,PF13521.13,PF13671.13,PF07728.21,PF17862.8,PF00005.34,PF10473.15,PF24581.2,PF01745.23,PF01695.24,PF01078.28,PF24883.3,PF20720.4,PF00910.29,PF05496.19,PF06068.20,PF06414.19	8e-43,4.7e-05,4.4e-05,0.00069,7.9e-05,0.0041,0.0004,0.00094,1.2e-05,4.2e-05,5.1e-10,0.0037,0.0062,4.3e-13,0.0075,0.00063,0.00097,0.014,0.00013,0.0051,1.5e-05,5.7e-05,0.0031
AC1KRY_003214	AOBS17_30	1	1	0	0	0	0	0	0	1							
AC1KRY_003217	AOBS17_30	1	1	0	0	0	0	0	0	0		Zn_ribbon_NOB1	Pfam		Zn_ribbon_NOB1	PF08772.17	0.0012
AC1KRY_003227	AOBS17_30	1	1	0	0	0	0	0	0	0		AARP2CN,RIBIOP_C,Tsr1_G-like	Pfam		AARP2CN,RIBIOP_C,Tsr1_G-like	PF08142.19,PF04950.19,PF22298.3	8.6e-20,6.9e-102,1.2e-41
AC1KRY_003229	AOBS17_30	1	1	0	0	0	0	0	0	0							
AC1KRY_003230	AOBS17_30	1	1	0	0	0	0	0	0	0		Beta-prop_RSE1_2nd,Beta-prop_WDR36-Utp21_1st,Clathrin,CNH,TPR_Vps41,VPS18_solenoid_2nd,Vps39_1,zf-Vps39_C	Pfam		Beta-prop_RSE1_2nd,Beta-prop_WDR36-Utp21_1st,Clathrin,CNH,TPR_Vps41,VPS18_solenoid_2nd,Vps39_1,zf-Vps39_C	PF23726.2,PF25171.2,PF00637.27,PF00780.29,PF23556.2,PF28737.1,PF10366.16,PF10367.16	0.0069,0.014,6.9e-08,1.3e-25,2e-07,6.8e-06,6e-33,7.4e-18
AC1KRY_003232	AOBS17_30	1	1	0	0	0	0	0	0	0		CEP162_coil_mid,DUF3573,DUF4611,DUF6779,Gon7,ZapB	Pfam		CEP162_coil_mid,DUF3573,DUF4611,DUF6779,Gon7,ZapB	PF27944.1,PF12097.15,PF15387.12,PF20570.4,PF08738.16,PF06005.19	0.0031,0.059,5.4e-06,0.006,5.4e-07,0.0053
AC1KRY_003233	AOBS17_30	1	1	1	1	1	0	0	0	1							
AC1KRY_003235	AOBS17_30	1	1	0	1	0	0	0	0	0							
AC1KRY_003251	AOBS17_30	1	1	0	0	0	0	0	0	0		Death_EDAR,DUF1955,DUF2530,MFS_1,Sugar_tr,TRI12	Pfam		Death_EDAR,DUF1955,DUF2530,MFS_1,Sugar_tr,TRI12	PF24979.1,PF09205.16,PF10745.15,PF07690.22,PF00083.31,PF06609.19	0.017,0.022,2.7,4.5e-25,2.4e-89,2.1e-07
AC1KRY_003252	AOBS17_30	1	1	1	0	1	0	1	0	1							
AC1KRY_003259	AOBS17_30	1	1	1	1	1	0	0	0	1							
AC1KRY_003279	AOBS17_30	1	1	0	0	0	0	0	0	0		ANAPC4_WD40,ASA1,Beta-prop_ACSF4,Beta-prop_Aladin,Beta-prop_CAF1B_HIR1,Beta-prop_DCAF4,Beta-prop_EML,Beta-prop_EML_2,Beta-prop_HPS5,Beta-prop_IFT122_1st,Beta-prop_IFT140_1st,Beta-prop_LRRK2,Beta-prop_NOL10_N,Beta-prop_Nup120_160,Beta-prop_RIG_2nd,Beta-prop_SCAP,Beta-prop_SPT8,Beta-prop_TEP1_2nd,Beta-prop_TEP1_C,Beta-prop_THOC3,Beta-prop_Vps41,Beta-prop_VPS8,Beta-prop_WDR19_1st,Beta-prop_WDR35_TULP_N,Beta-prop_WDR36-Utp21_1st,Beta-prop_WDR36-Utp21_2nd,Beta-prop_WDR3_1st,Beta-prop_WDR3_2nd,Beta-prop_WDR41,Beta-prop_WDR5,Beta-prop_WDR75_1st,Beta-prop_WDR90_POC16_2nd,Cep57_MT_bd,CFAP251_N,DSE1_N,EIF3I,Hira,Methyltransf_15,NBCH_WD40,PAC11,WD40,WD40_CDC20-Fz,WD40_Gbeta,WD40_MABP1-WDR62_2nd,WD40_Prp19,WD40_WDHD1_1st,WDR54,WDR55,WDR90_beta-prop_4th	Pfam		ANAPC4_WD40,ASA1,Beta-prop_ACSF4,Beta-prop_Aladin,Beta-prop_CAF1B_HIR1,Beta-prop_DCAF4,Beta-prop_EML,Beta-prop_EML_2,Beta-prop_HPS5,Beta-prop_IFT122_1st,Beta-prop_IFT140_1st,Beta-prop_LRRK2,Beta-prop_NOL10_N,Beta-prop_Nup120_160,Beta-prop_RIG_2nd,Beta-prop_SCAP,Beta-prop_SPT8,Beta-prop_TEP1_2nd,Beta-prop_TEP1_C,Beta-prop_THOC3,Beta-prop_Vps41,Beta-prop_VPS8,Beta-prop_WDR19_1st,Beta-prop_WDR35_TULP_N,Beta-prop_WDR36-Utp21_1st,Beta-prop_WDR36-Utp21_2nd,Beta-prop_WDR3_1st,Beta-prop_WDR3_2nd,Beta-prop_WDR41,Beta-prop_WDR5,Beta-prop_WDR75_1st,Beta-prop_WDR90_POC16_2nd,Cep57_MT_bd,CFAP251_N,DSE1_N,EIF3I,Hira,Methyltransf_15,NBCH_WD40,PAC11,WD40,WD40_CDC20-Fz,WD40_Gbeta,WD40_MABP1-WDR62_2nd,WD40_Prp19,WD40_WDHD1_1st,WDR54,WDR55,WDR90_beta-prop_4th	PF12894.14,PF29630.1,PF13570.14,PF25460.2,PF24105.2,PF23761.2,PF23409.2,PF23414.2,PF23756.2,PF23381.2,PF23383.2,PF23748.2,PF23098.2,PF11715.17,PF23775.2,PF24017.3,PF23798.2,PF25047.1,PF25048.2,PF25174.2,PF23411.2,PF23410.5,PF23389.2,PF24797.2,PF25171.2,PF25168.2,PF25173.2,PF25172.2,PF25178.1,PF25175.2,PF23869.2,PF23393.3,PF06657.19,PF30552.1,PF29037.1,PF24805.2,PF07569.17,PF09445.17,PF20426.5,PF30151.1,PF00400.39,PF24807.2,PF25391.2,PF24782.3,PF24814.2,PF24817.2,PF21031.3,PF24796.2,PF23342.2	1.8e-08,1.4e-06,2.1e-08,1.6e-05,4.2e-06,0.0029,1.5e-11,9.5e-16,1.6e-11,6.3e-16,8.4e-07,1.3e-06,1.2e-05,0.0031,6.5e-08,6.8e-05,3.3e-05,1.8e-08,0.0052,3.6e-19,2.4e-07,3.9e-10,0.0085,0.00014,8.2e-13,2.2e-11,4.1e-19,1.9e-15,0.0003,1.7e-17,2e-05,0.0054,0.0057,0.00016,3.7e-08,8.6e-08,0.00076,1.5e-19,7e-06,7.2e-07,1e-18,1.5e-16,2e-06,4.4e-06,4.2e-18,8.3e-14,4.2e-05,2.4e-10,0.0044
AC1KRY_003281	AOBS17_30	1	1	0	0	0	0	0	0	0		tRNA-synt_2,tRNA_anti-codon	Pfam		tRNA-synt_2,tRNA_anti-codon	PF00152.26,PF01336.32	1e-80,5.5e-10
AC1KRY_003291	AOBS17_30	1	1	0	0	0	0	0	0	0		CdpA_N,MFS_1	Pfam		CdpA_N,MFS_1	PF23600.2,PF07690.22	1.5,9.2e-14
AC1KRY_003301	AOBS17_30	1	1	0	0	0	0	0	0	0		MFS_1,PsbT,UBM	Pfam		MFS_1,PsbT,UBM	PF07690.22,PF01405.24,PF14377.12	1.5e-37,3.4,0.011
AC1KRY_003304	AOBS17_30	1	1	0	0	0	0	0	0	0		THEG4	Pfam		THEG4	PF15834.11	0.85
AC1KRY_003305	AOBS17_30	1	1	1	0	0	0	0	0	0							
AC1KRY_003308	AOBS17_30	1	1	0	0	0	0	0	0	0		But2	Pfam		But2	PF09792.15	3.4e-21
AC1KRY_003311	AOBS17_30	1	1	0	0	0	0	0	0	0		Enolase_N,MR_MLE_C,MR_MLE_N	Pfam		Enolase_N,MR_MLE_C,MR_MLE_N	PF03952.22,PF13378.13,PF02746.22	0.0038,2.4e-44,7e-33
AC1KRY_003315	AOBS17_30	1	1	0	0	0	0	0	0	0		MFS_1,Sugar_tr,YrvL	Pfam		MFS_1,Sugar_tr,YrvL	PF07690.22,PF00083.31,PF14184.12	1.2e-17,1.3e-88,0.09
AC1KRY_003319	AOBS17_30	1	1	0	0	0	0	0	0	0		MFS_1	Pfam		MFS_1	PF07690.22	2e-37
AC1KRY_003320	AOBS17_30	1	1	1	1	0	0	0	0	1							
AC1KRY_003321	AOBS17_30	1	1	0	0	0	0	0	0	0		PTR2	Pfam		PTR2	PF00854.28	3.3e-86
AC1KRY_003322	AOBS17_30	1	1	0	0	0	0	0	0	0		Abhydrolase_1,Abhydrolase_5,Abhydrolase_6,Hydrolase_4,Peptidase_S15	Pfam		Abhydrolase_1,Abhydrolase_5,Abhydrolase_6,Hydrolase_4,Peptidase_S15	PF00561.27,PF12695.14,PF12697.14,PF12146.16,PF02129.25	5.7e-17,0.012,0.00012,1.4e-07,0.00011
AC1KRY_003327	AOBS17_30	1	1	1	0	0	0	0	0	1							
AC1KRY_003331	AOBS17_30	1	1	1	0	0	0	0	0	1							
AC1KRY_003332	AOBS17_30	1	1	1	1	1	0	0	0	1							
AC1KRY_003335	AOBS17_30	1	1	0	0	0	0	0	0	0		C8orf90,FHA,RPA43_OB	Pfam		C8orf90,FHA,RPA43_OB	PF29333.1,PF00498.32,PF17875.8	0.014,2.1e-07,0.01
AC1KRY_003336	AOBS17_30	1	1	0	0	0	0	0	0	0							
AC1KRY_003346	AOBS17_30	1	1	0	0	0	0	0	0	0		ANM3_C2H2_Zf,WetA_C	Pfam		ANM3_C2H2_Zf,WetA_C	PF21137.4,PF28419.1	0.0026,1.4e-06
AC1KRY_003347	AOBS17_30	1	1	1	1	1	0	0	0	1							
AC1KRY_003349	AOBS17_30	1	1	0	0	0	0	0	0	0		BUD22,DDHD,DUF8028,Flavoprotein,GlpR,KOKOPELLI,Macoilin,MTA_R1,NAD_binding_7,PAP1,RRM_1,RRM_11,TP_0598_N	Pfam		BUD22,DDHD,DUF8028,Flavoprotein,GlpR,KOKOPELLI,Macoilin,MTA_R1,NAD_binding_7,PAP1,RRM_1,RRM_11,TP_0598_N	PF09073.16,PF02862.23,PF26071.1,PF02441.26,PF28211.1,PF28834.1,PF09726.15,PF17226.8,PF13241.13,PF08601.16,PF00076.29,PF28441.1,PF29788.1	2.8,1.7,0.068,7.5e-55,2,6.3,0.9,0.00096,0.011,0.54,5.2e-24,5.8e-08,0.22
AC1KRY_003355	AOBS17_30	1	1	1	1	1	0	0	0	1							
AC1KRY_003361	AOBS17_30	1	1	0	0	0	0	0	0	0		ABC1,APH,Kdo,Maelstrom,Pkinase,PK_Tyr_Ser-Thr,Spo16_C,WaaY	Pfam		ABC1,APH,Kdo,Maelstrom,Pkinase,PK_Tyr_Ser-Thr,Spo16_C,WaaY	PF03109.23,PF01636.30,PF06293.21,PF13017.13,PF00069.32,PF07714.24,PF21698.4,PF06176.17	0.00012,0.00043,1.6e-06,0.0016,0.0013,0.00045,0.0054,0.0023
AC1KRY_003362	AOBS17_30	1	1	1	1	1	0	0	0	1							
AC1KRY_003371	AOBS17_30	1	1	1	0	1	0	0	0	1							
AC1KRY_003375	AOBS17_30	1	1	0	0	0	0	0	0	0		AAA_22,DEAD,DEAD_2,Helicase_C_2,PhoH,ResIII	Pfam		AAA_22,DEAD,DEAD_2,Helicase_C_2,PhoH,ResIII	PF13401.13,PF00270.36,PF06733.22,PF13307.13,PF02562.23,PF04851.22	0.0066,3.8e-05,2.6e-45,4.5e-51,0.0005,0.019
AC1KRY_003376	AOBS17_30	1	1	1	1	1	0	1	0	1							
AC1KRY_003377	AOBS17_30	1	1	1	1	1	0	1	0	1							
AC1KRY_003380	AOBS17_30	1	1	1	1	0	0	1	0	1							
AC1KRY_003381	AOBS17_30	1	1	0	0	0	0	0	0	0		DUF3431	Pfam		DUF3431	PF11913.14	9.4e-85
AC1KRY_003383	AOBS17_30	1	1	0	0	0	0	0	0	0							
AC1KRY_003385	AOBS17_30	1	1	1	1	0	0	0	0	0							
AC1KRY_003391	AOBS17_30	1	1	0	0	0	0	0	0	0		MamF_MmsF,Sulfotransfer_4	Pfam		MamF_MmsF,Sulfotransfer_4	PF09685.16,PF17784.8	0.66,8.2e-57
AC1KRY_003397	AOBS17_30	1	1	0	0	1	0	0	0	0							
AC1KRY_003398	AOBS17_30	1	1	0	0	1	0	0	0	1							
AC1KRY_003400	AOBS17_30	1	1	0	0	0	0	0	0	0		PhyH	Pfam		PhyH	PF05721.20	3e-09
AC1KRY_003401	AOBS17_30	1	1	1	0	0	0	0	0	0							
AC1KRY_003402	AOBS17_30	1	1	0	0	1	0	0	0	0							
AC1KRY_003404	AOBS17_30	1	1	0	0	0	0	0	0	0		Glyco_hydro_99	Pfam		Glyco_hydro_99	PF16317.12	1.8e-05
AC1KRY_003405	AOBS17_30	1	1	0	0	0	0	0	0	0		Acetyltransf_1,Acetyltransf_10,Acetyltransf_7,Acetyltransf_9	Pfam		Acetyltransf_1,Acetyltransf_10,Acetyltransf_7,Acetyltransf_9	PF00583.32,PF13673.14,PF13508.14,PF13527.14	9.5e-07,3.7e-05,6.8e-06,5e-05
AC1KRY_003406	AOBS17_30	1	1	0	0	0	0	0	0	0		Glyco_hydro_106,PGI,Sugar_tr	Pfam		Glyco_hydro_106,PGI,Sugar_tr	PF17132.10,PF00342.25,PF00083.31	4.2e-09,0.0075,3.4e-34
AC1KRY_000598	AOBS17_30	1	1	1	1	1	0	1	0	1							
AC1KRY_000612	AOBS17_30	1	1	0	0	0	0	0	0	0		AAA,AAA_3,AAA_30,AAA_5,MCM,MCM5_C,MCM9_N,MCM_lid,MCM_N,MCM_OB,Mg_chelatase,Sigma54_activat	Pfam		AAA,AAA_3,AAA_30,AAA_5,MCM,MCM5_C,MCM9_N,MCM_lid,MCM_N,MCM_OB,Mg_chelatase,Sigma54_activat	PF00004.36,PF07726.18,PF13604.13,PF07728.21,PF00493.30,PF21933.3,PF26066.1,PF17855.8,PF14551.12,PF17207.10,PF01078.28,PF00158.33	0.00053,0.00016,0.0072,4.5e-07,8.2e-106,1.4e-09,6.6e-05,1.4e-30,1.2e-17,1.2e-35,2.8e-07,0.0077
AC1KRY_000619	AOBS17_30	1	1	0	0	0	0	0	0	0		Mrp13,STAG_C,YDR381CA	Pfam		Mrp13,STAG_C,YDR381CA	PF28374.1,PF31007.1,PF29175.1	1.3e-05,0.0066,0.012
AC1KRY_000620	AOBS17_30	1	1	1	1	0	0	1	0	1							
AC1KRY_000623	AOBS17_30	1	1	0	0	0	0	0	0	0		ANC1_spectrin,DUF8776,GLUCM-like_C,Iec3-like_M,Nas2_N,Nup54,VAB2	Pfam		ANC1_spectrin,DUF8776,GLUCM-like_C,Iec3-like_M,Nas2_N,Nup54,VAB2	PF24531.2,PF31035.1,PF14336.12,PF24244.2,PF18265.7,PF13874.12,PF29876.1	0.026,0.067,0.015,0.031,0.0082,0.21,0.00042
AC1KRY_000631	AOBS17_30	1	1	0	0	0	0	0	0	0		IF4E	Pfam		IF4E	PF01652.25	1.2e-56
AC1KRY_000634	AOBS17_30	1	1	0	0	0	0	0	0	0		DUF6919,MTHFR,MTHFR_C	Pfam		DUF6919,MTHFR,MTHFR_C	PF21897.2,PF02219.24,PF21895.2	1.4e-06,2.1e-106,1e-44
AC1KRY_000636	AOBS17_30	1	1	0	0	0	0	0	0	0		Glyco_hydro_125	Pfam		Glyco_hydro_125	PF06824.18	1.2e-165
AC1KRY_000640	AOBS17_30	1	1	0	0	0	0	0	0	0		ANAPC4_WD40,BBS2_Mid,Beta-prop_EML,Beta-prop_IFT122_1st,Beta-prop_IP5PC_F,Beta-prop_LRRK2,Beta-prop_THOC3,Beta-prop_WDR36-Utp21_1st,Beta-prop_WDR3_1st,Beta-prop_WDR3_2nd,Beta-prop_WDR5,Beta-prop_WDR90_POC16_2nd,Exo_endo_phos2,Glyco_transf_20,LIFR_D4,Pep3_Vps18,WD40,WD40_CDC20-Fz,WD40_Prp19,WD40_WDHD1_1st,WDR55,WDR90_beta-prop_4th	Pfam		ANAPC4_WD40,BBS2_Mid,Beta-prop_EML,Beta-prop_IFT122_1st,Beta-prop_IP5PC_F,Beta-prop_LRRK2,Beta-prop_THOC3,Beta-prop_WDR36-Utp21_1st,Beta-prop_WDR3_1st,Beta-prop_WDR3_2nd,Beta-prop_WDR5,Beta-prop_WDR90_POC16_2nd,Exo_endo_phos2,Glyco_transf_20,LIFR_D4,Pep3_Vps18,WD40,WD40_CDC20-Fz,WD40_Prp19,WD40_WDHD1_1st,WDR55,WDR90_beta-prop_4th	PF12894.14,PF14783.13,PF23409.2,PF23381.2,PF23754.2,PF23748.2,PF25174.2,PF25171.2,PF25173.2,PF25172.2,PF25175.2,PF23393.3,PF22669.3,PF00982.28,PF25552.2,PF05131.21,PF00400.39,PF24807.2,PF24814.2,PF24817.2,PF24796.2,PF23342.2	0.00041,6.1e-05,0.0006,8.3e-06,6.4e-07,0.0025,3.3e-05,1.5e-09,2.1e-05,7.8e-09,0.002,4.3e-07,9.2e-08,0.012,0.0096,0.00077,0.04,2.4e-15,6e-05,3.1e-05,1.9e-06,1.4e-05
AC1KRY_000646	AOBS17_30	1	1	0	0	0	0	0	0	0		ANAPC4_WD40,B-prop_COPA_B_2nd,Beta-prop_Aladin,Beta-prop_CAF1B_HIR1,Beta-prop_EML_2,Beta-prop_HPS5,Beta-prop_IFT122_1st,Beta-prop_IFT140_1st,Beta-prop_NWD2_C,Beta-prop_RIG_2nd,Beta-prop_TEP1_2nd,Beta-prop_THOC3,Beta-prop_WDR36-Utp21_1st,Beta-prop_WDR36-Utp21_2nd,Beta-prop_WDR3_1st,Beta-prop_WDR3_2nd,Beta-prop_WDR5,Beta-prop_WDR75_1st,Beta-prop_WDR75_2nd,Beta-prop_WDR90_POC16_2nd,TFIIA,WD40,WD40_CDC20-Fz,WD40_Gbeta,WD40_like,WD40_WDHD1_1st,WDR90_beta-prop_4th	Pfam		ANAPC4_WD40,B-prop_COPA_B_2nd,Beta-prop_Aladin,Beta-prop_CAF1B_HIR1,Beta-prop_EML_2,Beta-prop_HPS5,Beta-prop_IFT122_1st,Beta-prop_IFT140_1st,Beta-prop_NWD2_C,Beta-prop_RIG_2nd,Beta-prop_TEP1_2nd,Beta-prop_THOC3,Beta-prop_WDR36-Utp21_1st,Beta-prop_WDR36-Utp21_2nd,Beta-prop_WDR3_1st,Beta-prop_WDR3_2nd,Beta-prop_WDR5,Beta-prop_WDR75_1st,Beta-prop_WDR75_2nd,Beta-prop_WDR90_POC16_2nd,TFIIA,WD40,WD40_CDC20-Fz,WD40_Gbeta,WD40_like,WD40_WDHD1_1st,WDR90_beta-prop_4th	PF12894.14,PF04053.21,PF25460.2,PF24105.2,PF23414.2,PF23756.2,PF23381.2,PF23383.2,PF23586.3,PF23775.2,PF25047.1,PF25174.2,PF25171.2,PF25168.2,PF25173.2,PF25172.2,PF25175.2,PF23869.2,PF23769.2,PF23393.3,PF03153.19,PF00400.39,PF24807.2,PF25391.2,PF17005.12,PF24817.2,PF23342.2	5.5e-05,0.00023,0.00084,0.00039,5.6e-09,0.00026,4.6e-09,0.00018,0.0024,0.017,1.9e-05,3e-11,0.0006,0.0013,2.1e-06,8.7e-07,3.3e-06,3.4e-16,5.7e-14,6.7e-05,1.4e-56,4.4e-11,8.3e-07,0.0098,0.0043,1.4e-07,0.0073
AC1KRY_000651	AOBS17_30	1	1	1	1	1	0	0	0	0							
AC1KRY_000656	AOBS17_30	1	1	1	0	0	0	0	0	1							
AC1KRY_000659	AOBS17_30	1	1	0	0	0	0	0	0	0		Clr2,Clr2_transil,MFS_1,UNC-93	Pfam		Clr2,Clr2_transil,MFS_1,UNC-93	PF10383.16,PF16761.11,PF07690.22,PF05978.23	2.4e-11,2e-21,1.2e-15,2.9e-13
AC1KRY_000661	AOBS17_30	1	1	0	0	0	0	0	0	0		bHLH_INO2,bHLH_INO4,DUF7411,HGTP_anticodon,HLH,tRNA-synt_2b,tRNA-synt_His	Pfam		bHLH_INO2,bHLH_INO4,DUF7411,HGTP_anticodon,HLH,tRNA-synt_2b,tRNA-synt_His	PF23179.2,PF23181.1,PF24167.2,PF03129.26,PF00010.32,PF00587.31,PF13393.12	0.0016,9.1e-09,0.0069,1.1e-08,8.7e-12,3.4e-47,0.001
AC1KRY_000664	AOBS17_30	1	1	0	0	0	0	0	0	0		DAO,FMO-like,Lys_Orn_oxgnase,NAD_binding_8,NAD_binding_9,Pyr_redox_2,Pyr_redox_3,Thi4	Pfam		DAO,FMO-like,Lys_Orn_oxgnase,NAD_binding_8,NAD_binding_9,Pyr_redox_2,Pyr_redox_3,Thi4	PF01266.31,PF00743.26,PF13434.13,PF13450.13,PF13454.13,PF07992.21,PF13738.13,PF01946.24	4.9e-05,8.9e-09,9.4e-07,2.3e-11,6.9e-05,4.7e-06,7.1e-08,0.00063
AC1KRY_000667	AOBS17_30	1	1	0	0	0	0	0	0	0		3Beta_HSD,adh_short,Epimerase,Exog_C,GDP_Man_Dehyd,NAD_binding_10,NAD_binding_4,NmrA,Polysacc_synt_2	Pfam		3Beta_HSD,adh_short,Epimerase,Exog_C,GDP_Man_Dehyd,NAD_binding_10,NAD_binding_4,NmrA,Polysacc_synt_2	PF01073.26,PF00106.32,PF01370.28,PF18026.7,PF16363.12,PF13460.13,PF07993.19,PF05368.20,PF02719.22	9.6e-14,0.0029,5.8e-19,0.0038,1.2e-12,6.2e-07,9.8e-09,1.1e-12,2e-05
AC1KRY_000673	AOBS17_30	1	1	0	0	0	0	0	0	0		FAD_binding_6,FAD_binding_9,NAD_binding_1,NAD_binding_6	Pfam		FAD_binding_6,FAD_binding_9,NAD_binding_1,NAD_binding_6	PF00970.31,PF08021.18,PF00175.27,PF08030.18	4.8e-23,0.016,2.8e-30,1.7e-08
AC1KRY_000681	AOBS17_30	1	1	0	0	0	0	0	0	0		AAA_19,AAA_22,CBU_0585_lpg0581,DEAD,Helicase_C,HHH_5,Na_Ca_ex,Sec63,WHD_SNRNP200	Pfam		AAA_19,AAA_22,CBU_0585_lpg0581,DEAD,Helicase_C,HHH_5,Na_Ca_ex,Sec63,WHD_SNRNP200	PF13245.13,PF13401.13,PF28076.1,PF00270.36,PF00271.38,PF14520.13,PF01699.30,PF02889.22,PF23445.2	0.0002,0.0025,1.2,2.2e-35,9.1e-10,0.014,4e-45,5.1e-26,8.8e-14
AC1KRY_000686	AOBS17_30	1	1	0	0	0	0	0	0	0		DnaJ,TPR_1,TPR_12,TPR_14,TPR_16,TPR_2,TPR_8,TPR_9,TPR_BSK1_C,UBA,UBA_7	Pfam		DnaJ,TPR_1,TPR_12,TPR_14,TPR_16,TPR_2,TPR_8,TPR_9,TPR_BSK1_C,UBA,UBA_7	PF00226.37,PF00515.35,PF13424.13,PF13428.13,PF13432.13,PF07719.24,PF13181.13,PF13371.13,PF25575.1,PF00627.38,PF22562.3	0.0043,2.5e-13,1.4e-05,0.00021,2e-07,1.6e-10,0.0014,0.00038,6.5e-06,8.6e-06,1.4e-05
AC1KRY_000689	AOBS17_30	1	1	0	0	0	0	0	0	0		SID	Pfam		SID	PF11778.15	7.3e-14
AC1KRY_000696	AOBS17_30	1	1	0	0	0	0	0	0	0		Hep_59	Pfam		Hep_59	PF07052.17	2.9e-07
AC1KRY_000699	AOBS17_30	1	1	1	1	1	0	0	0	1							
AC1KRY_000701	AOBS17_30	1	1	0	0	0	0	0	0	0							
AC1KRY_000702	AOBS17_30	1	1	1	0	0	0	0	0	0							
AC1KRY_000705	AOBS17_30	1	1	1	1	1	0	1	0	1							
AC1KRY_000708	AOBS17_30	1	1	1	0	1	0	0	0	1							
AC1KRY_000715	AOBS17_30	1	1	0	0	0	0	0	0	0		Mdm12,Mdm34_N,MMM1,PDZD8_N,SMP_MUG190-like,SOG2	Pfam		Mdm12,Mdm34_N,MMM1,PDZD8_N,SMP_MUG190-like,SOG2	PF26544.1,PF26545.1,PF10296.16,PF26547.1,PF25669.2,PF10428.15	2e-43,0.0042,2.3e-10,0.00021,0.00022,0.37
AC1KRY_000717	AOBS17_30	1	1	0	0	0	0	0	0	0		AlaDh_PNT_C,AlaDh_PNT_N	Pfam		AlaDh_PNT_C,AlaDh_PNT_N	PF01262.28,PF05222.22	2e-06,3.7e-28
AC1KRY_000718	AOBS17_30	1	1	0	0	0	0	0	0	0		AlaDh_PNT_C,AlaDh_PNT_N	Pfam		AlaDh_PNT_C,AlaDh_PNT_N	PF01262.28,PF05222.22	3.7e-05,4.9e-26
AC1KRY_000721	AOBS17_30	1	1	0	0	0	0	0	0	0		tRNA-synt_2,tRNA-synt_2d,tRNA_anti-codon	Pfam		tRNA-synt_2,tRNA-synt_2d,tRNA_anti-codon	PF00152.26,PF01409.26,PF01336.32	1.9e-77,7.1e-10,3.6e-08
AC1KRY_000738	AOBS17_30	1	1	0	0	0	0	0	0	0		ComFA_N,DUF7630,PyrI_C,Teflon_C,zf-C2H2,zf-C2H2_4,zf-C2H2_6,zf-C2H2_jaz,zf-C2H2_ZNF462_1st,zf-C2HC_2,zf-Di19,zf-H2C2_2,zf-met,zf-MYST,zf_DPOE_2,Zn_clus	Pfam		ComFA_N,DUF7630,PyrI_C,Teflon_C,zf-C2H2,zf-C2H2_4,zf-C2H2_6,zf-C2H2_jaz,zf-C2H2_ZNF462_1st,zf-C2HC_2,zf-Di19,zf-H2C2_2,zf-met,zf-MYST,zf_DPOE_2,Zn_clus	PF27511.2,PF24633.2,PF02748.22,PF29496.1,PF00096.33,PF13894.13,PF13912.13,PF12171.15,PF23077.2,PF13913.13,PF05605.19,PF13465.13,PF12874.14,PF17772.8,PF23250.2,PF00172.24	6.2,0.058,0.00019,3.5e-05,2.6e-09,3.9e-07,0.00015,0.00011,0.00054,6.5,0.035,0.0069,0.0043,5.7e-05,0.16,0.00016
AC1KRY_000740	AOBS17_30	1	1	0	0	1	0	0	0	0							
AC1KRY_000742	AOBS17_30	1	1	0	0	0	0	0	0	0		FAD-oxidase_C,FAD_binding_4,FMNK-like_N	Pfam		FAD-oxidase_C,FAD_binding_4,FMNK-like_N	PF02913.25,PF01565.29,PF26728.1	6.1e-63,2.4e-36,0.0099
AC1KRY_000745	AOBS17_30	1	1	1	0	0	0	0	0	0							
AC1KRY_000749	AOBS17_30	1	1	0	0	0	0	0	0	0		BOS1_GOSR2_MEM11-like_N,MFS_1,Sugar_tr	Pfam		BOS1_GOSR2_MEM11-like_N,MFS_1,Sugar_tr	PF27021.1,PF07690.22,PF00083.31	0.02,2.8e-19,2.4e-74
AC1KRY_000755	AOBS17_30	1	1	0	0	0	0	0	0	0		PhyH	Pfam		PhyH	PF05721.20	7.3e-07
AC1KRY_000756	AOBS17_30	1	1	0	0	0	0	0	0	0		MFS_1,OATP,Sugar_tr	Pfam		MFS_1,OATP,Sugar_tr	PF07690.22,PF03137.27,PF00083.31	2.6e-22,0.011,4.1e-58
AC1KRY_000758	AOBS17_30	1	1	0	0	0	0	0	0	0							
AC1KRY_003407	AOBS17_30	1	1	0	0	0	0	0	0	0		AAA_11,AAA_16,AAA_21,AIG1,BAF1_ABF1,CDC45,DO-GTPase2,Dynamin_N,FeoB_N,GN3L_Grn1,GTP_EFTU,IIGP,MeaB,MMR_HSR1,RsgA_GTPase,SRPRB,TniB	Pfam		AAA_11,AAA_16,AAA_21,AIG1,BAF1_ABF1,CDC45,DO-GTPase2,Dynamin_N,FeoB_N,GN3L_Grn1,GTP_EFTU,IIGP,MeaB,MMR_HSR1,RsgA_GTPase,SRPRB,TniB	PF13086.13,PF13191.13,PF13304.13,PF04548.23,PF04684.19,PF02724.20,PF19993.6,PF00350.30,PF02421.25,PF08701.17,PF00009.34,PF05049.20,PF03308.23,PF01926.30,PF03193.23,PF09439.17,PF05621.18	0.0025,0.00029,0.41,0.0035,0.038,2.9,0.0032,5.3e-06,7.4e-06,2.8e-27,0.00021,0.0032,0.011,4.8e-17,6.8e-06,0.0017,0.0018
AC1KRY_003414	AOBS17_30	1	1	1	0	1	0	0	0	0							
AC1KRY_003429	AOBS17_30	1	1	1	1	1	0	0	0	0							
AC1KRY_003434	AOBS17_30	1	1	0	0	0	0	0	0	0		Abhydrolase_1,Esterase,Hydrolase_4	Pfam		Abhydrolase_1,Esterase,Hydrolase_4	PF00561.27,PF00756.27,PF12146.16	9.6e-30,0.0099,0.0033
AC1KRY_003436	AOBS17_30	1	1	1	0	0	0	0	0	1							
AC1KRY_003438	AOBS17_30	1	1	0	0	0	0	0	0	0							
AC1KRY_003444	AOBS17_30	1	1	0	0	0	0	0	0	0							
AC1KRY_003448	AOBS17_30	1	1	0	0	0	0	0	0	0							
AC1KRY_003449	AOBS17_30	1	1	0	0	0	0	0	0	0		2OG-FeII_Oxy,DIOX_N,FANCI_HD1,RimB-like	Pfam		2OG-FeII_Oxy,DIOX_N,FANCI_HD1,RimB-like	PF03171.27,PF14226.13,PF14679.13,PF05618.18	1.5e-16,1.1e-17,0.012,0.0063
AC1KRY_003450	AOBS17_30	1	1	0	0	0	0	0	0	1							
AC1KRY_003451	AOBS17_30	1	1	1	0	0	0	0	0	0							
AC1KRY_003457	AOBS17_30	1	1	1	0	1	0	0	0	1							
AC1KRY_003461	AOBS17_30	1	1	1	1	1	0	0	0	1							
AC1KRY_003467	AOBS17_30	1	1	0	0	0	0	0	0	0		DUF8805,Med14,Ribosomal_S4,S4	Pfam		DUF8805,Med14,Ribosomal_S4,S4	PF31080.1,PF08638.17,PF00163.25,PF01479.31	0.0092,0.0091,4.9e-20,1.1e-13
AC1KRY_003481	AOBS17_30	1	1	0	0	0	0	0	0	0		AAA,AAA_11,AAA_16,AAA_2,AAA_22,AAA_24,AAA_28,AAA_3,AAA_33,AAA_5,AAA_6,AAA_7,ABC_tran,ATPase,BNIP3,ClpB_D2-small,DEAD,IstB_IS21,MCM,Mg_chelatase,NACHT,NPHP3_N,nSTAND3,nSTAND6,PhoH,PPV_E1_C,ResIII,RNA_helicase,RuvB_N,Sigma54_activat,T2SSE,TsaE	Pfam		AAA,AAA_11,AAA_16,AAA_2,AAA_22,AAA_24,AAA_28,AAA_3,AAA_33,AAA_5,AAA_6,AAA_7,ABC_tran,ATPase,BNIP3,ClpB_D2-small,DEAD,IstB_IS21,MCM,Mg_chelatase,NACHT,NPHP3_N,nSTAND3,nSTAND6,PhoH,PPV_E1_C,ResIII,RNA_helicase,RuvB_N,Sigma54_activat,T2SSE,TsaE	PF00004.36,PF13086.13,PF13191.13,PF07724.21,PF13401.13,PF13479.13,PF13521.13,PF07726.18,PF13671.13,PF07728.21,PF12774.14,PF12775.14,PF00005.34,PF06745.20,PF06553.18,PF10431.16,PF00270.36,PF01695.24,PF00493.30,PF01078.28,PF05729.19,PF24883.3,PF20720.4,PF25201.1,PF02562.23,PF00519.24,PF04851.22,PF00910.29,PF05496.19,PF00158.33,PF00437.27,PF02367.24	7.4e-16,0.014,0.00038,3.3e-30,1.9e-05,0.0068,0.011,0.013,0.0062,5.1e-08,0.0035,0.00063,0.0055,0.012,0.0013,2.3e-10,0.00087,0.00081,0.00021,7.3e-06,0.012,0.0013,0.011,0.018,0.0032,0.012,0.006,0.0038,0.0042,8.6e-05,0.00066,0.00026
AC1KRY_003483	AOBS17_30	1	1	0	0	0	0	0	0	0		Arm,ARM_PUB,Cnd1,HEAT,HEAT_2,HEAT_EF3_N,HEAT_EZ,HEAT_GCN1_C,IFRD,PIK3R4-like_middle,SIL1_FES1_HPBP1_C,TOR1L1_N,V-ATPase_H_C,Vac14_Fab1_bd,VID28_C	Pfam		Arm,ARM_PUB,Cnd1,HEAT,HEAT_2,HEAT_EF3_N,HEAT_EZ,HEAT_GCN1_C,IFRD,PIK3R4-like_middle,SIL1_FES1_HPBP1_C,TOR1L1_N,V-ATPase_H_C,Vac14_Fab1_bd,VID28_C	PF00514.30,PF25598.2,PF12717.14,PF02985.29,PF13646.13,PF24987.2,PF13513.13,PF25786.1,PF05004.20,PF22956.3,PF28415.2,PF24714.2,PF11698.15,PF12755.14,PF30130.1	1.5e-24,4.4e-07,5.1e-05,8.5e-16,3.2e-11,0.00097,2.2e-12,0.0014,1.9e-05,0.01,1.7e-05,7e-06,0.0011,0.00011,3.4e-15
AC1KRY_003484	AOBS17_30	1	1	0	0	0	0	0	0	0		AAA_16,AAA_19,AAA_22,ATP-synt_ab,ATP-synt_ab_N,ATP-synt_VA_C,ATPase,NACHT,NB-ARC,RNA_helicase,RnfC_N,RsgA_GTPase,T3SS_ATPase_C,TrwB_AAD_bind	Pfam		AAA_16,AAA_19,AAA_22,ATP-synt_ab,ATP-synt_ab_N,ATP-synt_VA_C,ATPase,NACHT,NB-ARC,RNA_helicase,RnfC_N,RsgA_GTPase,T3SS_ATPase_C,TrwB_AAD_bind	PF13191.13,PF13245.13,PF13401.13,PF00006.32,PF02874.30,PF22919.2,PF06745.20,PF05729.19,PF00931.29,PF00910.29,PF13375.13,PF03193.23,PF18269.7,PF10412.16	0.0024,0.0078,0.0001,1.6e-69,2.3e-22,1.5e-17,0.0029,0.0089,0.00011,0.018,0.0045,0.0068,0.0015,0.012
AC1KRY_003487	AOBS17_30	1	1	1	1	1	0	0	0	0							
AC1KRY_003488	AOBS17_30	1	1	0	0	0	0	0	0	0		GST_C,GST_C_2,GST_C_3,GST_C_7,GST_N_2,GST_N_3,Tom37	Pfam		GST_C,GST_C_2,GST_C_3,GST_C_7,GST_N_2,GST_N_3,Tom37	PF00043.31,PF13410.12,PF14497.12,PF22041.2,PF13409.13,PF13417.13,PF10568.16	4.5e-07,3e-06,0.00053,5.6e-13,2.2e-06,3.2e-07,0.0054
AC1KRY_003489	AOBS17_30	1	1	0	0	0	0	0	0	0		DUF4748,PhoD,PhoD_2	Pfam		DUF4748,PhoD,PhoD_2	PF15932.11,PF09423.16,PF19050.6	1.1e-10,7.8e-05,2.8e-60
AC1KRY_003490	AOBS17_30	1	1	0	0	0	0	0	0	0		Lambda_Kil,Transferase	Pfam		Lambda_Kil,Transferase	PF06301.19,PF02458.21	0.12,5.1e-10
AC1KRY_003491	AOBS17_30	1	1	0	0	0	0	0	0	0		Transferase	Pfam		Transferase	PF02458.21	2.5e-06
AC1KRY_003492	AOBS17_30	1	1	1	0	1	0	0	0	1							
AC1KRY_003494	AOBS17_30	1	1	1	0	0	0	0	0	1							
AC1KRY_003496	AOBS17_30	1	1	0	0	1	0	0	0	1							
AC1KRY_003497	AOBS17_30	1	1	0	0	0	0	0	0	0							
AC1KRY_003498	AOBS17_30	1	1	0	0	0	0	0	0	0		DUF1757,DUF6249	Pfam		DUF1757,DUF6249	PF08560.16,PF19762.5	1e-06,0.0028
AC1KRY_003499	AOBS17_30	1	1	0	0	0	0	0	0	0		Beta-prop_SCAP,Peptidase_M18,Peptidase_M42,YGL041W_C	Pfam		Beta-prop_SCAP,Peptidase_M18,Peptidase_M42,YGL041W_C	PF24017.3,PF02127.21,PF05343.20,PF28567.1	0.0072,2.2e-125,3.5e-05,0.0071
AC1KRY_003500	AOBS17_30	1	1	0	0	0	0	1	0	0							
AC1KRY_003505	AOBS17_30	1	1	0	1	0	0	0	0	0							
AC1KRY_003514	AOBS17_30	1	1	0	0	0	0	0	0	0		ACBP4_C,CLZ,DUF8400,Phage_TAC_13,Rhodanese,RRM_1,RRM_10,RRM_11,RRM_3,RRM_ACIN1,RRM_MUD2_C,RRM_occluded,RRM_PARP14_3,Shikimate_DH,ThiF	Pfam		ACBP4_C,CLZ,DUF8400,Phage_TAC_13,Rhodanese,RRM_1,RRM_10,RRM_11,RRM_3,RRM_ACIN1,RRM_MUD2_C,RRM_occluded,RRM_PARP14_3,Shikimate_DH,ThiF	PF24922.1,PF16526.11,PF28442.1,PF16459.13,PF00581.26,PF00076.29,PF22976.3,PF28441.1,PF08777.18,PF28976.1,PF29326.1,PF16842.12,PF23085.2,PF01488.27,PF00899.28	0.037,0.078,6.8e-06,0.01,3.2e-16,1.2e-59,3e-07,0.00023,0.00016,5e-05,0.0028,9.4e-07,0.0015,0.034,1.6e-71
AC1KRY_003517	AOBS17_30	1	1	0	0	0	0	0	0	0		COS111_C,F-box,F-box-like,LRR_2,LRR_4,LRR_At5g56370,LRR_NXF1-5,TPR_2	Pfam		COS111_C,F-box,F-box-like,LRR_2,LRR_4,LRR_At5g56370,LRR_NXF1-5,TPR_2	PF29477.1,PF00646.39,PF12937.13,PF07723.20,PF12799.14,PF24758.2,PF24048.2,PF07719.24	0.04,8.8e-08,1.3e-11,0.26,0.0021,0.00022,0.00029,0.013
AC1KRY_003518	AOBS17_30	1	1	0	0	0	0	0	0	0		Astro_1A,Fungal_trans,Zap1_zf1,zf-C2H2,zf-C2H2_4	Pfam		Astro_1A,Fungal_trans,Zap1_zf1,zf-C2H2,zf-C2H2_4	PF19415.4,PF04082.24,PF21816.4,PF00096.33,PF13894.13	0.0007,6.3e-48,0.0025,8.5e-09,0.67
AC1KRY_003521	AOBS17_30	1	1	0	0	0	0	0	0	0		DUF1798,FAM25,Ig_IgSF3,Sey1_3HB,UPF0184,Y4jQ	Pfam		DUF1798,FAM25,Ig_IgSF3,Sey1_3HB,UPF0184,Y4jQ	PF08807.16,PF15825.11,PF28276.1,PF20428.4,PF03670.18,PF27260.1	0.026,0.4,0.0033,0.005,0.013,0.011
AC1KRY_003522	AOBS17_30	1	1	0	1	0	0	0	0	0							
AC1KRY_003525	AOBS17_30	1	1	0	0	0	0	0	0	0		AA9,LPMO11_C	Pfam		AA9,LPMO11_C	PF03443.21,PF30553.1	0.00066,6.6e-07
AC1KRY_003526	AOBS17_30	1	1	1	0	0	0	1	0	1							
AC1KRY_003531	AOBS17_30	1	1	0	0	0	0	0	0	0		3Beta_HSD,CoA_binding_2,DapB_N,Epimerase,F420_oxidored,GFO_IDH_MocA,NAD_binding_10,NAD_binding_3,NmrA,Pigment_DH,REPA_OB_2,Sacchrp_dh_NADP,Semialdhyde_dh,Shikimate_DH	Pfam		3Beta_HSD,CoA_binding_2,DapB_N,Epimerase,F420_oxidored,GFO_IDH_MocA,NAD_binding_10,NAD_binding_3,NmrA,Pigment_DH,REPA_OB_2,Sacchrp_dh_NADP,Semialdhyde_dh,Shikimate_DH	PF01073.26,PF13380.13,PF01113.27,PF01370.28,PF03807.24,PF01408.29,PF13460.13,PF03447.23,PF05368.20,PF06324.17,PF16900.12,PF03435.25,PF01118.31,PF01488.27	8.4e-05,0.0071,0.0005,7.9e-08,0.00058,0.00018,1.1e-26,0.014,4.9e-26,0.54,0.0081,9.8e-11,0.0055,0.0051
AC1KRY_003534	AOBS17_30	1	1	0	0	0	0	0	0	0		AAA_15,AAA_16,AAA_21,AAA_22,AAA_23,AAA_29,ABC_tran,Aq_aa27,BRISC_FAM175B_helical,CC2D1A-B_DM14,DASH_Dam1,HSBP1,Phage_int_SAM_1,Rv0250c,SbcC_Walker_B,SMC_N,Strep_SA_rep,SymE_C	Pfam		AAA_15,AAA_16,AAA_21,AAA_22,AAA_23,AAA_29,ABC_tran,Aq_aa27,BRISC_FAM175B_helical,CC2D1A-B_DM14,DASH_Dam1,HSBP1,Phage_int_SAM_1,Rv0250c,SbcC_Walker_B,SMC_N,Strep_SA_rep,SymE_C	PF13175.13,PF13191.13,PF13304.13,PF13401.13,PF13476.13,PF13555.13,PF00005.34,PF27394.1,PF22299.2,PF21528.3,PF08653.16,PF06825.18,PF02899.24,PF29599.1,PF13558.13,PF02463.26,PF06696.17,PF30450.1	1.9e-07,0.029,7.4e-12,0.057,6.6e-37,0.00013,0.0013,0.00046,0.19,0.12,2.9,0.2,0.0041,3,3.6e-06,2.5e-17,2.4,8.9
AC1KRY_003536	AOBS17_30	1	1	0	0	0	0	0	0	1							
AC1KRY_003540	AOBS17_30	1	1	0	0	0	0	0	0	0		AA_permease,AA_permease_2,NCE101,Prion_bPrPp,Rer1,YwcE	Pfam		AA_permease,AA_permease_2,NCE101,Prion_bPrPp,Rer1,YwcE	PF00324.28,PF13520.13,PF11654.14,PF11587.14,PF03248.19,PF17368.9	1.9e-132,2e-30,0.0082,0.18,9.5,0.031
AC1KRY_003541	AOBS17_30	1	1	0	0	0	0	0	0	0		ANAPC4_WD40,ASA1,Beta-prop_ACSF4,Beta-prop_Aladin,Beta-prop_CAF1B_HIR1,Beta-prop_DCAF12,Beta-prop_DCAF4,Beta-prop_EIPR1,Beta-prop_EML,Beta-prop_EML_2,Beta-prop_HPS5,Beta-prop_IFT122_1st,Beta-prop_IFT140_1st,Beta-prop_IFT140_2nd,Beta-prop_IP5PC_F,Beta-prop_LRRK2,Beta-prop_Nup120_160,Beta-prop_RIG_1st,Beta-prop_RIG_2nd,Beta-prop_SCAP,Beta-prop_SPT8,Beta-prop_TEP1_2nd,Beta-prop_TEP1_C,Beta-prop_THOC3,Beta-prop_Vps41,Beta-prop_VPS8,Beta-prop_WDR11_2nd,Beta-prop_WDR19_1st,Beta-prop_WDR36-Utp21_1st,Beta-prop_WDR36-Utp21_2nd,Beta-prop_WDR3_1st,Beta-prop_WDR3_2nd,Beta-prop_WDR41,Beta-prop_WDR5,Beta-prop_WDR75_1st,Beta-prop_WDR90_POC16_2nd,CFAP251_N,DSE1_N,EIF3I,F-box,F-box-like,NBCH_WD40,PAC11,PQQ_2,SHKBP1_KCTD3_C,TRM82_WD,WD40,WD40_CDC20-Fz,WD40_Gbeta,WD40_like,WD40_MABP1-WDR62_1st,WD40_MABP1-WDR62_2nd,WD40_Prp19,WD40_RFWD3,WD40_WDHD1_1st,WDR55,WDR90_beta-prop_4th	Pfam		ANAPC4_WD40,ASA1,Beta-prop_ACSF4,Beta-prop_Aladin,Beta-prop_CAF1B_HIR1,Beta-prop_DCAF12,Beta-prop_DCAF4,Beta-prop_EIPR1,Beta-prop_EML,Beta-prop_EML_2,Beta-prop_HPS5,Beta-prop_IFT122_1st,Beta-prop_IFT140_1st,Beta-prop_IFT140_2nd,Beta-prop_IP5PC_F,Beta-prop_LRRK2,Beta-prop_Nup120_160,Beta-prop_RIG_1st,Beta-prop_RIG_2nd,Beta-prop_SCAP,Beta-prop_SPT8,Beta-prop_TEP1_2nd,Beta-prop_TEP1_C,Beta-prop_THOC3,Beta-prop_Vps41,Beta-prop_VPS8,Beta-prop_WDR11_2nd,Beta-prop_WDR19_1st,Beta-prop_WDR36-Utp21_1st,Beta-prop_WDR36-Utp21_2nd,Beta-prop_WDR3_1st,Beta-prop_WDR3_2nd,Beta-prop_WDR41,Beta-prop_WDR5,Beta-prop_WDR75_1st,Beta-prop_WDR90_POC16_2nd,CFAP251_N,DSE1_N,EIF3I,F-box,F-box-like,NBCH_WD40,PAC11,PQQ_2,SHKBP1_KCTD3_C,TRM82_WD,WD40,WD40_CDC20-Fz,WD40_Gbeta,WD40_like,WD40_MABP1-WDR62_1st,WD40_MABP1-WDR62_2nd,WD40_Prp19,WD40_RFWD3,WD40_WDHD1_1st,WDR55,WDR90_beta-prop_4th	PF12894.14,PF29630.1,PF13570.14,PF25460.2,PF24105.2,PF23760.2,PF23761.2,PF23609.2,PF23409.2,PF23414.2,PF23756.2,PF23381.2,PF23383.2,PF23385.2,PF23754.2,PF23748.2,PF11715.17,PF23770.2,PF23775.2,PF24017.3,PF23798.2,PF25047.1,PF25048.2,PF25174.2,PF23411.2,PF23410.5,PF23752.2,PF23389.2,PF25171.2,PF25168.2,PF25173.2,PF25172.2,PF25178.1,PF25175.2,PF23869.2,PF23393.3,PF30552.1,PF29037.1,PF24805.2,PF00646.39,PF12937.13,PF20426.5,PF30151.1,PF13360.14,PF31099.1,PF30361.1,PF00400.39,PF24807.2,PF25391.2,PF17005.12,PF24780.2,PF24782.3,PF24814.2,PF23419.3,PF24817.2,PF24796.2,PF23342.2	1.6e-12,5.2e-13,1.7e-07,1.3e-10,1.2e-17,3e-07,3.2e-07,3.7e-09,4.7e-18,9.9e-24,0.0051,2.2e-56,2.7e-06,0.0019,0.00021,2.4e-06,4.6e-06,0.0037,6.7e-07,8.3e-17,1.3e-10,2.9e-28,2.4e-29,6.2e-51,0.0097,7.8e-05,0.0011,1.9e-08,7.7e-17,1e-21,3.8e-54,5.9e-34,4.1e-13,5.5e-62,3.6e-15,7.2e-14,0.0002,1.2e-19,2e-29,6.1e-08,1.2e-11,1.6e-14,1.2e-09,6.8e-06,0.0011,8.8e-11,1.6e-53,1.4e-33,3e-25,5.6e-07,3.2e-09,1.1e-25,8.9e-40,0.0003,6.4e-35,2e-20,2.3e-08
AC1KRY_003542	AOBS17_30	1	1	0	0	0	0	0	0	0		EryCIII-like_C,Glyco_transf_N,UDPGT	Pfam		EryCIII-like_C,Glyco_transf_N,UDPGT	PF06722.19,PF26168.1,PF00201.25	0.017,5.9e-07,1.3e-18
AC1KRY_003543	AOBS17_30	1	1	0	0	0	0	0	0	0		3Beta_HSD,adh_short,adh_short_C2,Epimerase,GDP_Man_Dehyd,KR,NAD_binding_10,NAD_binding_4,NmrA,Polysacc_synt_2,Sacchrp_dh_NADP,SDR	Pfam		3Beta_HSD,adh_short,adh_short_C2,Epimerase,GDP_Man_Dehyd,KR,NAD_binding_10,NAD_binding_4,NmrA,Polysacc_synt_2,Sacchrp_dh_NADP,SDR	PF01073.26,PF00106.32,PF13561.13,PF01370.28,PF16363.12,PF08659.17,PF13460.13,PF07993.19,PF05368.20,PF02719.22,PF03435.25,PF23441.1	0.00038,3.3e-31,4.3e-16,0.00021,0.0011,7.1e-09,0.0073,0.0076,0.0048,0.0046,0.0024,4.2e-06
AC1KRY_003545	AOBS17_30	1	1	0	0	0	0	0	0	0							
AC1KRY_003547	AOBS17_30	1	1	0	0	0	0	0	0	0		Glycohydro_20b2,Glyco_hydro_20,Glyco_hydro_20b	Pfam		Glycohydro_20b2,Glyco_hydro_20,Glyco_hydro_20b	PF14845.12,PF00728.29,PF02838.21	7.3e-20,1.4e-89,2.8e-05
AC1KRY_003553	AOBS17_30	1	1	0	0	0	0	0	0	0		AAA_16,AAA_18,AAA_22,AAA_25,AAA_29,ABC_membrane,ABC_tran,APS_kinase,DASH_Dad4,DUF7988,Fib_alpha,HUTI_composite_bact,MapZ_EC1,MTABC_N,SMC_N,Snf7,TsaE,Zeta_toxin	Pfam		AAA_16,AAA_18,AAA_22,AAA_25,AAA_29,ABC_membrane,ABC_tran,APS_kinase,DASH_Dad4,DUF7988,Fib_alpha,HUTI_composite_bact,MapZ_EC1,MTABC_N,SMC_N,Snf7,TsaE,Zeta_toxin	PF13191.13,PF13238.13,PF13401.13,PF13481.13,PF13555.13,PF00664.29,PF00005.34,PF01583.27,PF08650.16,PF25950.2,PF08702.16,PF22039.2,PF18041.7,PF16185.11,PF02463.26,PF03357.27,PF02367.24,PF06414.19	0.028,0.013,0.00016,0.006,0.012,1e-37,4e-34,0.00059,0.026,0.015,2.9,0.0037,0.004,1.1e-06,2.4e-06,1.5e-38,0.023,0.00042
AC1KRY_003559	AOBS17_30	1	1	0	0	0	0	0	0	1							
AC1KRY_003562	AOBS17_30	1	1	0	0	0	0	0	0	0		CTXL_M	Pfam		CTXL_M	PF27742.1	0.014
AC1KRY_003567	AOBS17_30	1	1	0	0	0	0	0	0	0		Rum1	Pfam		Rum1	PF30839.1	2.3e-06
AC1KRY_003575	AOBS17_30	1	1	0	0	0	0	1	0	0							
AC1KRY_003581	AOBS17_30	1	1	1	1	1	0	0	0	1							
AC1KRY_003588	AOBS17_30	1	1	1	1	1	0	0	0	1							
AC1KRY_003594	AOBS17_30	1	1	0	0	0	0	0	0	0		DBINO,DEAD,DUF7236,HDA2-3,Helicase_C,ResIII,SNF2-rel_dom	Pfam		DBINO,DEAD,DUF7236,HDA2-3,Helicase_C,ResIII,SNF2-rel_dom	PF13892.12,PF00270.36,PF23883.1,PF11496.15,PF00271.38,PF04851.22,PF00176.30	6.9e-05,6.7e-06,0.00048,3.1e-10,4.4e-27,1.1e-10,7.7e-86
AC1KRY_003595	AOBS17_30	1	1	0	0	0	0	0	0	0							
AC1KRY_003596	AOBS17_30	1	1	1	1	1	0	1	0	1							
AC1KRY_003603	AOBS17_30	1	1	0	0	0	0	0	0	0		Pyr_redox_2,SKN1_KRE6_Sbg1	Pfam		Pyr_redox_2,SKN1_KRE6_Sbg1	PF07992.21,PF03935.23	5.9e-06,5.8e-158
AC1KRY_003604	AOBS17_30	1	1	0	0	0	0	0	0	0		RRP36,SKN1_KRE6_Sbg1	Pfam		RRP36,SKN1_KRE6_Sbg1	PF06102.18,PF03935.23	8e-20,1.9e-184
AC1KRY_003606	AOBS17_30	1	1	0	1	0	0	0	0	0							
AC1KRY_003608	AOBS17_30	1	1	0	0	0	0	0	0	0		Leuk-A4-hydro_C,RWD,UQ_con	Pfam		Leuk-A4-hydro_C,RWD,UQ_con	PF09127.18,PF05773.28,PF00179.32	0.017,0.0005,7.3e-53
AC1KRY_003616	AOBS17_30	1	1	1	1	0	0	0	0	0							
AC1KRY_003618	AOBS17_30	1	1	0	0	0	0	0	0	0		RasGEF,RasGEF_N	Pfam		RasGEF,RasGEF_N	PF00617.25,PF00618.26	3.4e-43,3.6e-10
AC1KRY_003623	AOBS17_30	1	1	0	0	0	0	0	0	0		MFS_1,Sugar_tr	Pfam		MFS_1,Sugar_tr	PF07690.22,PF00083.31	8e-10,5e-76
AC1KRY_003625	AOBS17_30	1	1	0	0	0	0	1	0	0							
AC1KRY_003627	AOBS17_30	1	1	0	0	1	0	0	0	1							
AC1KRY_003628	AOBS17_30	1	1	1	0	1	0	0	0	1							
AC1KRY_003629	AOBS17_30	1	1	0	0	0	0	0	0	0		PAC2	Pfam		PAC2	PF09754.16	1.1e-07
AC1KRY_003633	AOBS17_30	1	1	0	0	0	0	0	0	0		PGA28-like_dom	Pfam		PGA28-like_dom	PF29052.1	9.2
AC1KRY_003634	AOBS17_30	1	1	0	0	0	0	0	0	0		BIG1_N,DUF2654,Filament,Phage_TAC_1,UBR4_TPR	Pfam		BIG1_N,DUF2654,Filament,Phage_TAC_1,UBR4_TPR	PF27676.2,PF10849.13,PF00038.27,PF06222.18,PF30838.1	0.0078,0.0071,0.0004,0.0029,0.0031
AC1KRY_003637	AOBS17_30	1	1	0	0	0	0	0	0	0		DUF908,GIP4,zf-CCCH,zf-CCCH_2,zf-CCCH_3,zf_CCCH_4	Pfam		DUF908,GIP4,zf-CCCH,zf-CCCH_2,zf-CCCH_3,zf_CCCH_4	PF06012.18,PF27836.1,PF00642.31,PF14608.13,PF15663.12,PF18345.8	0.64,3.3,4.6e-05,0.016,1e-12,7.7e-05
AC1KRY_003642	AOBS17_30	1	1	0	0	0	0	0	0	0		DUF6016,Helicase_C,SNF2-rel_dom	Pfam		DUF6016,Helicase_C,SNF2-rel_dom	PF19480.6,PF00271.38,PF00176.30	0.0073,6.6e-12,4.3e-26
AC1KRY_003649	AOBS17_30	1	1	0	0	0	0	0	0	0		DUF3099,MFS_1,Sugar_tr	Pfam		DUF3099,MFS_1,Sugar_tr	PF11298.14,PF07690.22,PF00083.31	4.9,3.1e-15,2.4e-62
AC1KRY_003652	AOBS17_30	1	1	0	0	0	0	0	0	0		Glyco_hydro_2,Glyco_hydro_2_N2,Mannosidase_ig	Pfam		Glyco_hydro_2,Glyco_hydro_2_N2,Mannosidase_ig	PF00703.28,PF22666.3,PF17786.8	1.4e-10,1e-44,4.9e-07
AC1KRY_003657	AOBS17_30	1	1	0	1	0	0	0	0	0							
AC1KRY_003659	AOBS17_30	1	1	0	0	0	0	0	0	0		bpX5,CARDB,Fn3-like,Glyco_hydro_3,Glyco_hydro_3_C,PA14	Pfam		bpX5,CARDB,Fn3-like,Glyco_hydro_3,Glyco_hydro_3_C,PA14	PF19921.6,PF07705.18,PF14310.13,PF00933.28,PF01915.28,PF07691.18	0.012,0.018,1.3e-15,1.8e-41,1.4e-52,2.7e-10
AC1KRY_003660	AOBS17_30	1	1	0	0	0	0	0	0	0		DUF2752,Gly-zipper_C13G5-2,MFS_1,Sugar_tr,TRI12	Pfam		DUF2752,Gly-zipper_C13G5-2,MFS_1,Sugar_tr,TRI12	PF10825.14,PF31172.1,PF07690.22,PF00083.31,PF06609.19	0.0088,2.2,1.1e-45,1.8e-14,1.5e-09
AC1KRY_003663	AOBS17_30	1	1	0	0	1	0	0	0	1							
AC1KRY_003664	AOBS17_30	1	1	0	1	0	0	0	0	0							
AC1KRY_003666	AOBS17_30	1	1	0	0	0	0	0	0	0		AAA,AAA_14,AAA_16,AAA_17,AAA_18,AAA_2,AAA_22,AAA_24,AAA_25,AAA_28,AAA_33,AAA_5,AAA_lid_3,ATPase,IstB_IS21,Mg_chelatase,nSTAND3,Peptidase_M41,RuvB_N,Sigma54_activat,TIP49,TsaE,Yme1-like_N	Pfam		AAA,AAA_14,AAA_16,AAA_17,AAA_18,AAA_2,AAA_22,AAA_24,AAA_25,AAA_28,AAA_33,AAA_5,AAA_lid_3,ATPase,IstB_IS21,Mg_chelatase,nSTAND3,Peptidase_M41,RuvB_N,Sigma54_activat,TIP49,TsaE,Yme1-like_N	PF00004.36,PF13173.13,PF13191.13,PF13207.13,PF13238.13,PF07724.21,PF13401.13,PF13479.13,PF13481.13,PF13521.13,PF13671.13,PF07728.21,PF17862.8,PF06745.20,PF01695.24,PF01078.28,PF20720.4,PF01434.25,PF05496.19,PF00158.33,PF06068.20,PF02367.24,PF21232.4	8.8e-46,0.0028,8.1e-06,0.0045,0.0021,0.011,4.7e-07,0.0098,0.00012,0.00036,0.0088,9.3e-06,5.1e-11,0.014,0.0011,0.0023,0.00028,2.5e-59,4.4e-05,0.004,2.3e-06,0.012,3.1e-23
AC1KRY_003670	AOBS17_30	1	1	0	0	0	0	0	0	0		Sec1	Pfam		Sec1	PF00995.29	3.7e-107
AC1KRY_003674	AOBS17_30	1	1	0	0	0	0	0	0	0		DNMK,DUF7018	Pfam		DNMK,DUF7018	PF21448.4,PF22872.2	0.011,0.0093
AC1KRY_003675	AOBS17_30	1	1	0	0	0	0	0	0	0		PapA_C	Pfam		PapA_C	PF16911.11	0.009
AC1KRY_003676	AOBS17_30	1	1	1	0	1	0	0	0	1							
AC1KRY_003681	AOBS17_30	1	1	1	0	1	0	1	0	1							
AC1KRY_003682	AOBS17_30	1	1	0	1	0	0	0	0	0							
AC1KRY_003684	AOBS17_30	1	1	1	1	1	0	0	0	1							
AC1KRY_003687	AOBS17_30	1	1	1	1	1	0	0	0	1							
AC1KRY_003690	AOBS17_30	1	1	1	1	1	0	1	0	1							
AC1KRY_003699	AOBS17_30	1	1	1	1	1	0	0	0	1							
AC1KRY_003701	AOBS17_30	1	1	0	0	0	0	0	0	0		DZR,DZR_2,EAP30,GRAM,HTH_31,HTH_35,RadD_Zn_ribbon,SutA-RBD,Vps36-NZF-N,Vps36_ESCRT-II,zf-Sec23_Sec24,Zn_ribbon_RanBP	Pfam		DZR,DZR_2,EAP30,GRAM,HTH_31,HTH_35,RadD_Zn_ribbon,SutA-RBD,Vps36-NZF-N,Vps36_ESCRT-II,zf-Sec23_Sec24,Zn_ribbon_RanBP	PF12773.14,PF18912.7,PF04157.23,PF02893.27,PF13560.13,PF13693.13,PF29404.1,PF20661.3,PF16988.11,PF11605.15,PF04810.21,PF00641.24	0.0043,1.4,2.5e-54,0.0065,0.87,0.007,0.11,0.057,1.1e-13,1.2e-23,8.8e-07,1.6e-05
AC1KRY_003705	AOBS17_30	1	1	0	1	0	0	0	0	0							
AC1KRY_003713	AOBS17_30	1	1	0	0	0	0	1	0	0							
AC1KRY_003715	AOBS17_30	1	1	0	0	0	0	0	0	0							
AC1KRY_003719	AOBS17_30	1	1	1	1	1	0	1	0	1							
AC1KRY_003724	AOBS17_30	1	1	0	0	0	0	0	0	0		EVH1_PP4R3,Ran_BP1	Pfam		EVH1_PP4R3,Ran_BP1	PF22972.4,PF00638.25	0.0057,1.6e-20
AC1KRY_003736	AOBS17_30	1	1	0	0	0	0	1	0	0							
AC1KRY_003739	AOBS17_30	1	1	0	0	0	0	0	0	0		DUF2427,E1-E2_ATPase,HAD,HAD_2,HMA,Hydrolase,Hydrolase_3,Toxin-deaminase	Pfam		DUF2427,E1-E2_ATPase,HAD,HAD_2,HMA,Hydrolase,Hydrolase_3,Toxin-deaminase	PF10348.15,PF00122.26,PF12710.14,PF13419.13,PF00403.33,PF00702.33,PF08282.19,PF14424.13	6,9.2e-19,0.00032,8.2e-05,1.1e-19,1e-28,2.6e-05,0.1
AC1KRY_003750	AOBS17_30	1	1	0	0	0	0	0	0	0		ARCH_RTEL1,DUF4665,MRI,Myb_DNA-binding,TRF	Pfam		ARCH_RTEL1,DUF4665,MRI,Myb_DNA-binding,TRF	PF23109.2,PF15679.11,PF15325.12,PF00249.38,PF08558.17	0.016,0.001,2.6,0.003,1.5e-05
AC1KRY_003759	AOBS17_30	1	1	1	0	0	0	0	0	0							
AC1KRY_003763	AOBS17_30	1	1	0	0	0	0	0	0	0		BofA,Kinocilin,Oxidored_q6,Semialdhyde_dh,Semialdhyde_dhC	Pfam		BofA,Kinocilin,Oxidored_q6,Semialdhyde_dh,Semialdhyde_dhC	PF07441.17,PF15033.12,PF01058.30,PF01118.31,PF02774.24	0.036,0.011,0.00088,4.5e-26,5e-39
AC1KRY_003764	AOBS17_30	1	1	0	0	0	0	0	0	0		Cation_ATPase,Cation_ATPase_C,Cation_ATPase_N,CoA_binding_3,DUF8000,E1-E2_ATPase,HAD,Hex_IIIa,Hydrolase,Hydrolase_3	Pfam		Cation_ATPase,Cation_ATPase_C,Cation_ATPase_N,CoA_binding_3,DUF8000,E1-E2_ATPase,HAD,Hex_IIIa,Hydrolase,Hydrolase_3	PF13246.13,PF00689.27,PF00690.32,PF13727.13,PF26007.1,PF00122.26,PF12710.14,PF02455.22,PF00702.33,PF08282.19	5.3e-39,7.4e-22,5.2e-15,7.1,6.6,2.3e-25,0.0076,0.023,3.8e-17,9.9e-05
AC1KRY_003766	AOBS17_30	1	1	0	0	0	0	0	0	0		4HBT_2	Pfam		4HBT_2	PF13279.13	1.9e-10
AC1KRY_003767	AOBS17_30	1	1	0	0	0	0	0	0	0							
AC1KRY_003768	AOBS17_30	1	1	0	0	0	0	0	0	0		Fyv8,Protamine-3	Pfam		Fyv8,Protamine-3	PF27837.1,PF29089.1	7.1e-17,0.26
AC1KRY_003771	AOBS17_30	1	1	0	0	0	0	0	0	0		NPL	Pfam		NPL	PF17800.8	0.0017
AC1KRY_003772	AOBS17_30	1	1	0	0	0	0	0	0	0		DUF4141,Flagellin_C,HATPase_c,HisKA,PAS,PAS_3,PAS_4,PAS_8,Receiver_CRE1,Response_reg	Pfam		DUF4141,Flagellin_C,HATPase_c,HisKA,PAS,PAS_3,PAS_4,PAS_8,Receiver_CRE1,Response_reg	PF13605.12,PF00700.28,PF02518.32,PF00512.32,PF00989.32,PF08447.19,PF08448.17,PF13188.14,PF24896.2,PF00072.31	0.34,0.048,1.7e-18,7.3e-09,9.5e-06,3.2e-10,6.5e-07,1e-05,0.011,7.6e-22
AC1KRY_003780	AOBS17_30	1	1	0	0	0	0	0	0	0		ANAPC4_WD40,Beta-prop_CAF1B_HIR1,Beta-prop_EML_2,Beta-prop_IFT122_1st,Beta-prop_IFT140_1st,Beta-prop_RIG_2nd,Beta-prop_TEP1_2nd,Beta-prop_THOC3,Beta-prop_Vps41,Beta-prop_WDR36-Utp21_1st,Beta-prop_WDR36-Utp21_2nd,Beta-prop_WDR3_1st,Beta-prop_WDR3_2nd,Beta-prop_WDR5,CRT10,WD40,WD40_CDC20-Fz,WD40_Gbeta,WD40_Prp19,WD40_WDHD1_1st,WDR55	Pfam		ANAPC4_WD40,Beta-prop_CAF1B_HIR1,Beta-prop_EML_2,Beta-prop_IFT122_1st,Beta-prop_IFT140_1st,Beta-prop_RIG_2nd,Beta-prop_TEP1_2nd,Beta-prop_THOC3,Beta-prop_Vps41,Beta-prop_WDR36-Utp21_1st,Beta-prop_WDR36-Utp21_2nd,Beta-prop_WDR3_1st,Beta-prop_WDR3_2nd,Beta-prop_WDR5,CRT10,WD40,WD40_CDC20-Fz,WD40_Gbeta,WD40_Prp19,WD40_WDHD1_1st,WDR55	PF12894.14,PF24105.2,PF23414.2,PF23381.2,PF23383.2,PF23775.2,PF25047.1,PF25174.2,PF23411.2,PF25171.2,PF25168.2,PF25173.2,PF25172.2,PF25175.2,PF08728.16,PF00400.39,PF24807.2,PF25391.2,PF24814.2,PF24817.2,PF24796.2	0.0017,1.3e-05,4e-09,1.6e-07,1.4e-05,6.5e-06,0.00019,2e-08,0.00015,1.5e-05,8.7e-06,1.7e-11,0.0035,1.2e-08,1.1e-17,3.7e-08,8e-05,0.00059,2.4e-05,5.2e-12,2.3e-08
AC1KRY_003788	AOBS17_30	1	1	0	0	0	0	0	0	0		Chromo,Chromo_MIT1,HDA2-3,Helicase_C,PHD,PHDvar_NSD,ResIII,RUBY_RBDX,SNF2-rel_dom,zf-CCCH_6,zf-PHD-like,zf-RING_4	Pfam		Chromo,Chromo_MIT1,HDA2-3,Helicase_C,PHD,PHDvar_NSD,ResIII,RUBY_RBDX,SNF2-rel_dom,zf-CCCH_6,zf-PHD-like,zf-RING_4	PF00385.31,PF23615.2,PF11496.15,PF00271.38,PF00628.36,PF23004.3,PF04851.22,PF21349.3,PF00176.30,PF18585.8,PF15446.13,PF14570.13	0.00052,5.2e-19,1.8e-12,1.4e-23,0.00026,7.9,1.7e-07,0.053,2.4e-72,6e-10,7.1e-25,4.4
AC1KRY_003799	AOBS17_30	1	1	1	1	1	0	0	0	1							
AC1KRY_003804	AOBS17_30	1	1	0	0	0	0	0	0	0							
AC1KRY_003807	AOBS17_30	1	1	0	0	0	0	0	0	0		Ank,Ank_4	Pfam		Ank,Ank_4	PF00023.37,PF13637.13	0.016,0.0067
AC1KRY_003809	AOBS17_30	1	1	0	0	0	0	0	0	0		ALN,MFS_1,PARP,Sugar_tr	Pfam		ALN,MFS_1,PARP,Sugar_tr	PF17696.6,PF07690.22,PF00644.27,PF00083.31	0.29,2.4e-28,0.0062,1.3e-93
AC1KRY_000761	AOBS17_30	1	1	1	0	1	0	0	0	0							
AC1KRY_000762	AOBS17_30	1	1	0	0	1	0	1	0	1							
AC1KRY_000765	AOBS17_30	1	1	0	0	0	0	0	0	0							
AC1KRY_000767	AOBS17_30	1	1	0	0	0	0	0	0	0							
AC1KRY_000768	AOBS17_30	1	1	0	0	0	0	0	0	0		DUF6388,Glyco_transf_20,Glyco_transf_5,Thioredoxin_8,Trehalose_PPase	Pfam		DUF6388,Glyco_transf_20,Glyco_transf_5,Thioredoxin_8,Trehalose_PPase	PF19925.6,PF00982.28,PF08323.18,PF13905.13,PF02358.23	0.0033,1.8e-159,0.0024,0.0048,8.3e-40
AC1KRY_000771	AOBS17_30	1	1	0	0	0	0	0	0	0		At1g65710,Cation_efflux,Tmemb_cc2,Xpo1,ZT_dimer	Pfam		At1g65710,Cation_efflux,Tmemb_cc2,Xpo1,ZT_dimer	PF30950.1,PF01545.27,PF10267.15,PF08389.19,PF16916.12	0.0042,3.9e-26,0.22,0.01,4.3e-06
AC1KRY_000775	AOBS17_30	1	1	1	1	1	0	0	0	1							
AC1KRY_000779	AOBS17_30	1	1	0	0	0	0	0	0	0		DUF3141,TPR_STT4	Pfam		DUF3141,TPR_STT4	PF11339.15,PF28151.1	0.017,1.3e-07
AC1KRY_000780	AOBS17_30	1	1	0	0	0	0	0	0	0		ABC1,FHA,Haspin_kinase,Kdo,Kinase-like,LSM14,Pkinase,Pkinase_fungal,PK_Tyr_Ser-Thr,UL97,YrbL-PhoP_reg	Pfam		ABC1,FHA,Haspin_kinase,Kdo,Kinase-like,LSM14,Pkinase,Pkinase_fungal,PK_Tyr_Ser-Thr,UL97,YrbL-PhoP_reg	PF03109.23,PF00498.32,PF12330.15,PF06293.21,PF14531.13,PF12701.14,PF00069.32,PF17667.8,PF07714.24,PF06734.20,PF10707.16	0.00049,5.6e-12,0.0073,0.0056,1.1e-06,0.012,5.3e-73,0.00089,3.7e-34,0.0027,0.0039
AC1KRY_000781	AOBS17_30	1	1	0	0	0	0	0	0	0		bZIP_2,FUT8_N_cat,HAT_PRP39_C,HAT_PRP39_N,HAT_Syf1_CNRKL1_C,HAT_Syf1_CNRKL1_N,HDA2-3,SPC25_N,Suf,TPR_14	Pfam		bZIP_2,FUT8_N_cat,HAT_PRP39_C,HAT_PRP39_N,HAT_Syf1_CNRKL1_C,HAT_Syf1_CNRKL1_N,HDA2-3,SPC25_N,Suf,TPR_14	PF07716.21,PF19745.6,PF23241.2,PF23240.2,PF23231.2,PF23233.2,PF11496.15,PF29997.1,PF05843.21,PF13428.13	0.017,5.3,1.6e-63,7.2e-63,0.0015,1e-12,6.9e-28,2.8,6.1e-22,1.7e-06
AC1KRY_000786	AOBS17_30	1	1	0	1	0	0	0	0	1							
AC1KRY_000787	AOBS17_30	1	1	0	0	0	0	0	0	0		Aminotran_1_2,Aminotran_3,Beta_elim_lyase,DUF1501,DUF229,p450,Phosphodiest,SGSH_C,Sulfatase,Sulfatase_C	Pfam		Aminotran_1_2,Aminotran_3,Beta_elim_lyase,DUF1501,DUF229,p450,Phosphodiest,SGSH_C,Sulfatase,Sulfatase_C	PF00155.28,PF00202.28,PF01212.28,PF07394.18,PF02995.23,PF00067.28,PF01663.28,PF16347.11,PF00884.29,PF14707.12	0.0024,7.5e-120,0.00064,0.0013,0.00063,7.9e-68,1.1e-08,1.3e-07,8.1e-34,0.018
AC1KRY_000790	AOBS17_30	1	1	1	1	1	0	1	0	1							
AC1KRY_000792	AOBS17_30	1	1	0	0	0	0	0	0	0		GAP45,Nucleocapsid-N,U1snRNP70_N	Pfam		GAP45,Nucleocapsid-N,U1snRNP70_N	PF29346.1,PF11030.14,PF12220.15	3.6,0.025,2.2
AC1KRY_000796	AOBS17_30	1	1	0	0	0	0	0	0	0		Anticodon_1,Anticodon_3,Tir_receptor_M,tRNA-synt_1,tRNA-synt_1e,tRNA-synt_1g	Pfam		Anticodon_1,Anticodon_3,Tir_receptor_M,tRNA-synt_1,tRNA-synt_1e,tRNA-synt_1g	PF08264.20,PF19303.6,PF03549.20,PF00133.29,PF01406.26,PF09334.18	2.1e-05,8.8e-09,0.018,3.1e-24,6.3e-12,1.3e-99
AC1KRY_000802	AOBS17_30	1	1	0	0	0	0	0	0	0		RNA_polI_A14	Pfam		RNA_polI_A14	PF08203.17	0.0012
AC1KRY_000804	AOBS17_30	1	1	0	0	0	0	0	0	0		DENR_N,Peptidase_M16,Peptidase_M16_C,PreP_C,RQC	Pfam		DENR_N,Peptidase_M16,Peptidase_M16_C,PreP_C,RQC	PF21023.3,PF00675.26,PF05193.27,PF22516.2,PF09382.18	0.0051,5.9e-07,3.4e-24,0.0002,0.0008
AC1KRY_000809	AOBS17_30	1	1	0	0	0	0	0	0	0		BEAN1_helical,DUF4112,DUF7587,Pilt,SH3_AEBP2_C,T3SchapCesA,Transferase,TRI-like_N	Pfam		BEAN1_helical,DUF4112,DUF7587,Pilt,SH3_AEBP2_C,T3SchapCesA,Transferase,TRI-like_N	PF28336.1,PF13430.12,PF24494.2,PF15453.12,PF26014.1,PF11439.13,PF02458.21,PF22664.2	4.3e-07,0.00095,0.013,0.0074,0.014,0.011,1.7e-43,3.1e-34
AC1KRY_000829	AOBS17_30	1	1	0	0	0	0	0	0	0		F-box,F-box-like	Pfam		F-box,F-box-like	PF00646.39,PF12937.13	0.00018,0.00011
AC1KRY_000830	AOBS17_30	1	1	0	0	0	0	1	0	0							
AC1KRY_000842	AOBS17_30	1	1	1	1	1	0	0	0	0							
AC1KRY_000843	AOBS17_30	1	1	0	0	0	0	0	0	0		BET,DZR,DZR_2,IBR,RING_XB3-XBAT31,Sina_RING,zf-ANAPC11,zf-C3HC4,zf-C3HC4_2,zf-C3HC4_3,zf-Nse,zf-rbx1,zf-RING_10,zf-RING_2,zf-RING_5,zf-RING_6,zf-RING_UBOX,zf-ZTF2_1	Pfam		BET,DZR,DZR_2,IBR,RING_XB3-XBAT31,Sina_RING,zf-ANAPC11,zf-C3HC4,zf-C3HC4_2,zf-C3HC4_3,zf-Nse,zf-rbx1,zf-RING_10,zf-RING_2,zf-RING_5,zf-RING_6,zf-RING_UBOX,zf-ZTF2_1	PF17035.11,PF12773.14,PF18912.7,PF01485.28,PF24921.2,PF21362.4,PF12861.14,PF00097.32,PF13923.13,PF13920.13,PF11789.15,PF12678.14,PF16685.12,PF13639.13,PF14634.13,PF14835.12,PF13445.13,PF29712.1	0.02,0.013,8.1,2.1,0.31,0.52,0.39,3.7e-08,3.5e-10,5.5e-05,0.9,4.4e-05,4.2,2.4e-08,7.5e-05,6.3e-05,1.4e-05,0.47
AC1KRY_000851	AOBS17_30	1	1	0	0	0	0	0	0	0		CCDC192,CENP-F_leu_zip,CEP131_CC,CLIP1,CorA,Kazrin,Kinesin,Microtub_bd,MPS2,Nucleoprot-TPR,Peptidase_M1,PKcGMP_CC,XLF_CC	Pfam		CCDC192,CENP-F_leu_zip,CEP131_CC,CLIP1,CorA,Kazrin,Kinesin,Microtub_bd,MPS2,Nucleoprot-TPR,Peptidase_M1,PKcGMP_CC,XLF_CC	PF27954.1,PF10473.15,PF27681.1,PF27241.1,PF01544.24,PF25986.1,PF00225.30,PF16796.12,PF17060.11,PF25481.2,PF01433.27,PF16808.11,PF21928.2	0.059,0.4,0.0017,0.45,0.5,4,7e-95,1.3e-16,0.0074,0.025,2.7e-09,0.01,0.0059
AC1KRY_000852	AOBS17_30	1	1	0	0	1	0	0	0	1							
AC1KRY_000853	AOBS17_30	1	1	0	0	0	0	0	0	0		DUF4783,zf-C2H2_assoc3,Zn_clus	Pfam		DUF4783,zf-C2H2_assoc3,Zn_clus	PF16022.12,PF16637.11,PF00172.24	0.0083,0.0057,8.6e-06
AC1KRY_000856	AOBS17_30	1	1	0	0	0	0	0	0	0		Adaptin_N,Cnd1,HEAT,HEAT_2,HEAT_EZ,Vps35	Pfam		Adaptin_N,Cnd1,HEAT,HEAT_2,HEAT_EZ,Vps35	PF01602.27,PF12717.14,PF02985.29,PF13646.13,PF13513.13,PF03635.24	4.7e-82,2.3e-09,6.9e-05,1.6e-05,0.0066,0.0064
AC1KRY_000857	AOBS17_30	1	1	0	0	0	0	0	0	0		EMG1	Pfam		EMG1	PF03587.20	1.6e-75
AC1KRY_000858	AOBS17_30	1	1	1	0	0	0	0	0	1							
AC1KRY_000869	AOBS17_30	1	1	0	0	0	0	0	0	0		GSKIP_dom,YehL_C	Pfam		GSKIP_dom,YehL_C	PF05303.18,PF31033.1	1.3e-09,0.003
AC1KRY_000870	AOBS17_30	1	1	0	1	1	0	0	0	0							
AC1KRY_000872	AOBS17_30	1	1	0	0	0	0	0	0	0		DUF4746,DUF6690,DUF6739,eIF3_subunit,FGGY_C,HSP70,MreB_Mbl,POP1_C,RNA_pol_Rpc4	Pfam		DUF4746,DUF6690,DUF6739,eIF3_subunit,FGGY_C,HSP70,MreB_Mbl,POP1_C,RNA_pol_Rpc4	PF15928.11,PF20397.4,PF20524.4,PF08597.16,PF02782.23,PF00012.27,PF06723.20,PF22770.3,PF05132.20	0.19,1.9,0.47,0.048,0.024,1.7e-161,7.5e-13,1.2,2.1
AC1KRY_000875	AOBS17_30	1	1	0	0	0	0	0	0	0		MSC6_N,Myb_DNA-binding,PPR,PPR_1,PPR_2,PPR_3,PPR_long,TPR_24,TPR_IF140_C	Pfam		MSC6_N,Myb_DNA-binding,PPR,PPR_1,PPR_2,PPR_3,PPR_long,TPR_24,TPR_IF140_C	PF29070.1,PF00249.38,PF01535.27,PF12854.14,PF13041.13,PF13812.13,PF17177.11,PF23276.3,PF24760.2	2.5e-06,0.0016,3.6e-09,5.6e-08,7.6e-19,4.7e-13,3.5e-13,4.6e-45,0.0031
AC1KRY_000877	AOBS17_30	1	1	0	0	0	0	0	0	0		Ribosomal_L1	Pfam		Ribosomal_L1	PF00687.27	2.6e-50
AC1KRY_000881	AOBS17_30	1	1	0	0	0	0	1	0	0							
AC1KRY_000889	AOBS17_30	1	1	0	0	0	0	0	0	0		zf-C2H2,zf-C2H2_4,zf-C2H2_6,zf-C2H2_AHC1,zf-C2H2_STOP2_C,zf_DPOE_2,zf_ZIC	Pfam		zf-C2H2,zf-C2H2_4,zf-C2H2_6,zf-C2H2_AHC1,zf-C2H2_STOP2_C,zf_DPOE_2,zf_ZIC	PF00096.33,PF13894.13,PF13912.13,PF25909.1,PF23118.3,PF23250.2,PF18366.8	1.1e-08,7.8e-06,0.65,0.078,0.0013,0.016,0.023
AC1KRY_000892	AOBS17_30	1	1	0	0	0	0	0	0	0		AMP-binding,AMP-binding_C,AMP-binding_C_3	Pfam		AMP-binding,AMP-binding_C,AMP-binding_C_3	PF00501.35,PF13193.13,PF23562.3	1.1e-73,2e-15,0.01
AC1KRY_000894	AOBS17_30	1	1	0	0	0	0	0	0	0							
AC1KRY_000895	AOBS17_30	1	1	0	0	0	0	0	0	0		FtsJ,Methyltr_RsmB-F,PGA2,Pre-PUA_NSUN2,PUA_NSUN2	Pfam		FtsJ,Methyltr_RsmB-F,PGA2,Pre-PUA_NSUN2,PUA_NSUN2	PF01728.26,PF01189.24,PF07543.18,PF25376.2,PF25378.2	0.0065,1.7e-40,0.0019,5.3e-23,1.4e-09
AC1KRY_003814	AOBS17_30	1	1	1	1	1	0	0	0	1							
AC1KRY_003818	AOBS17_30	1	1	1	1	1	0	0	0	1							
AC1KRY_003819	AOBS17_30	1	1	0	0	0	0	0	0	0							
AC1KRY_003821	AOBS17_30	1	1	1	1	1	0	0	0	1							
AC1KRY_003822	AOBS17_30	1	1	0	0	0	0	0	0	0		Actin,HSP70,MreB_Mbl,PilM_2,Usp	Pfam		Actin,HSP70,MreB_Mbl,PilM_2,Usp	PF00022.27,PF00012.27,PF06723.20,PF11104.15,PF00582.33	5e-05,1.2e-84,1.4e-12,0.0016,0.0016
AC1KRY_003825	AOBS17_30	1	1	0	0	0	0	0	0	0		Glyco_tran_WecG,MAJIN	Pfam		Glyco_tran_WecG,MAJIN	PF03808.21,PF15077.12	0.011,0.027
AC1KRY_003827	AOBS17_30	1	1	0	0	0	0	0	0	0		SIP1	Pfam		SIP1	PF04938.18	1e-13
AC1KRY_003828	AOBS17_30	1	1	0	0	0	0	0	0	1							
AC1KRY_003835	AOBS17_30	1	1	1	0	0	0	0	0	0							
AC1KRY_003837	AOBS17_30	1	1	0	0	0	0	0	0	0		DSE-like_N,DUF3842,Hepar_II_III_C	Pfam		DSE-like_N,DUF3842,Hepar_II_III_C	PF16332.13,PF12953.14,PF07940.19	7.3e-10,0.0053,0.00011
AC1KRY_003843	AOBS17_30	1	1	1	1	1	0	0	0	0							
AC1KRY_003848	AOBS17_30	1	1	0	0	0	0	0	0	0		AAA_28,ATP_bind_1,cobW,Dynamin_N,FeoB_N,GTP_EFTU,KTI12,MeaB,MMR_HSR1,Ploopntkinase3,RsgA_GTPase,YGR210-like_G4	Pfam		AAA_28,ATP_bind_1,cobW,Dynamin_N,FeoB_N,GTP_EFTU,KTI12,MeaB,MMR_HSR1,Ploopntkinase3,RsgA_GTPase,YGR210-like_G4	PF13521.13,PF03029.24,PF02492.26,PF00350.30,PF02421.25,PF00009.34,PF08433.17,PF03308.23,PF01926.30,PF18751.8,PF03193.23,PF08438.17	0.0093,0.012,0.024,0.0036,2.1e-08,0.0012,0.003,0.0063,1.1e-19,0.0032,0.0048,5.8e-26
AC1KRY_003853	AOBS17_30	1	1	0	0	0	0	0	0	0							
AC1KRY_003855	AOBS17_30	1	1	1	1	1	0	1	0	1							
AC1KRY_003860	AOBS17_30	1	1	0	0	0	0	0	0	0		DUF4309,DUF6492,Peptidase_M3	Pfam		DUF4309,DUF6492,Peptidase_M3	PF14172.13,PF20102.5,PF01432.27	0.012,0.0016,8.8e-133
AC1KRY_003861	AOBS17_30	1	1	1	1	1	0	0	0	1							
AC1KRY_003870	AOBS17_30	1	1	0	0	0	0	0	0	0		AAA_22,AAA_30,CMS1,DEAD,Helicase_C,ResIII	Pfam		AAA_22,AAA_30,CMS1,DEAD,Helicase_C,ResIII	PF13401.13,PF13604.13,PF14617.13,PF00270.36,PF00271.38,PF04851.22	0.00096,0.0021,0.011,1.5e-39,7.3e-29,1.3e-08
AC1KRY_003875	AOBS17_30	1	1	0	0	0	0	0	0	0		DEAD,HDA2-3,Helicase_C,ResIII,SNF2-rel_dom	Pfam		DEAD,HDA2-3,Helicase_C,ResIII,SNF2-rel_dom	PF00270.36,PF11496.15,PF00271.38,PF04851.22,PF00176.30	1.3e-07,1.2e-06,4.8e-26,3.4e-08,1.6e-48
AC1KRY_003881	AOBS17_30	1	1	0	0	0	0	0	0	0		AIRS,AIRS_C,ATP-grasp,ATP-grasp_2,ATP-grasp_3,ATPgrasp_ST,CPSase_L_D2,GARS_A,GARS_C,GARS_N,RNH203	Pfam		AIRS,AIRS_C,ATP-grasp,ATP-grasp_2,ATP-grasp_3,ATPgrasp_ST,CPSase_L_D2,GARS_A,GARS_C,GARS_N,RNH203	PF00586.30,PF02769.28,PF02222.28,PF08442.16,PF02655.20,PF14397.12,PF02786.23,PF01071.25,PF02843.23,PF02844.22,PF31260.1	3.4e-24,2.1e-32,7e-07,0.0027,0.00034,0.0069,2.4e-06,2.1e-83,8e-29,1.6e-39,0.015
AC1KRY_003883	AOBS17_30	1	1	0	0	0	0	0	0	0		DUF229,DUF6684,Metalloenzyme,Phosphodiest,PIGO_PIGG,Sulfatase	Pfam		DUF229,DUF6684,Metalloenzyme,Phosphodiest,PIGO_PIGG,Sulfatase	PF02995.23,PF20389.4,PF01676.24,PF01663.28,PF19316.5,PF00884.29	0.0093,0.24,3.7e-06,2.3e-17,9.8e-17,2.2e-06
AC1KRY_003888	AOBS17_30	1	1	1	1	1	0	0	0	0							
AC1KRY_003892	AOBS17_30	1	1	0	0	0	0	0	0	0		Acetyltransf_1,Acetyltransf_10,DUF2071,DUF2721,Pho86	Pfam		Acetyltransf_1,Acetyltransf_10,DUF2071,DUF2721,Pho86	PF00583.32,PF13673.14,PF09844.15,PF11026.14,PF11124.15	3.8e-06,0.0071,0.00012,0.0081,0.0021
AC1KRY_003894	AOBS17_30	1	1	1	1	1	0	1	0	1							
AC1KRY_003904	AOBS17_30	1	1	0	0	0	0	0	0	0		Aminotran_5	Pfam		Aminotran_5	PF00266.26	3.6e-19
AC1KRY_003909	AOBS17_30	1	1	0	0	0	0	0	0	0		ANAPC4_WD40,ASA1,Astro_capsid_p,Beta-prop_ACSF4,Beta-prop_Aladin,Beta-prop_CAF1B_HIR1,Beta-prop_DCAF12,Beta-prop_EIPR1,Beta-prop_EML,Beta-prop_EML_2,Beta-prop_HPS5,Beta-prop_IFT122_1st,Beta-prop_NUP159_NUP214,Beta-prop_RIG_2nd,Beta-prop_SPT8,Beta-prop_TEP1_2nd,Beta-prop_THOC3,Beta-prop_Vps41,Beta-prop_WDR19_1st,Beta-prop_WDR36-Utp21_1st,Beta-prop_WDR36-Utp21_2nd,Beta-prop_WDR3_1st,Beta-prop_WDR3_2nd,Beta-prop_WDR41,Beta-prop_WDR5,Beta-prop_WDR75_1st,Beta-prop_WDR90_POC16_2nd,CDC45,CFAP251_N,DNA_pol_phi,DUF2457,EIF3I,NBCH_WD40,NOA36,Nop14,PBP1_TM,Sigma70_ner,TRM82_WD,WD40,WD40_CDC20-Fz,WD40_Gbeta,WD40_MABP1-WDR62_2nd,WD40_Prp19,WD40_RFWD3,WD40_WDHD1_1st,WDR55,WDR90_beta-prop_4th	Pfam		ANAPC4_WD40,ASA1,Astro_capsid_p,Beta-prop_ACSF4,Beta-prop_Aladin,Beta-prop_CAF1B_HIR1,Beta-prop_DCAF12,Beta-prop_EIPR1,Beta-prop_EML,Beta-prop_EML_2,Beta-prop_HPS5,Beta-prop_IFT122_1st,Beta-prop_NUP159_NUP214,Beta-prop_RIG_2nd,Beta-prop_SPT8,Beta-prop_TEP1_2nd,Beta-prop_THOC3,Beta-prop_Vps41,Beta-prop_WDR19_1st,Beta-prop_WDR36-Utp21_1st,Beta-prop_WDR36-Utp21_2nd,Beta-prop_WDR3_1st,Beta-prop_WDR3_2nd,Beta-prop_WDR41,Beta-prop_WDR5,Beta-prop_WDR75_1st,Beta-prop_WDR90_POC16_2nd,CDC45,CFAP251_N,DNA_pol_phi,DUF2457,EIF3I,NBCH_WD40,NOA36,Nop14,PBP1_TM,Sigma70_ner,TRM82_WD,WD40,WD40_CDC20-Fz,WD40_Gbeta,WD40_MABP1-WDR62_2nd,WD40_Prp19,WD40_RFWD3,WD40_WDHD1_1st,WDR55,WDR90_beta-prop_4th	PF12894.14,PF29630.1,PF12226.15,PF13570.14,PF25460.2,PF24105.2,PF23760.2,PF23609.2,PF23409.2,PF23414.2,PF23756.2,PF23381.2,PF16755.12,PF23775.2,PF23798.2,PF25047.1,PF25174.2,PF23411.2,PF23389.2,PF25171.2,PF25168.2,PF25173.2,PF25172.2,PF25178.1,PF25175.2,PF23869.2,PF23393.3,PF02724.20,PF30552.1,PF04931.19,PF10446.15,PF24805.2,PF20426.5,PF06524.18,PF04147.18,PF14812.12,PF04546.20,PF30361.1,PF00400.39,PF24807.2,PF25391.2,PF24782.3,PF24814.2,PF23419.3,PF24817.2,PF24796.2,PF23342.2	1.6e-08,0.002,0.22,0.0055,0.0013,1.1e-15,0.0026,1.5e-07,2.3e-06,5e-15,0.00012,1.3e-23,0.0057,4.3e-08,1.2e-07,6.7e-15,1.6e-26,6.4e-08,0.013,1.1e-10,1e-08,2.3e-25,8.5e-15,6.5e-12,6.5e-37,2.8e-05,1.1e-06,0.43,2.3e-06,1.4,0.092,1.4e-10,0.00078,1.7,0.029,3.5,1.5,4.8e-06,8.4e-26,2.8e-23,9.1e-13,4.5e-11,1.8e-22,0.0025,9.4e-18,2.7e-14,0.00018
AC1KRY_003918	AOBS17_30	1	1	0	0	1	0	0	0	0							
AC1KRY_003919	AOBS17_30	1	1	1	0	0	0	0	0	0							
AC1KRY_003920	AOBS17_30	1	1	0	0	0	0	0	0	0		M20_dimer,Peptidase_M20,Phage_T4_Y10B	Pfam		M20_dimer,Peptidase_M20,Phage_T4_Y10B	PF07687.20,PF01546.34,PF26862.1	5.5e-10,1.3e-10,0.0045
AC1KRY_003921	AOBS17_30	1	1	0	0	1	0	0	0	1							
AC1KRY_003925	AOBS17_30	1	1	0	0	0	0	0	0	0		Condensation,PapA_C,Tri3	Pfam		Condensation,PapA_C,Tri3	PF00668.26,PF16911.11,PF07428.16	0.0077,5.5e-05,0.00042
AC1KRY_003926	AOBS17_30	1	1	0	0	0	0	0	0	0		DUF5337,MARVEL,MFS_1,NDUFA3,UNC-93	Pfam		DUF5337,MARVEL,MFS_1,NDUFA3,UNC-93	PF17272.8,PF01284.29,PF07690.22,PF28759.1,PF05978.23	1.5,1.6,2.2e-09,0.77,4.8e-08
AC1KRY_003927	AOBS17_30	1	1	0	0	0	0	0	0	0		Fungal_trans,Zn_clus	Pfam		Fungal_trans,Zn_clus	PF04082.24,PF00172.24	6.3e-06,2.4e-10
AC1KRY_003928	AOBS17_30	1	1	1	1	0	0	1	0	0							
AC1KRY_003930	AOBS17_30	1	1	1	1	1	0	0	0	1							
AC1KRY_003931	AOBS17_30	1	1	0	0	0	0	0	0	1							
AC1KRY_003933	AOBS17_30	1	1	0	0	1	0	0	0	1							
AC1KRY_003935	AOBS17_30	1	1	1	1	1	0	0	0	1							
AC1KRY_003936	AOBS17_30	1	1	1	0	0	0	0	0	1							
AC1KRY_003944	AOBS17_30	1	1	0	0	0	0	0	0	0							
AC1KRY_003951	AOBS17_30	1	1	0	0	0	0	0	0	0		Beta-prop_RSE1_1st	Pfam		Beta-prop_RSE1_1st	PF10433.16	3.8e-14
AC1KRY_003955	AOBS17_30	1	1	0	0	0	0	0	0	0		CO_dh,DXP_synthase_N,TPP_enzyme_C,TPP_enzyme_M,TPP_enzyme_N	Pfam		CO_dh,DXP_synthase_N,TPP_enzyme_C,TPP_enzyme_M,TPP_enzyme_N	PF02552.23,PF13292.12,PF02775.27,PF00205.29,PF02776.24	0.00021,0.014,3.1e-32,1.8e-36,9.8e-37
AC1KRY_003956	AOBS17_30	1	1	0	0	0	0	0	0	0		Phosphodiest	Pfam		Phosphodiest	PF01663.28	4.6e-93
AC1KRY_003957	AOBS17_30	1	1	0	0	0	0	0	0	0							
AC1KRY_003958	AOBS17_30	1	1	0	0	0	0	0	0	0		AAA,AAA_14,AAA_16,AAA_17,AAA_18,AAA_19,AAA_2,AAA_22,AAA_24,AAA_25,AAA_28,AAA_3,AAA_33,AAA_5,AAA_7,AAA_lid_3,ABC_tran,ATPase,bpMoxR,DUF815,IstB_IS21,Mg_chelatase,NACHT,nSTAND3,nSTAND6,nSTAND_NTPase5,Parvo_NS1,PEX6_4th,PEX6_N,Rad17,RNA_helicase,RuvB_N,TIP49,TsaE,Vps4_C	Pfam		AAA,AAA_14,AAA_16,AAA_17,AAA_18,AAA_19,AAA_2,AAA_22,AAA_24,AAA_25,AAA_28,AAA_3,AAA_33,AAA_5,AAA_7,AAA_lid_3,ABC_tran,ATPase,bpMoxR,DUF815,IstB_IS21,Mg_chelatase,NACHT,nSTAND3,nSTAND6,nSTAND_NTPase5,Parvo_NS1,PEX6_4th,PEX6_N,Rad17,RNA_helicase,RuvB_N,TIP49,TsaE,Vps4_C	PF00004.36,PF13173.13,PF13191.13,PF13207.13,PF13238.13,PF13245.13,PF07724.21,PF13401.13,PF13479.13,PF13481.13,PF13521.13,PF07726.18,PF13671.13,PF07728.21,PF12775.14,PF17862.8,PF00005.34,PF06745.20,PF20030.6,PF05673.20,PF01695.24,PF01078.28,PF05729.19,PF20720.4,PF25201.1,PF25199.2,PF01057.24,PF23315.2,PF23120.2,PF03215.22,PF00910.29,PF05496.19,PF06068.20,PF02367.24,PF09336.17	5.2e-61,0.0015,2e-06,0.0066,0.017,0.013,0.00034,0.00028,0.014,0.0037,0.0012,0.011,0.015,3.5e-05,0.0012,5e-05,0.019,0.0037,0.0065,0.0034,0.0036,0.0015,0.0057,0.00012,0.0032,0.0047,0.00015,1.7e-16,0.0041,0.0018,0.00018,3.1e-05,0.00028,7.4e-06,0.0002
AC1KRY_003961	AOBS17_30	1	1	1	1	1	0	1	0	1							
AC1KRY_003971	AOBS17_30	1	1	0	0	0	0	0	0	0		DNA_pol_phi	Pfam		DNA_pol_phi	PF04931.19	0.014
AC1KRY_003974	AOBS17_30	1	1	1	0	0	0	0	0	0							
AC1KRY_003978	AOBS17_30	1	1	0	0	0	0	0	0	0							
AC1KRY_003979	AOBS17_30	1	1	0	0	0	0	0	0	0							
AC1KRY_003983	AOBS17_30	1	1	0	0	0	0	0	0	0		MIT_C	Pfam		MIT_C	PF16565.12	0.0078
AC1KRY_003986	AOBS17_30	1	1	1	1	0	0	0	0	0							
AC1KRY_003988	AOBS17_30	1	1	0	0	0	0	0	0	1							
AC1KRY_003989	AOBS17_30	1	1	1	0	0	0	1	0	1							
AC1KRY_003993	AOBS17_30	1	1	1	1	1	0	1	0	1							
AC1KRY_004008	AOBS17_30	1	1	1	1	0	0	0	0	1							
AC1KRY_004016	AOBS17_30	1	1	1	1	1	0	0	0	1							
AC1KRY_004017	AOBS17_30	1	1	0	0	0	0	0	0	0		Gp_dh_N,Proteasome,Proteasome_A_N	Pfam		Gp_dh_N,Proteasome,Proteasome_A_N	PF00044.31,PF00227.32,PF10584.15	0.001,1.2e-50,2.1e-14
AC1KRY_004027	AOBS17_30	1	1	0	0	0	0	0	0	0		EXOSC1,New_glue,SR-25,TORC_N	Pfam		EXOSC1,New_glue,SR-25,TORC_N	PF10447.16,PF21827.2,PF10500.15,PF12884.13	0.00035,0.079,0.00034,0.0051
AC1KRY_004030	AOBS17_30	1	1	0	0	0	0	0	0	0		Capsule_synth,CDC45,DUF5327,Eapp_C,PNISR,PPP4R2,Presenilin,Prok-RING_4,RING_XB3-XBAT31,SNF2-rel_dom,zf-ANAPC11,zf-C3HC4,zf-C3HC4_2,zf-C3HC4_3,zf-C3HC4_4,zf-C3HC4_IRF-2BP1_2,zf-rbx1,zf-RING_2,zf-RING_4,zf-RING_5,zf-RING_UBOX,zf-UDP,zf_RING-like	Pfam		Capsule_synth,CDC45,DUF5327,Eapp_C,PNISR,PPP4R2,Presenilin,Prok-RING_4,RING_XB3-XBAT31,SNF2-rel_dom,zf-ANAPC11,zf-C3HC4,zf-C3HC4_2,zf-C3HC4_3,zf-C3HC4_4,zf-C3HC4_IRF-2BP1_2,zf-rbx1,zf-RING_2,zf-RING_4,zf-RING_5,zf-RING_UBOX,zf-UDP,zf_RING-like	PF05159.21,PF02724.20,PF17261.8,PF10238.16,PF15996.11,PF09184.17,PF01080.23,PF14447.13,PF24921.2,PF00176.30,PF12861.14,PF00097.32,PF13923.13,PF13920.13,PF15227.13,PF25454.2,PF12678.14,PF13639.13,PF14570.13,PF14634.13,PF13445.13,PF14569.13,PF25080.2	0.0031,0.00067,2.3,0.49,0.088,2.8,2.7,0.0025,6.1e-06,2.1e-39,0.079,1.6e-06,2.2e-06,7.8e-09,0.005,0.028,0.0068,5.2e-07,0.0034,0.00019,5e-05,0.033,0.011
AC1KRY_004033	AOBS17_30	1	1	0	0	0	0	0	0	0		MFS_1,OATP,Sugar_tr,TRI12	Pfam		MFS_1,OATP,Sugar_tr,TRI12	PF07690.22,PF03137.27,PF00083.31,PF06609.19	1.5e-50,3.5e-05,8.5e-14,5.7e-08
AC1KRY_004036	AOBS17_30	1	1	0	0	0	0	0	0	0		Arteri_Gl,Bac_rhodopsin,FANC_SAP,GDT1,HeH,SAP,Tho1_MOS11_C	Pfam		Arteri_Gl,Bac_rhodopsin,FANC_SAP,GDT1,HeH,SAP,Tho1_MOS11_C	PF00951.24,PF01036.25,PF18081.8,PF01169.26,PF12949.14,PF02037.34,PF18592.7	0.00075,4e-40,0.0015,0.2,0.0055,2e-12,8.9e-05
AC1KRY_004040	AOBS17_30	1	1	0	0	1	0	1	0	1							
AC1KRY_004042	AOBS17_30	1	1	1	0	0	0	0	0	0							
AC1KRY_004044	AOBS17_30	1	1	0	0	0	0	0	0	0		ALIX_LYPXL_bnd,Astrin_CC,DUF1664,DUF4600,EzrA,FUSC,HALZ,MeaB,PEP-utilisers_N,RFC1,Rx_N,Spc7,TMF_TATA_bd,WXG100	Pfam		ALIX_LYPXL_bnd,Astrin_CC,DUF1664,DUF4600,EzrA,FUSC,HALZ,MeaB,PEP-utilisers_N,RFC1,Rx_N,Spc7,TMF_TATA_bd,WXG100	PF13949.12,PF30853.1,PF07889.18,PF15372.12,PF06160.18,PF04632.19,PF02183.24,PF03308.23,PF05524.19,PF08519.18,PF18052.7,PF08317.17,PF12325.14,PF06013.19	0.00024,0.00036,0.001,0.0043,0.00037,0.27,0.011,0.016,0.25,0.0031,0.023,0.0022,0.0026,0.02
AC1KRY_004050	AOBS17_30	1	1	1	0	1	0	0	0	1							
AC1KRY_004051	AOBS17_30	1	1	0	0	0	0	0	0	0							
AC1KRY_004055	AOBS17_30	1	1	1	0	1	0	0	0	1							
AC1KRY_004057	AOBS17_30	1	1	1	1	1	0	0	0	1							
AC1KRY_004060	AOBS17_30	1	1	0	0	0	0	0	0	0		Asparaginase_C,DF306_C,Gigasin_N,Inhibitor_I9,Peptidase_S8,WSC	Pfam		Asparaginase_C,DF306_C,Gigasin_N,Inhibitor_I9,Peptidase_S8,WSC	PF17763.7,PF29590.1,PF30144.1,PF05922.22,PF00082.28,PF01822.25	0.0052,0.0049,0.11,1.1e-09,7.2e-39,1.3e-13
AC1KRY_004062	AOBS17_30	1	1	0	0	0	0	0	0	0		Cellulase,Glyco_hydro_72	Pfam		Cellulase,Glyco_hydro_72	PF00150.25,PF03198.21	0.0024,7.3e-108
AC1KRY_004068	AOBS17_30	1	1	0	0	0	0	0	0	0		ABC1,APH,Flot,IF3_C,Pkinase,WaaY	Pfam		ABC1,APH,Flot,IF3_C,Pkinase,WaaY	PF03109.23,PF01636.30,PF15975.11,PF00707.28,PF00069.32,PF06176.17	1.1e-73,0.0048,0.011,0.0049,0.012,0.0007
AC1KRY_004069	AOBS17_30	1	1	0	0	0	0	0	0	0		DHU1_N,VTC	Pfam		DHU1_N,VTC	PF20919.3,PF09359.16	0.0087,4.1e-10
AC1KRY_004072	AOBS17_30	1	1	0	0	0	0	0	0	0		KOW,KOW4_SPT5,KOW5_SPT5,ribosomal_L24,Ribosomal_uL24m-like	Pfam		KOW,KOW4_SPT5,KOW5_SPT5,ribosomal_L24,Ribosomal_uL24m-like	PF00467.36,PF23291.2,PF23290.2,PF17136.11,PF22682.3	1.2e-06,0.00069,0.0045,0.00085,4.3e-25
AC1KRY_004073	AOBS17_30	1	1	0	0	0	0	0	0	0		AAA_14,AAA_19,AAA_22,AAA_23,AAA_29,AAA_7,ABC_tran,ARB_05566_N,ATPase,Cas3-like_C_2,cobW,DEAD,Flavi_DEAD,FtsK_SpoIIIE,HA2_C,Helicase_C,nSTAND3,nSTAND_NTPase5,OB_NTP_bind,SLFN-g3_helicase,SRP54,T2SSE,WHD_HA2	Pfam		AAA_14,AAA_19,AAA_22,AAA_23,AAA_29,AAA_7,ABC_tran,ARB_05566_N,ATPase,Cas3-like_C_2,cobW,DEAD,Flavi_DEAD,FtsK_SpoIIIE,HA2_C,Helicase_C,nSTAND3,nSTAND_NTPase5,OB_NTP_bind,SLFN-g3_helicase,SRP54,T2SSE,WHD_HA2	PF13173.13,PF13245.13,PF13401.13,PF13476.13,PF13555.13,PF12775.14,PF00005.34,PF28391.1,PF06745.20,PF22590.3,PF02492.26,PF00270.36,PF07652.21,PF01580.25,PF21010.3,PF00271.38,PF20720.4,PF25199.2,PF07717.23,PF09848.16,PF00448.29,PF00437.27,PF04408.30	0.0046,2.7e-05,1.8e-07,0.0033,0.0088,0.0011,0.0028,0.0099,0.0059,0.0029,0.0046,1.6e-09,9.1e-05,0.0047,1.4e-10,1.8e-10,0.0048,0.0012,1.3e-18,0.0045,0.0014,0.00034,2.3e-11
AC1KRY_004074	AOBS17_30	1	1	0	0	0	0	0	0	0		ACP_syn_III,ketoacyl-synt,Rce1-like,Thiolase_C,Thiolase_C_1,Thiolase_N	Pfam		ACP_syn_III,ketoacyl-synt,Rce1-like,Thiolase_C,Thiolase_C_1,Thiolase_N	PF08545.17,PF00109.33,PF02517.22,PF02803.25,PF22691.3,PF00108.30	0.00017,0.00015,1.4e-16,3.3e-43,0.0046,1e-63
AC1KRY_004079	AOBS17_30	1	1	0	0	0	0	0	0	0		YBL028C_N	Pfam		YBL028C_N	PF10338.16	5.9e-13
AC1KRY_004085	AOBS17_30	1	1	0	0	0	0	0	0	1							
AC1KRY_004090	AOBS17_30	1	1	0	0	1	0	0	0	1							
AC1KRY_004093	AOBS17_30	1	1	0	1	1	0	0	0	1							
AC1KRY_004094	AOBS17_30	1	1	0	0	0	0	0	0	0		Dak2	Pfam		Dak2	PF02734.23	1.8e-43
AC1KRY_004095	AOBS17_30	1	1	0	0	0	0	0	0	0		TIM	Pfam		TIM	PF00121.25	7e-61
AC1KRY_004096	AOBS17_30	1	1	1	0	0	0	0	0	0							
AC1KRY_004097	AOBS17_30	1	1	0	0	0	0	0	0	0		3HCDH_N,DAO,FAD_binding_2,GIDA,MFS_1,MurD-like_N,NAD_binding_8,NAD_binding_9,Pyr_redox,Pyr_redox_2,Shikimate_DH,Sugar_tr,TrkA_N	Pfam		3HCDH_N,DAO,FAD_binding_2,GIDA,MFS_1,MurD-like_N,NAD_binding_8,NAD_binding_9,Pyr_redox,Pyr_redox_2,Shikimate_DH,Sugar_tr,TrkA_N	PF02737.25,PF01266.31,PF00890.31,PF01134.29,PF07690.22,PF21799.3,PF13450.13,PF13454.13,PF00070.34,PF07992.21,PF01488.27,PF00083.31,PF02254.25	0.01,5.2e-41,0.00026,9.3e-07,1.4e-22,0.01,0.00023,0.013,0.0011,2.8e-05,0.0036,4.6e-90,0.0058
AC1KRY_004099	AOBS17_30	1	1	0	0	0	0	0	0	0		Acyl_transf_3	Pfam		Acyl_transf_3	PF01757.29	1.5e-17
AC1KRY_004100	AOBS17_30	1	1	0	0	0	0	0	0	0		BtrH_N,G_glu_transpept	Pfam		BtrH_N,G_glu_transpept	PF14399.13,PF01019.28	0.0062,2.9e-151
AC1KRY_004103	AOBS17_30	1	1	0	0	0	0	0	0	0		Pect-lyase_RHGA_epim,Phage_tail_beta	Pfam		Pect-lyase_RHGA_epim,Phage_tail_beta	PF12708.13,PF27114.1	0.00011,3e-05
AC1KRY_004110	AOBS17_30	1	1	0	0	0	0	0	0	0		HMG_box,MATalpha_HMGbox	Pfam		HMG_box,MATalpha_HMGbox	PF00505.26,PF04769.19	4.1e-12,0.0003
AC1KRY_004116	AOBS17_30	1	1	1	1	1	0	1	0	1							
AC1KRY_004125	AOBS17_30	1	1	0	0	0	0	0	0	0		2-oxoacid_dh,Biotin_lipoyl,BSH_RND,BSH_YhbJ,DDE_Tnp_1_7,E3_binding	Pfam		2-oxoacid_dh,Biotin_lipoyl,BSH_RND,BSH_YhbJ,DDE_Tnp_1_7,E3_binding	PF00198.29,PF00364.29,PF25917.1,PF25997.1,PF13843.13,PF02817.23	2e-74,6.8e-20,0.0023,0.0011,0.0071,9.1e-16
AC1KRY_004128	AOBS17_30	1	1	0	0	0	0	0	0	0		CBFD_NFYB_HMF,CENP-T_C,DUF4450,Histone	Pfam		CBFD_NFYB_HMF,CENP-T_C,DUF4450,Histone	PF00808.30,PF15511.13,PF14614.13,PF00125.31	1.6e-09,5.6e-05,0.0013,0.00088
AC1KRY_000899	AOBS17_30	1	1	0	0	0	0	0	0	0		MFS_1	Pfam		MFS_1	PF07690.22	1.2e-32
AC1KRY_000900	AOBS17_30	1	1	1	0	0	0	0	0	1							
AC1KRY_000901	AOBS17_30	1	1	1	0	0	0	0	0	1							
AC1KRY_000902	AOBS17_30	1	1	0	0	0	0	0	0	0		7TM-7TMR_HD,MFS_1,MFS_1_like,Sugar_tr,TRI12	Pfam		7TM-7TMR_HD,MFS_1,MFS_1_like,Sugar_tr,TRI12	PF07698.18,PF07690.22,PF12832.14,PF00083.31,PF06609.19	0.00065,6.5e-33,1.9e-07,8.2e-91,8.6e-08
AC1KRY_000903	AOBS17_30	1	1	0	0	0	0	0	0	0		DUF6374,DUF8413,Glyco_transf_90	Pfam		DUF6374,DUF8413,Glyco_transf_90	PF19901.5,PF28475.1,PF05686.19	0.015,0.025,4.5e-15
AC1KRY_000904	AOBS17_30	1	1	0	0	0	0	0	0	1							
AC1KRY_000907	AOBS17_30	1	1	0	0	0	0	1	0	0							
AC1KRY_000908	AOBS17_30	1	1	0	0	0	0	0	0	0		DAO,MCRA,NAD_binding_8,Pyr_redox_2	Pfam		DAO,MCRA,NAD_binding_8,Pyr_redox_2	PF01266.31,PF06100.18,PF13450.13,PF07992.21	6.2e-43,0.0083,0.00074,0.00099
AC1KRY_000921	AOBS17_30	1	1	0	0	0	0	0	0	0		Arylsulfotrans,Arylsulfotran_2,Cullin_AB,EF-hand_5,Rep_fac-A_C	Pfam		Arylsulfotrans,Arylsulfotran_2,Cullin_AB,EF-hand_5,Rep_fac-A_C	PF05935.18,PF14269.13,PF26557.1,PF13202.13,PF08646.17	6.6e-23,3.9e-65,0.019,0.43,0.0025
AC1KRY_000928	AOBS17_30	1	1	1	1	1	0	0	0	1							
AC1KRY_000929	AOBS17_30	1	1	1	1	0	0	0	0	0							
AC1KRY_000930	AOBS17_30	1	1	0	0	0	0	0	0	0		Arylsulfotrans,Arylsulfotran_2	Pfam		Arylsulfotrans,Arylsulfotran_2	PF05935.18,PF14269.13	8.7e-21,7.8e-64
AC1KRY_000937	AOBS17_30	1	1	0	0	0	0	0	0	0		Chorismate_bind,Chorismate_bind_2,GATase,Peptidase_C26	Pfam		Chorismate_bind,Chorismate_bind_2,GATase,Peptidase_C26	PF00425.26,PF30495.1,PF00117.35,PF07722.20	1.4e-98,1e-36,2.5e-34,1.8e-07
AC1KRY_000938	AOBS17_30	1	1	1	1	1	0	0	0	1							
AC1KRY_000941	AOBS17_30	1	1	0	0	0	0	0	0	0		Proteasome,Proteasome_A_N	Pfam		Proteasome,Proteasome_A_N	PF00227.32,PF10584.15	6.6e-48,1.8e-12
AC1KRY_000943	AOBS17_30	1	1	0	0	0	0	0	0	0		Sld7_C,Sld7_N	Pfam		Sld7_C,Sld7_N	PF18596.7,PF18636.9	2.2e-21,1.4e-05
AC1KRY_000945	AOBS17_30	1	1	0	0	1	0	1	0	1							
AC1KRY_000951	AOBS17_30	1	1	1	1	0	0	0	0	0							
AC1KRY_000953	AOBS17_30	1	1	0	0	0	0	0	0	0							
AC1KRY_000959	AOBS17_30	1	1	0	0	0	0	0	0	0		RNase_T	Pfam		RNase_T	PF00929.32	1.6e-22
AC1KRY_000964	AOBS17_30	1	1	1	1	1	0	0	0	0							
AC1KRY_000965	AOBS17_30	1	1	0	0	0	0	0	0	0		DUF6789,Mito_carr,SLC25_like	Pfam		DUF6789,Mito_carr,SLC25_like	PF20587.4,PF00153.33,PF18405.7	0.0045,4.8e-63,0.018
AC1KRY_000969	AOBS17_30	1	1	0	0	0	0	0	0	0		PTR2	Pfam		PTR2	PF00854.28	8.6e-93
AC1KRY_000970	AOBS17_30	1	1	1	1	1	0	0	0	1							
AC1KRY_000973	AOBS17_30	1	1	0	1	0	0	0	0	0							
AC1KRY_000982	AOBS17_30	1	1	0	0	0	0	0	0	0		CorA	Pfam		CorA	PF01544.24	3.1e-35
AC1KRY_000988	AOBS17_30	1	1	1	1	1	0	0	0	1							
AC1KRY_000990	AOBS17_30	1	1	0	0	0	0	0	0	0		CCDC90-like,CEP162_coil_mid,DUF1664,FlaC_arch,IES5,Rab11-FIP3	Pfam		CCDC90-like,CEP162_coil_mid,DUF1664,FlaC_arch,IES5,Rab11-FIP3	PF07798.17,PF27944.1,PF07889.18,PF05377.18,PF17335.8,PF25450.2	5.4e-44,0.043,0.015,3.9,0.0041,0.0012
AC1KRY_000995	AOBS17_30	1	1	0	0	0	0	0	0	0		CBFD_NFYB_HMF,CENP-S,CENP-T_C,Histone,PP_kinase,YebU_pre-PUA_dom	Pfam		CBFD_NFYB_HMF,CENP-S,CENP-T_C,Histone,PP_kinase,YebU_pre-PUA_dom	PF00808.30,PF15630.13,PF15511.13,PF00125.31,PF02503.23,PF21150.3	0.00089,0.00047,3.3e-06,3.6e-33,0.0027,0.014
AC1KRY_001002	AOBS17_30	1	1	1	1	1	0	1	0	1							
AC1KRY_001003	AOBS17_30	1	1	0	0	0	0	0	0	0		ARM_KDM8_N,Cupin_1,Cupin_2,Cupin_8,JmjC,JmjC_2	Pfam		ARM_KDM8_N,Cupin_1,Cupin_2,Cupin_8,JmjC,JmjC_2	PF24472.2,PF00190.29,PF07883.18,PF13621.13,PF02373.29,PF08007.19	2.9e-05,0.00097,0.0014,2.9e-38,0.004,5.5e-10
AC1KRY_001007	AOBS17_30	1	1	0	0	0	0	0	0	0		Carn_acyltransf,Glyco_transf_8,Mannosyl_trans3	Pfam		Carn_acyltransf,Glyco_transf_8,Mannosyl_trans3	PF00755.26,PF01501.27,PF11051.15	1.8e-190,3.4e-23,0.00023
AC1KRY_001009	AOBS17_30	1	1	0	0	0	0	0	0	0		SKA2	Pfam		SKA2	PF16740.11	0.0037
AC1KRY_004141	AOBS17_30	1	1	0	0	1	0	1	0	1							
AC1KRY_004167	AOBS17_30	1	1	0	0	0	0	0	0	0		DUF2642,DUF4261,HEAT,HEAT_IPO9_c,IBN_N,TPR_IPO11,Xpo1	Pfam		DUF2642,DUF4261,HEAT,HEAT_IPO9_c,IBN_N,TPR_IPO11,Xpo1	PF10842.15,PF14080.12,PF02985.29,PF25018.2,PF03810.26,PF25758.2,PF08389.19	0.01,0.0055,0.062,3.1e-46,2.9e-12,6.4e-08,5.6e-09
AC1KRY_004168	AOBS17_30	1	1	0	1	0	0	0	0	0							
AC1KRY_004169	AOBS17_30	1	1	0	0	0	0	0	0	0		Raptor_N,Thioredoxin	Pfam		Raptor_N,Thioredoxin	PF14538.12,PF00085.27	0.0065,0.0016
AC1KRY_004175	AOBS17_30	1	1	0	0	0	0	0	0	0		NAD_binding_7,Shikimate_DH,ThiF,UAE_UbL,UBA_E1_SCCH	Pfam		NAD_binding_7,Shikimate_DH,ThiF,UAE_UbL,UBA_E1_SCCH	PF13241.13,PF01488.27,PF00899.28,PF14732.12,PF10585.15	0.005,0.0019,8.9e-58,0.00029,1.1e-09
AC1KRY_004178	AOBS17_30	1	1	1	1	1	0	1	0	1							
AC1KRY_004183	AOBS17_30	1	1	0	0	0	0	0	0	0		MSC6_N,PPR,PPR_2,PPR_3,PPR_long,Sll0103_C,Stu2_CTS,TPR_24	Pfam		MSC6_N,PPR,PPR_2,PPR_3,PPR_long,Sll0103_C,Stu2_CTS,TPR_24	PF29070.1,PF01535.27,PF13041.13,PF13812.13,PF17177.11,PF30890.1,PF21042.3,PF23276.3	2.3e-08,3e-09,3.1e-16,0.00015,4e-06,0.00041,0.016,6.6e-05
AC1KRY_004188	AOBS17_30	1	1	1	1	1	0	1	0	1							
AC1KRY_004197	AOBS17_30	1	1	1	1	0	0	0	0	0							
AC1KRY_004200	AOBS17_30	1	1	1	0	0	0	0	0	0							
AC1KRY_004202	AOBS17_30	1	1	0	1	0	0	1	0	1							
AC1KRY_004203	AOBS17_30	1	1	0	0	0	0	0	0	0							
AC1KRY_004208	AOBS17_30	1	1	0	0	0	0	0	0	0		ALIX_LYPXL_bnd,BRO1,DASH_Dad2,NatA_aux_su,PGA2,SKA2,Stm1_N,Tcf25,TPR_14	Pfam		ALIX_LYPXL_bnd,BRO1,DASH_Dad2,NatA_aux_su,PGA2,SKA2,Stm1_N,Tcf25,TPR_14	PF13949.12,PF03097.25,PF08654.16,PF12569.15,PF07543.18,PF16740.11,PF09598.16,PF04910.21,PF13428.13	6.5e-35,2.4e-59,0.013,0.05,0.26,0.26,0.0016,1.2e-85,0.87
AC1KRY_004212	AOBS17_30	1	1	0	0	0	0	0	0	0		DUF7783,RasGEF,RasGEF_N,SH3_1,SH3_2,SH3_9	Pfam		DUF7783,RasGEF,RasGEF_N,SH3_1,SH3_2,SH3_9	PF25006.2,PF00617.25,PF00618.26,PF00018.35,PF07653.24,PF14604.13	2e-08,2.5e-58,1.5e-15,0.0011,0.00025,9.6e-06
AC1KRY_004214	AOBS17_30	1	1	0	0	0	0	0	0	0		Beta-prop_ATRN-LZTR1,Beta-prop_FBX42,Beta-prop_TYW4,Kelch_1,Kelch_FKB95,Kelch_KLHDC2_KLHL20_DRC7	Pfam		Beta-prop_ATRN-LZTR1,Beta-prop_FBX42,Beta-prop_TYW4,Kelch_1,Kelch_FKB95,Kelch_KLHDC2_KLHL20_DRC7	PF24981.2,PF13415.13,PF13418.13,PF01344.32,PF25210.2,PF24681.2	7.3e-18,4.6e-19,1.6e-05,0.031,0.0037,1.5e-27
AC1KRY_004225	AOBS17_30	1	1	1	1	1	0	0	0	1							
AC1KRY_004226	AOBS17_30	1	1	0	0	0	0	0	0	0		F-box,F-box-like,F-box_COS111,LRR_At5g56370	Pfam		F-box,F-box-like,F-box_COS111,LRR_At5g56370	PF00646.39,PF12937.13,PF29466.1,PF24758.2	0.0075,0.0024,0.00062,0.004
AC1KRY_004231	AOBS17_30	1	1	0	0	0	0	0	0	1							
AC1KRY_004236	AOBS17_30	1	1	1	1	1	0	0	0	1							
AC1KRY_004238	AOBS17_30	1	1	0	0	0	0	0	0	0		C2,C2_Mug190_3rd,DUF6399,MMM1,Phage_APSE1_p4,SMP_MUG190-like	Pfam		C2,C2_Mug190_3rd,DUF6399,MMM1,Phage_APSE1_p4,SMP_MUG190-like	PF00168.37,PF25331.2,PF19936.6,PF10296.16,PF26913.1,PF25669.2	1e-24,1.3e-25,0.007,0.01,0.0028,2.4e-72
AC1KRY_004239	AOBS17_30	1	1	0	0	0	0	0	0	0		Acetyltransf_1,Acetyltransf_10,Acetyltransf_6,Acetyltransf_7,Acetyltransf_9,Acetyltransf_CG,FR47	Pfam		Acetyltransf_1,Acetyltransf_10,Acetyltransf_6,Acetyltransf_7,Acetyltransf_9,Acetyltransf_CG,FR47	PF00583.32,PF13673.14,PF13480.14,PF13508.14,PF13527.14,PF14542.13,PF08445.17	1.5e-14,2.4e-14,0.0012,7.5e-14,0.00011,3.1e-06,0.0049
AC1KRY_004244	AOBS17_30	1	1	0	0	0	0	0	0	0		Hva1_TUDOR	Pfam		Hva1_TUDOR	PF11160.14	6.8e-16
AC1KRY_004254	AOBS17_30	1	1	1	0	0	0	0	0	0							
AC1KRY_004260	AOBS17_30	1	1	1	1	1	0	0	0	1							
AC1KRY_004262	AOBS17_30	1	1	0	0	0	0	0	0	0		DEAD,Helicase_C	Pfam		DEAD,Helicase_C	PF00270.36,PF00271.38	0.0011,7.2e-16
AC1KRY_004268	AOBS17_30	1	1	0	0	0	0	0	0	0		CSN5_C,JAB,Prok-JAB,UPF0172	Pfam		CSN5_C,JAB,Prok-JAB,UPF0172	PF18323.7,PF01398.27,PF14464.12,PF03665.19	1.8e-23,7.2e-36,0.00016,0.016
AC1KRY_004277	AOBS17_30	1	1	0	0	0	0	1	0	0							
AC1KRY_004282	AOBS17_30	1	1	1	1	1	0	1	0	0							
AC1KRY_004283	AOBS17_30	1	1	1	1	1	0	0	0	1							
AC1KRY_004284	AOBS17_30	1	1	0	0	0	0	0	0	0		DUF7502,HTH_NPRL3,KIND,NPR2,NPR3	Pfam		DUF7502,HTH_NPRL3,KIND,NPR2,NPR3	PF24334.2,PF24064.3,PF16474.12,PF06218.17,PF03666.19	1,2.7e-21,0.0023,0.00031,3.7e-128
AC1KRY_004286	AOBS17_30	1	1	0	0	0	0	0	0	0							
AC1KRY_004291	AOBS17_30	1	1	0	0	0	0	0	0	0		Peptidase_C1,Peptidase_C1_2	Pfam		Peptidase_C1,Peptidase_C1_2	PF00112.30,PF03051.22	4.8e-08,4.6e-154
AC1KRY_004292	AOBS17_30	1	1	1	1	1	0	0	0	0							
AC1KRY_004293	AOBS17_30	1	1	1	1	1	0	0	0	1							
AC1KRY_004294	AOBS17_30	1	1	1	1	1	0	0	0	1							
AC1KRY_004295	AOBS17_30	1	1	0	0	0	0	0	0	0		PA1414,PDDEXK_10	Pfam		PA1414,PDDEXK_10	PF28105.1,PF07788.18	0.015,0.0014
AC1KRY_004297	AOBS17_30	1	1	0	0	0	0	0	0	0							
AC1KRY_004311	AOBS17_30	1	1	0	0	0	0	0	0	0		RNA_pol_Rbc25,S1,S1CSD-TOTE-2,SHS2_Rpb7-N	Pfam		RNA_pol_Rbc25,S1,S1CSD-TOTE-2,SHS2_Rpb7-N	PF08292.19,PF00575.30,PF22707.3,PF03876.23	2.4e-27,0.0066,0.0086,8.3e-12
AC1KRY_004313	AOBS17_30	1	1	0	0	0	0	0	0	0		ANAPC4_WD40,ASA1,BBS2_Mid,Beta-prop_Aladin,Beta-prop_CAF1B_HIR1,Beta-prop_DCAF4,Beta-prop_EIPR1,Beta-prop_EML,Beta-prop_EML_2,Beta-prop_HPS5,Beta-prop_IFT122_1st,Beta-prop_IFT140_1st,Beta-prop_NOL10_N,Beta-prop_NWD2_C,Beta-prop_RIG_1st,Beta-prop_RIG_2nd,Beta-prop_SCAP,Beta-prop_SPT8,Beta-prop_TEP1_2nd,Beta-prop_TEP1_C,Beta-prop_THOC3,Beta-prop_Vps41,Beta-prop_VPS8,Beta-prop_WDR35_TULP_N,Beta-prop_WDR36-Utp21_1st,Beta-prop_WDR36-Utp21_2nd,Beta-prop_WDR3_1st,Beta-prop_WDR3_2nd,Beta-prop_WDR41,Beta-prop_WDR5,Beta-prop_WDR75_1st,Beta-prop_WDR90_POC16_2nd,CFAP251_N,DNAI3_WD,DSE1_N,eIF2A,EIF3I,MIOS_WD40,PAC11,Tricorn_2nd,WD40,WD40_CDC20-Fz,WD40_Gbeta,WD40_MABP1-WDR62_1st,WD40_MABP1-WDR62_2nd,WD40_Prp19,WD40_RFWD3,WD40_WDHD1_1st,WDR54,WDR55,WDR90_beta-prop_4th,WD_LRWD1	Pfam		ANAPC4_WD40,ASA1,BBS2_Mid,Beta-prop_Aladin,Beta-prop_CAF1B_HIR1,Beta-prop_DCAF4,Beta-prop_EIPR1,Beta-prop_EML,Beta-prop_EML_2,Beta-prop_HPS5,Beta-prop_IFT122_1st,Beta-prop_IFT140_1st,Beta-prop_NOL10_N,Beta-prop_NWD2_C,Beta-prop_RIG_1st,Beta-prop_RIG_2nd,Beta-prop_SCAP,Beta-prop_SPT8,Beta-prop_TEP1_2nd,Beta-prop_TEP1_C,Beta-prop_THOC3,Beta-prop_Vps41,Beta-prop_VPS8,Beta-prop_WDR35_TULP_N,Beta-prop_WDR36-Utp21_1st,Beta-prop_WDR36-Utp21_2nd,Beta-prop_WDR3_1st,Beta-prop_WDR3_2nd,Beta-prop_WDR41,Beta-prop_WDR5,Beta-prop_WDR75_1st,Beta-prop_WDR90_POC16_2nd,CFAP251_N,DNAI3_WD,DSE1_N,eIF2A,EIF3I,MIOS_WD40,PAC11,Tricorn_2nd,WD40,WD40_CDC20-Fz,WD40_Gbeta,WD40_MABP1-WDR62_1st,WD40_MABP1-WDR62_2nd,WD40_Prp19,WD40_RFWD3,WD40_WDHD1_1st,WDR54,WDR55,WDR90_beta-prop_4th,WD_LRWD1	PF12894.14,PF29630.1,PF14783.13,PF25460.2,PF24105.2,PF23761.2,PF23609.2,PF23409.2,PF23414.2,PF23756.2,PF23381.2,PF23383.2,PF23098.2,PF23586.3,PF23770.2,PF23775.2,PF24017.3,PF23798.2,PF25047.1,PF25048.2,PF25174.2,PF23411.2,PF23410.5,PF24797.2,PF25171.2,PF25168.2,PF25173.2,PF25172.2,PF25178.1,PF25175.2,PF23869.2,PF23393.3,PF30552.1,PF28639.1,PF29037.1,PF08662.18,PF24805.2,PF21720.4,PF30151.1,PF26550.2,PF00400.39,PF24807.2,PF25391.2,PF24780.2,PF24782.3,PF24814.2,PF23419.3,PF24817.2,PF21031.3,PF24796.2,PF23342.2,PF23215.1	1.2e-10,7e-11,0.016,1.2e-12,1.1e-12,9.9e-07,4.3e-14,1.8e-12,1.7e-19,0.004,3.8e-29,3.6e-08,7.3e-10,0.012,2.7e-05,2.8e-15,0.00075,0.0003,3.1e-21,6.7e-07,8e-34,9.3e-07,2.7e-11,2.3e-05,5.8e-14,1.7e-17,2e-32,5.5e-15,7.3e-08,2.9e-39,1.9e-09,2.3e-09,8.2e-07,8.6e-05,5.9e-19,5.3e-06,5.6e-13,0.0037,0.00028,0.0045,7.7e-29,7.2e-28,1.1e-15,0.00027,1.5e-15,1.1e-56,3.5e-06,7.3e-23,7.2e-06,3.9e-19,1e-06,0.00019
AC1KRY_004320	AOBS17_30	1	1	0	0	0	0	0	0	0		zinc_ribbon_16	Pfam		zinc_ribbon_16	PF17034.11	0.011
AC1KRY_004322	AOBS17_30	1	1	0	1	0	0	0	0	0							
AC1KRY_004323	AOBS17_30	1	1	0	0	0	0	0	0	0		MFS_1,TMEM70	Pfam		MFS_1,TMEM70	PF07690.22,PF06979.19	1.2e-34,1.1
AC1KRY_004328	AOBS17_30	1	1	1	1	1	0	1	0	1							
AC1KRY_004332	AOBS17_30	1	1	1	1	1	0	1	0	1							
AC1KRY_004334	AOBS17_30	1	1	1	1	1	0	1	0	1							
AC1KRY_004359	AOBS17_30	1	1	0	0	0	0	0	0	0		APH,Kinase-like,Pkinase,PK_Tyr_Ser-Thr,Plk4_PB1,RIO1	Pfam		APH,Kinase-like,Pkinase,PK_Tyr_Ser-Thr,Plk4_PB1,RIO1	PF01636.30,PF14531.13,PF00069.32,PF07714.24,PF18190.8,PF01163.29	0.0075,0.00012,3.2e-61,1e-32,2.7e-07,6.1e-05
AC1KRY_004360	AOBS17_30	1	1	0	0	0	0	0	0	0		CFEM,Inhibitor_I67	Pfam		CFEM,Inhibitor_I67	PF05730.17,PF11405.14	2.9,0.0077
AC1KRY_004361	AOBS17_30	1	1	0	0	0	0	0	0	0		ABC1,Acyl-CoA_dh_1,APH,ATG1-like_MIT1,ATG1-like_MIT2,Pkinase,Pkinase_fungal,PK_Tyr_Ser-Thr	Pfam		ABC1,Acyl-CoA_dh_1,APH,ATG1-like_MIT1,ATG1-like_MIT2,Pkinase,Pkinase_fungal,PK_Tyr_Ser-Thr	PF03109.23,PF00441.30,PF01636.30,PF12063.15,PF21127.5,PF00069.32,PF17667.8,PF07714.24	2.2e-06,0.0022,0.0047,7.2e-16,9.4e-16,6.9e-66,5.5e-06,2.8e-44
AC1KRY_004367	AOBS17_30	1	1	0	0	0	0	0	0	0		Alpha-L-AF_C,ASD1_dom,CBM_4_9,N_formyltrans_C,PIR	Pfam		Alpha-L-AF_C,ASD1_dom,CBM_4_9,N_formyltrans_C,PIR	PF06964.19,PF22848.3,PF02018.24,PF18216.8,PF00399.25	1.5e-12,7e-68,0.024,0.009,0.0082
AC1KRY_004368	AOBS17_30	1	1	0	0	0	0	0	0	0		Beta-TrCP_D,C2	Pfam		Beta-TrCP_D,C2	PF12125.14,PF00168.37	0.016,3.7e-12
AC1KRY_004369	AOBS17_30	1	1	1	1	1	0	0	0	1							
AC1KRY_004370	AOBS17_30	1	1	0	0	0	0	0	0	0		DUF805,GT2_TM_C,MFS_1,Sugar_tr,TMEM40	Pfam		DUF805,GT2_TM_C,MFS_1,Sugar_tr,TMEM40	PF05656.21,PF26629.1,PF07690.22,PF00083.31,PF15817.10	3,5.6,1.1e-30,3.4e-73,0.2
AC1KRY_004372	AOBS17_30	1	1	0	0	0	0	0	0	0		2OG-FeII_Oxy_5,Mannosidase_ig,PHL,PhyH,TM140	Pfam		2OG-FeII_Oxy_5,Mannosidase_ig,PHL,PhyH,TM140	PF13759.13,PF17786.8,PF20474.4,PF05721.20,PF14985.12	0.0043,0.014,0.0037,2.6e-22,0.022
AC1KRY_004373	AOBS17_30	1	1	0	0	0	0	0	0	0		2OG-FeII_Oxy_5,MFS_1,PhyH,Sugar_tr	Pfam		2OG-FeII_Oxy_5,MFS_1,PhyH,Sugar_tr	PF13759.13,PF07690.22,PF05721.20,PF00083.31	0.0055,1.3e-12,6.7e-21,1.1e-79
AC1KRY_004374	AOBS17_30	1	1	0	0	0	0	0	0	0		Beta-prop_ACSF4,PIR,PQQ,PQQ_2	Pfam		Beta-prop_ACSF4,PIR,PQQ,PQQ_2	PF13570.14,PF00399.25,PF01011.29,PF13360.14	4.7e-06,6.2e-05,1.4e-11,2.3e-17
AC1KRY_004379	AOBS17_30	1	1	0	0	0	0	1	0	0							
AC1KRY_004382	AOBS17_30	1	1	0	0	0	0	0	0	0							
AC1KRY_004385	AOBS17_30	1	1	0	0	0	0	0	0	0		Actin,Brr6_like_C_C	Pfam		Actin,Brr6_like_C_C	PF00022.27,PF10104.15	2e-46,4.1e-46
AC1KRY_004387	AOBS17_30	1	1	1	1	1	0	0	0	1							
AC1KRY_004389	AOBS17_30	1	1	1	1	1	0	0	0	1							
AC1KRY_001010	AOBS17_30	1	1	0	0	0	0	0	0	0							
AC1KRY_001021	AOBS17_30	1	1	0	0	0	0	0	0	0		DUF2140,MFS_1,TRI12	Pfam		DUF2140,MFS_1,TRI12	PF09911.15,PF07690.22,PF06609.19	0.0089,2.5e-37,6.3e-05
AC1KRY_001027	AOBS17_30	1	1	0	1	0	0	0	0	0							
AC1KRY_001029	AOBS17_30	1	1	1	1	1	0	1	0	1							
AC1KRY_001032	AOBS17_30	1	1	0	0	0	0	0	0	0		AJM1_N,tRNA-synt_1,tRNA-synt_1e,tRNA-synt_1f,tRNA-synt_1g	Pfam		AJM1_N,tRNA-synt_1,tRNA-synt_1e,tRNA-synt_1f,tRNA-synt_1g	PF29010.1,PF00133.29,PF01406.26,PF01921.25,PF09334.18	0.32,2.8e-07,3.9e-122,0.00025,5.9e-11
AC1KRY_001037	AOBS17_30	1	1	0	0	0	0	0	0	0							
AC1KRY_001042	AOBS17_30	1	1	1	0	1	0	0	0	1							
AC1KRY_001044	AOBS17_30	1	1	0	0	0	0	0	0	0		ATP_synt_H,MFS_1,Sugar_tr	Pfam		ATP_synt_H,MFS_1,Sugar_tr	PF05493.19,PF07690.22,PF00083.31	0.4,1.4e-18,8.3e-87
AC1KRY_001047	AOBS17_30	1	1	0	0	0	0	0	0	0		Gig2-like,PhyH	Pfam		Gig2-like,PhyH	PF07350.20,PF05721.20	5.9e-129,0.00014
AC1KRY_001048	AOBS17_30	1	1	1	1	1	0	0	0	1							
AC1KRY_001049	AOBS17_30	1	1	1	1	1	0	0	0	1							
AC1KRY_001050	AOBS17_30	1	1	0	0	0	0	0	0	0		DUF2840,GFO_IDH_MocA,Glyco_hydro_109_C,NAD_binding_3	Pfam		DUF2840,GFO_IDH_MocA,Glyco_hydro_109_C,NAD_binding_3	PF11000.14,PF01408.29,PF21252.4,PF03447.23	0.02,2.1e-21,3.4e-07,0.00033
AC1KRY_001052	AOBS17_30	1	1	0	0	0	0	0	0	0		2-Hacid_dh_C,3HCDH_N,DUF6497,F420_oxidored,NAD_binding_11,NAD_binding_2,RedAm-like_C	Pfam		2-Hacid_dh_C,3HCDH_N,DUF6497,F420_oxidored,NAD_binding_11,NAD_binding_2,RedAm-like_C	PF02826.26,PF02737.25,PF20107.5,PF03807.24,PF14833.12,PF03446.22,PF21761.3	2.4e-06,0.00018,0.0079,0.00025,3.4e-42,5.4e-39,0.01
AC1KRY_001053	AOBS17_30	1	1	0	0	0	0	0	0	0		3Beta_HSD,ACP_SdgA_C,AMP-binding,AMP-binding_C_3,Epimerase,GDP_Man_Dehyd,KR,NAD_binding_4,p450,Polysacc_synt_2,PP-binding,RmlD_sub_bind,Semialdhyde_dh	Pfam		3Beta_HSD,ACP_SdgA_C,AMP-binding,AMP-binding_C_3,Epimerase,GDP_Man_Dehyd,KR,NAD_binding_4,p450,Polysacc_synt_2,PP-binding,RmlD_sub_bind,Semialdhyde_dh	PF01073.26,PF23297.2,PF00501.35,PF23562.3,PF01370.28,PF16363.12,PF08659.17,PF07993.19,PF00067.28,PF02719.22,PF00550.32,PF04321.24,PF01118.31	2e-05,0.0015,3.2e-38,9.4e-35,6.5e-17,1.1e-05,4.7e-05,2.5e-44,8.6e-40,0.0013,2.9e-08,0.00074,0.0084
AC1KRY_001054	AOBS17_30	1	1	0	0	0	0	0	0	0		Fungal_trans,SSTK-IP,Zn_clus	Pfam		Fungal_trans,SSTK-IP,Zn_clus	PF04082.24,PF15836.11,PF00172.24	3.9e-32,0.074,1.5e-11
AC1KRY_001056	AOBS17_30	1	1	1	0	1	0	0	0	0							
AC1KRY_001057	AOBS17_30	1	1	0	0	0	0	0	0	0		DEAD,Helicase_C,ResIII,RING_XB3-XBAT31,Sina_RING,SNF2-rel_dom,TMEM129_C,zf-C3HC4,zf-C3HC4_2,zf-C3HC4_3,zf-C3HC4_4,zf-C3HC4_5,zf-RING_2,zf-RING_5,zf-RING_UBOX,zf_Tbcl	Pfam		DEAD,Helicase_C,ResIII,RING_XB3-XBAT31,Sina_RING,SNF2-rel_dom,TMEM129_C,zf-C3HC4,zf-C3HC4_2,zf-C3HC4_3,zf-C3HC4_4,zf-C3HC4_5,zf-RING_2,zf-RING_5,zf-RING_UBOX,zf_Tbcl	PF00270.36,PF00271.38,PF04851.22,PF24921.2,PF21362.4,PF00176.30,PF29721.1,PF00097.32,PF13923.13,PF13920.13,PF15227.13,PF17121.12,PF13639.13,PF14634.13,PF13445.13,PF13451.13	1.9e-07,3.8e-18,1.5e-09,1.1e-07,0.72,1.8e-64,0.018,0.00068,0.029,8.7e-06,0.65,4,0.00028,3.6e-06,0.011,0.5
AC1KRY_001059	AOBS17_30	1	1	0	1	1	0	0	0	0							
AC1KRY_001060	AOBS17_30	1	1	0	0	1	0	0	0	1							
AC1KRY_001062	AOBS17_30	1	1	1	1	1	0	0	0	1							
AC1KRY_001064	AOBS17_30	1	1	0	0	0	0	1	0	0							
AC1KRY_001065	AOBS17_30	1	1	1	1	1	0	0	0	1							
AC1KRY_001068	AOBS17_30	1	1	0	0	0	0	0	0	0		Clathrin,HAT_PRP39_C,MSC6_N,MxiC_C,PPR,PPR_1,PPR_2,PPR_3,PPR_long,RMD9_mid,RMD9_N,TPR_12,TPR_14,TPR_19,TPR_24,Ubiquitin_PRKD1_N	Pfam		Clathrin,HAT_PRP39_C,MSC6_N,MxiC_C,PPR,PPR_1,PPR_2,PPR_3,PPR_long,RMD9_mid,RMD9_N,TPR_12,TPR_14,TPR_19,TPR_24,Ubiquitin_PRKD1_N	PF00637.27,PF23241.2,PF29070.1,PF21439.2,PF01535.27,PF12854.14,PF13041.13,PF13812.13,PF17177.11,PF28771.1,PF28753.1,PF13424.13,PF13428.13,PF14559.13,PF23276.3,PF25525.2	0.0038,0.0014,4.9e-11,0.0015,6.4e-07,6.7e-07,2.2e-13,1.1e-10,2.7e-09,6e-08,1.5e-05,0.0049,0.00017,7.6e-05,2.4e-06,0.0085
AC1KRY_001070	AOBS17_30	1	1	0	0	0	0	1	0	0							
AC1KRY_001074	AOBS17_30	1	1	0	0	0	0	0	0	0		ApeI-like,C2,MUN,Phage_Mu_Gp27,TPR_PATROL1	Pfam		ApeI-like,C2,MUN,Phage_Mu_Gp27,TPR_PATROL1	PF22818.3,PF00168.37,PF06292.24,PF11985.14,PF25761.2	0.012,1.9e-10,3.3e-19,0.00084,2.3e-07
AC1KRY_001094	AOBS17_30	1	1	0	0	0	0	0	0	0		Helicase_C,ResIII,RHH_ERCC6L2,SNF2-rel_dom,VIGSSK	Pfam		Helicase_C,ResIII,RHH_ERCC6L2,SNF2-rel_dom,VIGSSK	PF00271.38,PF04851.22,PF25806.1,PF00176.30,PF14773.12	1e-24,2.1e-05,3.8e-17,3.5e-47,2.8e-10
AC1KRY_001095	AOBS17_30	1	1	0	0	0	0	0	0	0		Hist_deacetyl	Pfam		Hist_deacetyl	PF00850.25	1.6e-89
AC1KRY_001098	AOBS17_30	1	1	1	1	1	0	0	0	1							
AC1KRY_001103	AOBS17_30	1	1	0	0	0	0	0	0	0		MFS_1,Sugar_tr	Pfam		MFS_1,Sugar_tr	PF07690.22,PF00083.31	3.9e-18,3.7e-83
AC1KRY_001104	AOBS17_30	1	1	1	0	0	0	0	0	0							
AC1KRY_001106	AOBS17_30	1	1	0	0	0	0	0	0	0		CD34_antigen,Orai-1,SfLAP,TRP	Pfam		CD34_antigen,Orai-1,SfLAP,TRP	PF06365.18,PF07856.18,PF11139.15,PF06011.18	0.16,0.52,5.7,9.2e-35
AC1KRY_004400	AOBS17_30	1	1	0	0	0	0	0	0	0		AAA,AAA_16,AAA_21,AAA_22,AAA_23,AAA_25,AAA_28,AAA_29,AAA_30,ABC_ATPase,ABC_tran,ABC_tran_Xtn,ATG38_C,CATSPERD-E_C,DAP3,MMR_HSR1,NACHT,NB-ARC,nSTAND3,nSTAND6,nSTAND_NTPase5,RsgA_GTPase,SMC_N	Pfam		AAA,AAA_16,AAA_21,AAA_22,AAA_23,AAA_25,AAA_28,AAA_29,AAA_30,ABC_ATPase,ABC_tran,ABC_tran_Xtn,ATG38_C,CATSPERD-E_C,DAP3,MMR_HSR1,NACHT,NB-ARC,nSTAND3,nSTAND6,nSTAND_NTPase5,RsgA_GTPase,SMC_N	PF00004.36,PF13191.13,PF13304.13,PF13401.13,PF13476.13,PF13481.13,PF13521.13,PF13555.13,PF13604.13,PF09818.16,PF00005.34,PF12848.14,PF29379.1,PF22850.2,PF10236.16,PF01926.30,PF05729.19,PF00931.29,PF20720.4,PF25201.1,PF25199.2,PF03193.23,PF02463.26	0.00039,7.4e-07,1.2e-11,9.9e-06,2.4e-07,0.0069,5.8e-05,4.1e-07,2.8e-05,0.0012,6.8e-41,6e-07,0.0094,0.009,0.0011,0.00021,0.00096,0.0057,0.098,0.0011,0.0039,5.3e-06,1.1e-12
AC1KRY_004402	AOBS17_30	1	1	1	1	1	0	1	0	1							
AC1KRY_004403	AOBS17_30	1	1	1	1	1	0	1	0	1							
AC1KRY_004405	AOBS17_30	1	1	1	0	0	0	0	0	0							
AC1KRY_004406	AOBS17_30	1	1	0	0	0	0	0	0	0		Fungal_trans,Zn_clus	Pfam		Fungal_trans,Zn_clus	PF04082.24,PF00172.24	2.1e-34,1e-10
AC1KRY_004407	AOBS17_30	1	1	0	0	0	0	0	0	0		DUF908,PWWP	Pfam		DUF908,PWWP	PF06012.18,PF00855.24	0.42,6.1e-17
AC1KRY_004410	AOBS17_30	1	1	0	0	0	0	0	0	0		DUF229,Phosphodiest,SGSH_C,Sulfatase,Sulfatase_C	Pfam		DUF229,Phosphodiest,SGSH_C,Sulfatase,Sulfatase_C	PF02995.23,PF01663.28,PF16347.11,PF00884.29,PF14707.12	0.0041,2.1e-06,3.7e-11,1.3e-61,0.00035
AC1KRY_004412	AOBS17_30	1	1	0	0	0	0	0	0	0		Alpha-L-AF_C,ASD1_dom,Glyco_hydro_79n,MatP	Pfam		Alpha-L-AF_C,ASD1_dom,Glyco_hydro_79n,MatP	PF06964.19,PF22848.3,PF03662.21,PF06303.18	1.3e-37,8e-29,0.00018,0.0004
AC1KRY_004413	AOBS17_30	1	1	0	0	0	0	0	0	0		Fungal_trans	Pfam		Fungal_trans	PF04082.24	6.2e-19
AC1KRY_004414	AOBS17_30	1	1	0	0	0	0	0	0	0		Phosphodiest,SGSH_C,Sulfatase,Sulfatase_C	Pfam		Phosphodiest,SGSH_C,Sulfatase,Sulfatase_C	PF01663.28,PF16347.11,PF00884.29,PF14707.12	0.00016,2.9e-07,1.4e-36,0.016
AC1KRY_004416	AOBS17_30	1	1	0	0	0	0	0	0	0		AF_1314_N,AlaDh_PNT_C,Amino_oxidase,Cyt-b5,DAO,FAD_binding_2,FAD_binding_3,FAD_oxidored,GIDA,HI0933_like,NAD_binding_8,NAD_binding_9,Pyr_redox,Pyr_redox_2,Pyr_redox_3,Thi4	Pfam		AF_1314_N,AlaDh_PNT_C,Amino_oxidase,Cyt-b5,DAO,FAD_binding_2,FAD_binding_3,FAD_oxidored,GIDA,HI0933_like,NAD_binding_8,NAD_binding_9,Pyr_redox,Pyr_redox_2,Pyr_redox_3,Thi4	PF29717.1,PF01262.28,PF01593.31,PF00173.34,PF01266.31,PF00890.31,PF01494.26,PF12831.14,PF01134.29,PF03486.21,PF13450.13,PF13454.13,PF00070.34,PF07992.21,PF13738.13,PF01946.24	0.015,0.0046,0.00057,1.9e-21,5.3e-15,3e-74,0.00025,2.3e-11,1.7e-05,1.3e-12,1.1e-09,0.006,8.8e-05,1.2e-07,7.2e-05,8.5e-06
AC1KRY_004417	AOBS17_30	1	1	0	0	0	0	1	0	0							
AC1KRY_004419	AOBS17_30	1	1	0	0	0	0	0	0	0		ABC1,APH,Choline_kinase,Kdo,Pkinase,Pkinase_fungal,PK_Tyr_Ser-Thr	Pfam		ABC1,APH,Choline_kinase,Kdo,Pkinase,Pkinase_fungal,PK_Tyr_Ser-Thr	PF03109.23,PF01636.30,PF01633.27,PF06293.21,PF00069.32,PF17667.8,PF07714.24	3e-05,1.4e-08,0.0023,0.0025,1.3e-60,8.3e-05,1.2e-18
AC1KRY_004421	AOBS17_30	1	1	0	0	0	0	0	0	0		DUF5127,GtaA_6_Hairpin	Pfam		DUF5127,GtaA_6_Hairpin	PF17168.11,PF16335.11	4.8e-17,1.2e-126
AC1KRY_004423	AOBS17_30	1	1	0	0	0	0	0	0	0		RRG8	Pfam		RRG8	PF17068.12	2.8e-08
AC1KRY_004426	AOBS17_30	1	1	0	0	0	0	1	0	0							
AC1KRY_004428	AOBS17_30	1	1	0	0	0	0	0	0	0		DUF421,Polyoma_coat	Pfam		DUF421,Polyoma_coat	PF04239.18,PF00718.29	2.1e-11,0.015
AC1KRY_004431	AOBS17_30	1	1	0	0	0	0	0	0	0		DUF7268,Na_H_Exchanger,YddC,YrhC	Pfam		DUF7268,Na_H_Exchanger,YddC,YrhC	PF23930.2,PF00999.27,PF29813.1,PF14143.12	0.014,2.1e-45,0.16,0.078
AC1KRY_004433	AOBS17_30	1	1	0	0	0	0	0	0	0		WAR1_C,Zn_clus	Pfam		WAR1_C,Zn_clus	PF29050.1,PF00172.24	9.9e-05,4.2e-06
AC1KRY_004434	AOBS17_30	1	1	0	0	0	0	0	0	0		Hpt,XRCC4_C,Zn_clus	Pfam		Hpt,XRCC4_C,Zn_clus	PF01627.29,PF21925.2,PF00172.24	0.012,0.024,1.5e-07
AC1KRY_004435	AOBS17_30	1	1	0	0	0	0	0	0	0		Zn_clus	Pfam		Zn_clus	PF00172.24	0.00019
AC1KRY_004436	AOBS17_30	1	1	0	0	0	0	0	0	0		Rota_NS53,WAR1_C,Zn_clus	Pfam		Rota_NS53,WAR1_C,Zn_clus	PF00981.23,PF29050.1,PF00172.24	0.0065,1.6e-07,1.6e-07
AC1KRY_004437	AOBS17_30	1	1	0	0	0	0	0	0	0		DUF8432,MFS_1,Sugar_tr,TRI12	Pfam		DUF8432,MFS_1,Sugar_tr,TRI12	PF28536.1,PF07690.22,PF00083.31,PF06609.19	0.015,2.2e-29,2.5e-09,2.4e-13
AC1KRY_004442	AOBS17_30	1	1	1	1	0	0	0	0	1							
AC1KRY_004443	AOBS17_30	1	1	0	0	0	0	0	0	0		FAD_binding_3,Pyr_redox,Pyr_redox_2,Rng_hyd_C	Pfam		FAD_binding_3,Pyr_redox,Pyr_redox_2,Rng_hyd_C	PF01494.26,PF00070.34,PF07992.21,PF21274.4	4e-05,0.018,0.012,1.6e-06
AC1KRY_004445	AOBS17_30	1	1	0	0	0	0	0	0	0		adh_short,adh_short_C2,DUF1776,Epimerase,Glyco_transf_17,KR,SDR	Pfam		adh_short,adh_short_C2,DUF1776,Epimerase,Glyco_transf_17,KR,SDR	PF00106.32,PF13561.13,PF08643.17,PF01370.28,PF04724.19,PF08659.17,PF23441.1	2.4e-52,9.8e-56,0.00013,0.00054,0.019,1.3e-12,4.4e-08
AC1KRY_004449	AOBS17_30	1	1	0	0	0	0	0	0	0		Beta-prop_EML_2,Beta-prop_IFT122_1st,Beta-prop_RIG_2nd,Beta-prop_TEP1_2nd,Beta-prop_THOC3,Beta-prop_WDR3_1st,Beta-prop_WDR5,DNAI3_WD,DSE1_N,MIOS_a-sol,WD40,WD40_CDC20-Fz,WD40_Prp19	Pfam		Beta-prop_EML_2,Beta-prop_IFT122_1st,Beta-prop_RIG_2nd,Beta-prop_TEP1_2nd,Beta-prop_THOC3,Beta-prop_WDR3_1st,Beta-prop_WDR5,DNAI3_WD,DSE1_N,MIOS_a-sol,WD40,WD40_CDC20-Fz,WD40_Prp19	PF23414.2,PF23381.2,PF23775.2,PF25047.1,PF25174.2,PF25173.2,PF25175.2,PF28639.1,PF29037.1,PF21719.4,PF00400.39,PF24807.2,PF24814.2	0.0011,0.00018,1.8e-06,0.00013,2.9e-08,1.9e-08,2.1e-07,2.9e-06,0.0004,3.6e-20,1.6e-06,4.5e-06,0.00088
AC1KRY_004450	AOBS17_30	1	1	0	0	1	0	0	0	1							
AC1KRY_004459	AOBS17_30	1	1	0	1	0	0	1	0	1							
AC1KRY_004463	AOBS17_30	1	1	0	0	0	0	1	0	0							
AC1KRY_004466	AOBS17_30	1	1	0	0	0	0	0	0	0		DUF1295,ERG4_ERG24,ICMT,Stb3	Pfam		DUF1295,ERG4_ERG24,ICMT,Stb3	PF06966.18,PF01222.23,PF04140.20,PF10330.15	3.5e-05,7e-115,0.00073,3.9e-19
AC1KRY_004467	AOBS17_30	1	1	1	1	1	0	0	0	1							
AC1KRY_004468	AOBS17_30	1	1	1	1	1	0	0	0	0							
AC1KRY_004478	AOBS17_30	1	1	0	0	0	0	0	0	0		FA_desaturase,MerT_actino,MFS_1,PycTM,Sugar_tr	Pfam		FA_desaturase,MerT_actino,MFS_1,PycTM,Sugar_tr	PF00487.31,PF29623.1,PF07690.22,PF18967.6,PF00083.31	2.2,0.00049,2.9e-42,0.028,4.8e-13
AC1KRY_004479	AOBS17_30	1	1	0	0	0	0	0	0	0		Amidase,DUF5071	Pfam		Amidase,DUF5071	PF01425.27,PF16804.12	1.3e-33,0.0045
AC1KRY_004480	AOBS17_30	1	1	0	0	0	0	0	0	0		zf_Hakai	Pfam		zf_Hakai	PF18408.8	0.045
AC1KRY_004483	AOBS17_30	1	1	0	0	0	0	0	0	0		AIF-1,CFAP251_C,EF-hand_1,EF-hand_11,EF-hand_5,EF-hand_6,EF-hand_7,EF-hand_8,EF-hand_9,EF-hand_EFHB_C	Pfam		AIF-1,CFAP251_C,EF-hand_1,EF-hand_11,EF-hand_5,EF-hand_6,EF-hand_7,EF-hand_8,EF-hand_9,EF-hand_EFHB_C	PF21008.4,PF30551.1,PF00036.39,PF08976.18,PF13202.13,PF13405.13,PF13499.13,PF13833.13,PF14658.13,PF25325.2	1.4e-07,1.3e-07,1.6e-08,0.0044,0.0022,1.9e-12,2e-16,1.9e-05,3.5e-07,0.0001
AC1KRY_004484	AOBS17_30	1	1	1	1	1	0	0	0	1							
AC1KRY_004485	AOBS17_30	1	1	0	0	0	0	1	0	0							
AC1KRY_004493	AOBS17_30	1	1	0	0	0	0	0	0	0							
AC1KRY_004494	AOBS17_30	1	1	0	0	0	0	0	0	0		CUE	Pfam		CUE	PF02845.23	0.0098
AC1KRY_004497	AOBS17_30	1	1	0	0	1	0	1	0	0							
AC1KRY_004499	AOBS17_30	1	1	1	0	0	0	0	0	1							
AC1KRY_004500	AOBS17_30	1	1	1	1	1	0	0	0	0							
AC1KRY_004503	AOBS17_30	1	1	0	0	0	0	0	0	0		MFS_1,OppC_N,Sugar_tr	Pfam		MFS_1,OppC_N,Sugar_tr	PF07690.22,PF12911.13,PF00083.31	7.8e-20,0.0067,2.7e-91
AC1KRY_004504	AOBS17_30	1	1	1	0	0	0	0	0	1							
AC1KRY_004511	AOBS17_30	1	1	0	0	0	0	0	0	1							
AC1KRY_004528	AOBS17_30	1	1	1	0	1	0	0	0	1							
AC1KRY_004529	AOBS17_30	1	1	0	0	0	0	0	0	0		FAD_binding_1,Flavodoxin_1,Flavodoxin_3,Flavodoxin_5,NAD_binding_1	Pfam		FAD_binding_1,Flavodoxin_1,Flavodoxin_3,Flavodoxin_5,NAD_binding_1	PF00667.27,PF00258.31,PF12641.13,PF12724.13,PF00175.27	2.8e-32,1.2e-35,1.1e-05,0.0046,2.2e-12
AC1KRY_004538	AOBS17_30	1	1	1	0	1	0	1	0	1							
AC1KRY_004545	AOBS17_30	1	1	0	0	0	0	0	0	0		HAT_PRP39_C,HAT_PRP39_N,HAT_Syf1_CNRKL1_C,HAT_Syf1_CNRKL1_N,NRDE-2,Suf,TPR_14,TPR_19	Pfam		HAT_PRP39_C,HAT_PRP39_N,HAT_Syf1_CNRKL1_C,HAT_Syf1_CNRKL1_N,NRDE-2,Suf,TPR_14,TPR_19	PF23241.2,PF23240.2,PF23231.2,PF23233.2,PF08424.16,PF05843.21,PF13428.13,PF14559.13	0.1,5.2e-07,0.0086,2.1e-09,1.1e-72,1.2e-06,9.6e-08,0.0083
AC1KRY_004546	AOBS17_30	1	1	1	1	1	0	1	0	1							
AC1KRY_004547	AOBS17_30	1	1	0	0	0	0	0	0	0		DUF6244,DUF8522,Misat_Tub_SegII,Tubulin,Tubulin_3	Pfam		DUF6244,DUF8522,Misat_Tub_SegII,Tubulin,Tubulin_3	PF19757.5,PF29237.1,PF10644.16,PF00091.32,PF14881.13	0.0026,0.017,1.3e-32,0.00058,1.6e-56
AC1KRY_004548	AOBS17_30	1	1	1	1	1	0	1	0	1							
AC1KRY_004553	AOBS17_30	1	1	1	1	1	0	1	0	0							
AC1KRY_004556	AOBS17_30	1	1	0	0	0	0	0	0	0		CAP	Pfam		CAP	PF00188.33	2.3e-16
AC1KRY_004558	AOBS17_30	1	1	0	0	0	0	0	0	0		CID,DUF2457,Nrd1-Seb1_dom2,RRM_1,RRM_7	Pfam		CID,DUF2457,Nrd1-Seb1_dom2,RRM_1,RRM_7	PF04818.20,PF10446.15,PF21380.3,PF00076.29,PF16367.12	2.7e-12,0.35,5.2e-34,8.3e-09,0.0017
AC1KRY_004560	AOBS17_30	1	1	0	0	0	0	0	0	0		AVEN	Pfam		AVEN	PF28377.1	0.00021
AC1KRY_004571	AOBS17_30	1	1	0	0	0	0	0	0	0		LRR_8,LRR_MHP1-HER1-GIP3	Pfam		LRR_8,LRR_MHP1-HER1-GIP3	PF13855.13,PF29247.1	0.0026,0.00016
AC1KRY_004578	AOBS17_30	1	1	0	0	0	0	0	0	0		DUF7924,PDDEXK_12	Pfam		DUF7924,PDDEXK_12	PF25545.2,PF20516.5	7e-06,2.1e-05
AC1KRY_004581	AOBS17_30	1	1	1	1	0	0	1	0	1							
AC1KRY_004583	AOBS17_30	1	1	1	0	0	0	0	0	1							
AC1KRY_004585	AOBS17_30	1	1	0	0	0	0	0	0	0		CHP02642,DnaJ,DnaJ_C,DnaJ_CXXCXGXG,LTXXQ,NUDIX	Pfam		CHP02642,DnaJ,DnaJ_C,DnaJ_CXXCXGXG,LTXXQ,NUDIX	PF27659.1,PF00226.37,PF01556.24,PF00684.26,PF07813.18,PF00293.35	5,4.8e-23,1.1e-38,2.3e-11,0.0079,5.3e-13
AC1KRY_004588	AOBS17_30	1	1	0	0	0	0	0	0	0		TAF2_3rd,zf-PARP	Pfam		TAF2_3rd,zf-PARP	PF25316.2,PF00645.26	0.026,0.0022
AC1KRY_004589	AOBS17_30	1	1	1	1	1	0	0	0	1							
AC1KRY_004590	AOBS17_30	1	1	0	0	0	0	0	0	0							
AC1KRY_004592	AOBS17_30	1	1	0	0	0	0	0	0	0		Anamorsin_N,CpcD,Methyltransf_11,Methyltransf_12,Methyltransf_23,Methyltransf_25,Methyltransf_31,Ubie_methyltran	Pfam		Anamorsin_N,CpcD,Methyltransf_11,Methyltransf_12,Methyltransf_23,Methyltransf_25,Methyltransf_31,Ubie_methyltran	PF20922.4,PF01383.28,PF08241.19,PF08242.19,PF13489.13,PF13649.13,PF13847.13,PF01209.25	0.0018,0.0035,1.4e-16,1.4e-11,0.00026,3.1e-14,4.4e-07,5.6e-07
AC1KRY_004601	AOBS17_30	1	1	0	0	0	0	0	0	0		Phosphodiest,SelB_WH1,SGSH_C,Sulfatase,Sulfatase_C	Pfam		Phosphodiest,SelB_WH1,SGSH_C,Sulfatase,Sulfatase_C	PF01663.28,PF22153.3,PF16347.11,PF00884.29,PF14707.12	0.00019,0.008,2.8e-10,3e-54,0.00073
AC1KRY_004602	AOBS17_30	1	1	0	0	0	0	0	0	1							
AC1KRY_004606	AOBS17_30	1	1	0	0	0	0	0	0	0		F-box-like,Plug_translocon	Pfam		F-box-like,Plug_translocon	PF12937.13,PF10559.15	1.3e-05,0.01
AC1KRY_004611	AOBS17_30	1	1	0	0	1	0	0	0	1							
AC1KRY_004613	AOBS17_30	1	1	0	0	0	0	0	0	0		Nbl1_Borealin_N	Pfam		Nbl1_Borealin_N	PF10444.15	0.013
AC1KRY_004618	AOBS17_30	1	1	0	0	0	0	0	0	0							
AC1KRY_001109	AOBS17_30	1	1	0	0	0	0	0	0	0		Caleosin,EF-hand_1,EF-hand_5,EF-hand_6,EF-hand_7,EF-hand_8	Pfam		Caleosin,EF-hand_1,EF-hand_5,EF-hand_6,EF-hand_7,EF-hand_8	PF05042.20,PF00036.39,PF13202.13,PF13405.13,PF13499.13,PF13833.13	0.014,3.8e-12,2e-08,4.3e-11,2.9e-11,9.5e-07
AC1KRY_001113	AOBS17_30	1	1	0	0	0	0	0	0	0		Diphthamide_syn,Polysacc_deac_2	Pfam		Diphthamide_syn,Polysacc_deac_2	PF01866.23,PF04748.19	1.9e-67,0.0064
AC1KRY_001119	AOBS17_30	1	1	0	0	1	0	0	0	0							
AC1KRY_001128	AOBS17_30	1	1	1	1	1	0	0	0	1							
AC1KRY_001131	AOBS17_30	1	1	0	0	0	0	0	0	0		tRNA-synt_2,tRNA-synt_2b,tRNA_anti-codon	Pfam		tRNA-synt_2,tRNA-synt_2b,tRNA_anti-codon	PF00152.26,PF00587.31,PF01336.32	1.2e-101,0.0039,7.9e-07
AC1KRY_001135	AOBS17_30	1	1	0	0	0	0	0	0	0		S4,SYY_C-terminal,tRNA-synt_1b,TyrRSs_C	Pfam		S4,SYY_C-terminal,tRNA-synt_1b,TyrRSs_C	PF01479.31,PF22421.2,PF00579.32,PF16714.11	0.0046,3.5e-06,5.2e-77,2.3e-07
AC1KRY_001138	AOBS17_30	1	1	1	1	1	0	1	0	1							
AC1KRY_001145	AOBS17_30	1	1	0	0	0	0	0	0	0		Anticodon_1,tRNA-synt_1,tRNA-synt_1e,tRNA-synt_1f,tRNA-synt_1g,tRNA-synt_1_2,zf-FPG_IleRS	Pfam		Anticodon_1,tRNA-synt_1,tRNA-synt_1e,tRNA-synt_1f,tRNA-synt_1g,tRNA-synt_1_2,zf-FPG_IleRS	PF08264.20,PF00133.29,PF01406.26,PF01921.25,PF09334.18,PF13603.13,PF06827.21	2.2e-24,1.8e-105,5.1e-05,0.00052,1.9e-20,0.0054,0.03
AC1KRY_001146	AOBS17_30	1	1	0	0	0	0	0	0	0		Aldedh	Pfam		Aldedh	PF00171.28	6.3e-166
AC1KRY_001149	AOBS17_30	1	1	0	0	0	0	0	0	0		DNA_photolyase,FAD_binding_7,SPEF2_C	Pfam		DNA_photolyase,FAD_binding_7,SPEF2_C	PF00875.25,PF03441.20,PF24082.2	9.2e-17,1.2e-55,0.012
AC1KRY_001150	AOBS17_30	1	1	0	0	0	0	1	0	0							
AC1KRY_001153	AOBS17_30	1	1	0	0	0	0	0	0	0		DUF5665,MFS_1,Sugar_tr,TRI12	Pfam		DUF5665,MFS_1,Sugar_tr,TRI12	PF18910.6,PF07690.22,PF00083.31,PF06609.19	0.36,4.6e-40,3.9e-10,2.1e-10
AC1KRY_001155	AOBS17_30	1	1	1	1	1	0	0	0	1							
AC1KRY_001157	AOBS17_30	1	1	0	0	0	0	0	0	0		Metallophos,NPR1_interact,STPPase_N	Pfam		Metallophos,NPR1_interact,STPPase_N	PF00149.34,PF15699.11,PF16891.11	3.3e-45,0.049,2.2e-18
AC1KRY_001162	AOBS17_30	1	1	0	0	0	0	1	0	0							
AC1KRY_001164	AOBS17_30	1	1	0	0	0	0	0	0	0		ANAPC4_WD40,ASA1,Beta-prop_Aladin,Beta-prop_CAF1B_HIR1,Beta-prop_DCAF12,Beta-prop_DCAF4,Beta-prop_EML,Beta-prop_EML_2,Beta-prop_HPS5,Beta-prop_IFT122_1st,Beta-prop_IFT140_1st,Beta-prop_NOL10_N,Beta-prop_NUP159_NUP214,Beta-prop_pof12,Beta-prop_RIG_2nd,Beta-prop_RSE1_2nd,Beta-prop_TEP1_2nd,Beta-prop_TEP1_C,Beta-prop_THOC3,Beta-prop_Vps41,Beta-prop_VPS8,Beta-prop_WDR11_1st,Beta-prop_WDR19_1st,Beta-prop_WDR35_TULP_N,Beta-prop_WDR36-Utp21_1st,Beta-prop_WDR36-Utp21_2nd,Beta-prop_WDR3_1st,Beta-prop_WDR3_2nd,Beta-prop_WDR5,Beta-prop_WDR75_1st,Beta-prop_WDR90_POC16_2nd,CFAP251_N,DSE1_N,eIF2A,EIF3I,Frtz,Ge1_WD40,KNTC1_N,NBCH_WD40,PEP5_VPS11_N,PHTB1_N,RMC1_N,TFIIIC_delta,Tricorn_2nd,TRM82_WD,VID27,WD40,WD40_CDC20-Fz,WD40_Gbeta,WD40_MABP1-WDR62_1st,WD40_MABP1-WDR62_2nd,WD40_Prp19,WD40_WDHD1_1st,WDR55,WDR90_beta-prop_4th	Pfam		ANAPC4_WD40,ASA1,Beta-prop_Aladin,Beta-prop_CAF1B_HIR1,Beta-prop_DCAF12,Beta-prop_DCAF4,Beta-prop_EML,Beta-prop_EML_2,Beta-prop_HPS5,Beta-prop_IFT122_1st,Beta-prop_IFT140_1st,Beta-prop_NOL10_N,Beta-prop_NUP159_NUP214,Beta-prop_pof12,Beta-prop_RIG_2nd,Beta-prop_RSE1_2nd,Beta-prop_TEP1_2nd,Beta-prop_TEP1_C,Beta-prop_THOC3,Beta-prop_Vps41,Beta-prop_VPS8,Beta-prop_WDR11_1st,Beta-prop_WDR19_1st,Beta-prop_WDR35_TULP_N,Beta-prop_WDR36-Utp21_1st,Beta-prop_WDR36-Utp21_2nd,Beta-prop_WDR3_1st,Beta-prop_WDR3_2nd,Beta-prop_WDR5,Beta-prop_WDR75_1st,Beta-prop_WDR90_POC16_2nd,CFAP251_N,DSE1_N,eIF2A,EIF3I,Frtz,Ge1_WD40,KNTC1_N,NBCH_WD40,PEP5_VPS11_N,PHTB1_N,RMC1_N,TFIIIC_delta,Tricorn_2nd,TRM82_WD,VID27,WD40,WD40_CDC20-Fz,WD40_Gbeta,WD40_MABP1-WDR62_1st,WD40_MABP1-WDR62_2nd,WD40_Prp19,WD40_WDHD1_1st,WDR55,WDR90_beta-prop_4th	PF12894.14,PF29630.1,PF25460.2,PF24105.2,PF23760.2,PF23761.2,PF23409.2,PF23414.2,PF23756.2,PF23381.2,PF23383.2,PF23098.2,PF16755.12,PF25499.3,PF23775.2,PF23726.2,PF25047.1,PF25048.2,PF25174.2,PF23411.2,PF23410.5,PF23751.2,PF23389.2,PF24797.2,PF25171.2,PF25168.2,PF25173.2,PF25172.2,PF25175.2,PF23869.2,PF23393.3,PF30552.1,PF29037.1,PF08662.18,PF24805.2,PF11768.15,PF16529.12,PF24506.2,PF20426.5,PF23341.2,PF14727.14,PF21029.4,PF12657.14,PF26550.2,PF30361.1,PF08553.17,PF00400.39,PF24807.2,PF25391.2,PF24780.2,PF24782.3,PF24814.2,PF24817.2,PF24796.2,PF23342.2	6.9e-21,3.8e-06,6.9e-10,3.2e-09,0.0012,0.0016,1.4e-16,1.2e-26,1.5e-10,8.1e-36,2.5e-09,1.9e-14,1.5e-09,0.0057,3.7e-14,1.1e-08,3.6e-17,3.3e-07,3.7e-30,5.3e-08,3.4e-14,5.3e-05,6.9e-09,2.5e-05,3.1e-24,1.9e-19,8.3e-35,4.1e-21,3.2e-29,1.2e-05,1.6e-14,1.3e-05,3.7e-07,0.00038,4.9e-15,0.0039,3.4e-08,0.0015,3.1e-05,3.1e-09,0.00015,3e-09,4.8e-05,0.0001,0.0011,0.0032,4.6e-24,2.6e-33,1e-13,1e-06,1.4e-11,5.2e-27,3e-20,1.6e-20,4.5e-08
AC1KRY_001166	AOBS17_30	1	1	1	1	1	0	0	0	1							
AC1KRY_001167	AOBS17_30	1	1	0	0	0	0	0	0	0		CDH-cyt,COPI_assoc,Cytochrom_B561,DOMON,DUF2427	Pfam		CDH-cyt,COPI_assoc,Cytochrom_B561,DOMON,DUF2427	PF16010.11,PF08507.16,PF03188.22,PF03351.23,PF10348.15	2e-11,0.38,8e-06,2.6e-05,9.1e-06
AC1KRY_001169	AOBS17_30	1	1	0	0	0	0	0	0	0		Peptidase_S11	Pfam		Peptidase_S11	PF00768.26	0.0071
AC1KRY_001172	AOBS17_30	1	1	0	0	0	0	0	0	0		Kdo,Kinase-like,Pkinase,Pkinase_fungal,PK_Tyr_Ser-Thr,YrbL-PhoP_reg	Pfam		Kdo,Kinase-like,Pkinase,Pkinase_fungal,PK_Tyr_Ser-Thr,YrbL-PhoP_reg	PF06293.21,PF14531.13,PF00069.32,PF17667.8,PF07714.24,PF10707.16	0.0011,0.0045,2.3e-37,0.00011,2.3e-27,0.015
AC1KRY_001179	AOBS17_30	1	1	0	0	1	0	0	0	1							
AC1KRY_001181	AOBS17_30	1	1	0	0	0	0	0	0	0		YpmT	Pfam		YpmT	PF17431.8	0.011
AC1KRY_001182	AOBS17_30	1	1	0	0	0	0	0	0	0		DUF1304,Syja_N	Pfam		DUF1304,Syja_N	PF06993.18,PF02383.24	0.039,6.9e-86
AC1KRY_001186	AOBS17_30	1	1	0	0	0	0	0	0	0		ACAS_N,AMP-binding,AMP-binding_C	Pfam		ACAS_N,AMP-binding,AMP-binding_C	PF16177.12,PF00501.35,PF13193.13	1.8e-18,2.2e-73,1.2e-19
AC1KRY_001189	AOBS17_30	1	1	0	0	0	0	0	0	0		ANAPC4_WD40,ASA1,Beta-prop_ACSF4,Beta-prop_Aladin,Beta-prop_CAF1B_HIR1,Beta-prop_DCAF4,Beta-prop_EIPR1,Beta-prop_EML,Beta-prop_EML_2,Beta-prop_HPS5,Beta-prop_IFT122_1st,Beta-prop_IFT140_1st,Beta-prop_NOL10_N,Beta-prop_Nup120_160,Beta-prop_NWD2_C,Beta-prop_RIG_2nd,Beta-prop_SCAP,Beta-prop_SPT8,Beta-prop_TEP1_2nd,Beta-prop_TEP1_C,Beta-prop_THOC3,Beta-prop_Vps41,Beta-prop_VPS8,Beta-prop_WDR19_1st,Beta-prop_WDR36-Utp21_1st,Beta-prop_WDR36-Utp21_2nd,Beta-prop_WDR3_1st,Beta-prop_WDR3_2nd,Beta-prop_WDR41,Beta-prop_WDR5,Beta-prop_WDR75_1st,Beta-prop_WDR75_2nd,Beta-prop_WDR90_POC16_2nd,CFAP251_N,DSE1_N,EIF3I,NBCH_WD40,PAC11,PQQ_2,Tricorn_2nd,TRM82_WD,WD40,WD40_CDC20-Fz,WD40_Gbeta,WD40_MABP1-WDR62_1st,WD40_MABP1-WDR62_2nd,WD40_Prp19,WD40_RFWD3,WD40_WDHD1_1st,WDR54,WDR55,WDR90_beta-prop_4th,WD_LRWD1,YJR039W_M	Pfam		ANAPC4_WD40,ASA1,Beta-prop_ACSF4,Beta-prop_Aladin,Beta-prop_CAF1B_HIR1,Beta-prop_DCAF4,Beta-prop_EIPR1,Beta-prop_EML,Beta-prop_EML_2,Beta-prop_HPS5,Beta-prop_IFT122_1st,Beta-prop_IFT140_1st,Beta-prop_NOL10_N,Beta-prop_Nup120_160,Beta-prop_NWD2_C,Beta-prop_RIG_2nd,Beta-prop_SCAP,Beta-prop_SPT8,Beta-prop_TEP1_2nd,Beta-prop_TEP1_C,Beta-prop_THOC3,Beta-prop_Vps41,Beta-prop_VPS8,Beta-prop_WDR19_1st,Beta-prop_WDR36-Utp21_1st,Beta-prop_WDR36-Utp21_2nd,Beta-prop_WDR3_1st,Beta-prop_WDR3_2nd,Beta-prop_WDR41,Beta-prop_WDR5,Beta-prop_WDR75_1st,Beta-prop_WDR75_2nd,Beta-prop_WDR90_POC16_2nd,CFAP251_N,DSE1_N,EIF3I,NBCH_WD40,PAC11,PQQ_2,Tricorn_2nd,TRM82_WD,WD40,WD40_CDC20-Fz,WD40_Gbeta,WD40_MABP1-WDR62_1st,WD40_MABP1-WDR62_2nd,WD40_Prp19,WD40_RFWD3,WD40_WDHD1_1st,WDR54,WDR55,WDR90_beta-prop_4th,WD_LRWD1,YJR039W_M	PF12894.14,PF29630.1,PF13570.14,PF25460.2,PF24105.2,PF23761.2,PF23609.2,PF23409.2,PF23414.2,PF23756.2,PF23381.2,PF23383.2,PF23098.2,PF11715.17,PF23586.3,PF23775.2,PF24017.3,PF23798.2,PF25047.1,PF25048.2,PF25174.2,PF23411.2,PF23410.5,PF23389.2,PF25171.2,PF25168.2,PF25173.2,PF25172.2,PF25178.1,PF25175.2,PF23869.2,PF23769.2,PF23393.3,PF30552.1,PF29037.1,PF24805.2,PF20426.5,PF30151.1,PF13360.14,PF26550.2,PF30361.1,PF00400.39,PF24807.2,PF25391.2,PF24780.2,PF24782.3,PF24814.2,PF23419.3,PF24817.2,PF21031.3,PF24796.2,PF23342.2,PF23215.1,PF30290.1	7.1e-09,3.1e-12,4.6e-10,1.3e-11,3.4e-19,0.00027,2e-09,1.1e-18,1.3e-26,0.0011,2e-41,2.9e-07,3.4e-10,0.0091,4.1e-06,2.5e-12,9.1e-08,4.4e-09,8.5e-21,2.2e-12,3.6e-41,0.00029,1.4e-06,0.0017,3e-18,5.5e-23,4.7e-39,7.5e-31,7.2e-08,6.2e-52,1.1e-09,0.0023,4.1e-16,7.2e-10,6.2e-09,1.1e-20,3.8e-08,9.1e-08,5.3e-05,0.0096,2.2e-08,1e-43,2.2e-26,1.2e-18,9.9e-11,6.6e-17,1.9e-40,2.1e-14,1.1e-34,0.0016,5.7e-26,1.4e-11,3e-05,0.012
AC1KRY_001190	AOBS17_30	1	1	1	1	1	0	0	0	1							
AC1KRY_001191	AOBS17_30	1	1	1	0	0	0	0	0	0							
AC1KRY_001194	AOBS17_30	1	1	1	1	1	0	1	0	0							
AC1KRY_001197	AOBS17_30	1	1	0	0	0	0	0	0	0							
AC1KRY_001198	AOBS17_30	1	1	0	0	0	0	0	0	0		AAA,AAA_11,AAA_14,AAA_16,AAA_2,AAA_22,AAA_30,AAA_33,AAA_5,AAA_assoc_2,AAA_lid_RFC1,Gp44_lid,NB-ARC,NPHP3_N,nSTAND3,nSTAND6,Parvo_NS1,Rad17,RCF1-5-like_lid,RuvB_N	Pfam		AAA,AAA_11,AAA_14,AAA_16,AAA_2,AAA_22,AAA_30,AAA_33,AAA_5,AAA_assoc_2,AAA_lid_RFC1,Gp44_lid,NB-ARC,NPHP3_N,nSTAND3,nSTAND6,Parvo_NS1,Rad17,RCF1-5-like_lid,RuvB_N	PF00004.36,PF13086.13,PF13173.13,PF13191.13,PF07724.21,PF13401.13,PF13604.13,PF13671.13,PF07728.21,PF16193.12,PF25361.2,PF21328.4,PF00931.29,PF24883.3,PF20720.4,PF25201.1,PF01057.24,PF03215.22,PF21960.3,PF05496.19	1.1e-10,0.006,0.00012,2.7e-05,0.013,1.2e-06,0.015,0.00055,0.00045,0.0003,4.8e-09,0.00043,0.00099,6.3e-05,7e-05,0.0033,0.007,5.6e-06,4.3e-05,2.3e-06
AC1KRY_001199	AOBS17_30	1	1	0	0	1	0	0	0	1							
AC1KRY_001201	AOBS17_30	1	1	0	0	0	0	0	0	0		MFS_1,Sugar_tr	Pfam		MFS_1,Sugar_tr	PF07690.22,PF00083.31	4.5e-33,3.5e-15
AC1KRY_001203	AOBS17_30	1	1	1	0	0	0	0	0	1							
AC1KRY_001205	AOBS17_30	1	1	1	1	1	0	0	0	1							
AC1KRY_001206	AOBS17_30	1	1	0	0	0	0	0	0	0							
AC1KRY_001208	AOBS17_30	1	1	0	0	0	0	0	0	0							
AC1KRY_004619	AOBS17_30	1	1	0	0	0	0	0	0	1							
AC1KRY_004620	AOBS17_30	1	1	1	0	1	0	1	0	1							
AC1KRY_004625	AOBS17_30	1	1	0	0	0	0	0	0	0		AA_permease,AA_permease_2,PrgI,Small_Trp_rich	Pfam		AA_permease,AA_permease_2,PrgI,Small_Trp_rich	PF00324.28,PF13520.13,PF12666.13,PF27910.1	3.6e-56,2.9e-14,9.8,0.048
AC1KRY_004627	AOBS17_30	1	1	0	0	0	0	0	0	0		Arf,DO-GTPase2,G-alpha,GTP_EFTU,Gtr1_RagA,MMR_HSR1,Ras,Roc,SRPRB	Pfam		Arf,DO-GTPase2,G-alpha,GTP_EFTU,Gtr1_RagA,MMR_HSR1,Ras,Roc,SRPRB	PF00025.28,PF19993.6,PF00503.27,PF00009.34,PF04670.19,PF01926.30,PF00071.29,PF08477.20,PF09439.17	2.4e-44,0.019,4.5e-11,2.7e-09,5.3e-07,7.8e-06,1.9e-13,1.4e-11,7.3e-10
AC1KRY_004628	AOBS17_30	1	1	0	0	0	0	0	0	0							
AC1KRY_004632	AOBS17_30	1	1	0	0	0	0	0	0	0		BcGHD,DUF2264_C	Pfam		BcGHD,DUF2264_C	PF10022.16,PF20938.4	2.1e-126,9.4e-48
AC1KRY_004633	AOBS17_30	1	1	0	0	0	0	0	0	0		Brr6_like_C_C,MFS_1,Peptidase_A24,Sugar_tr	Pfam		Brr6_like_C_C,MFS_1,Peptidase_A24,Sugar_tr	PF10104.15,PF07690.22,PF01478.24,PF00083.31	0.067,1.4e-09,0.0004,3.3e-59
AC1KRY_004635	AOBS17_30	1	1	1	1	1	0	0	0	1							
AC1KRY_004637	AOBS17_30	1	1	0	0	0	0	0	0	0		Fungal_trans,Zn_clus	Pfam		Fungal_trans,Zn_clus	PF04082.24,PF00172.24	2.3e-31,0.00084
AC1KRY_004638	AOBS17_30	1	1	0	0	0	0	0	0	0							
AC1KRY_004663	AOBS17_30	1	1	0	0	0	0	0	0	0		AAA_22,DEAD,Efg1,Flavi_DEAD,Helicase_C,ResIII	Pfam		AAA_22,DEAD,Efg1,Flavi_DEAD,Helicase_C,ResIII	PF13401.13,PF00270.36,PF10153.15,PF07652.21,PF00271.38,PF04851.22	0.0034,2.9e-37,0.88,0.002,1.3e-22,4.5e-12
AC1KRY_004666	AOBS17_30	1	1	0	0	0	0	0	0	1							
AC1KRY_004672	AOBS17_30	1	1	1	0	1	0	1	0	1							
AC1KRY_004682	AOBS17_30	1	1	0	0	0	0	0	0	0		SOG2	Pfam		SOG2	PF10428.15	1.8e-41
AC1KRY_004686	AOBS17_30	1	1	0	0	0	0	0	0	0		ABC1,DAO,FAD_binding_2,FAD_oxidored,GIDA,HI0933_like,JAB,Lys_Orn_oxgnase,NAD_binding_8,Peptidase_S10,Pyr_redox,Pyr_redox_2,Pyr_redox_3,Pyr_redox_dim	Pfam		ABC1,DAO,FAD_binding_2,FAD_oxidored,GIDA,HI0933_like,JAB,Lys_Orn_oxgnase,NAD_binding_8,Peptidase_S10,Pyr_redox,Pyr_redox_2,Pyr_redox_3,Pyr_redox_dim	PF03109.23,PF01266.31,PF00890.31,PF12831.14,PF01134.29,PF03486.21,PF01398.27,PF13434.13,PF13450.13,PF00450.29,PF00070.34,PF07992.21,PF13738.13,PF02852.29	1.6e-47,1.3e-05,0.00053,1.6e-06,0.0013,0.00055,7.6e-22,0.0012,0.0084,4.1e-72,3.2e-23,2.9e-61,1.4e-12,1.1e-31
AC1KRY_004688	AOBS17_30	1	1	1	1	1	0	0	0	1							
AC1KRY_004698	AOBS17_30	1	1	1	0	1	0	1	0	1							
AC1KRY_004699	AOBS17_30	1	1	1	0	0	0	0	0	0							
AC1KRY_004702	AOBS17_30	1	1	0	0	0	0	0	0	0		Peptidase_S66,Peptidase_S66C,T3SS_NleG	Pfam		Peptidase_S66,Peptidase_S66C,T3SS_NleG	PF02016.22,PF17676.8,PF06416.19	5.1e-27,1.5e-17,0.019
AC1KRY_004703	AOBS17_30	1	1	0	0	0	0	0	0	0							
AC1KRY_004704	AOBS17_30	1	1	0	0	0	0	0	0	0		Ribosomal_L37ae	Pfam		Ribosomal_L37ae	PF01780.26	0.5
AC1KRY_004707	AOBS17_30	1	1	0	0	0	0	0	0	0		Actin,PRTT-like_M,Su_sable_N,Torus,zf-CCCH,zf-CCCH_2,zf-CCCH_4,zf-CCCH_DUS3L,zf-CCCH_RBM22,zf_CCCH_4,Zn_clus	Pfam		Actin,PRTT-like_M,Su_sable_N,Torus,zf-CCCH,zf-CCCH_2,zf-CCCH_4,zf-CCCH_DUS3L,zf-CCCH_RBM22,zf_CCCH_4,Zn_clus	PF00022.27,PF30880.1,PF29102.1,PF16131.12,PF00642.31,PF14608.13,PF18044.8,PF25585.2,PF25584.1,PF18345.8,PF00172.24	3.6e-12,2.3e-09,0.00031,2.7e-06,1.2e-11,0.02,0.075,0.0062,1.1,4.8e-11,4.2e-07
AC1KRY_004709	AOBS17_30	1	1	0	0	0	0	0	0	1							
AC1KRY_004710	AOBS17_30	1	1	0	0	0	0	0	0	0		Condensation,PapA_C,Tri3	Pfam		Condensation,PapA_C,Tri3	PF00668.26,PF16911.11,PF07428.16	0.002,4.4e-08,0.0014
AC1KRY_004711	AOBS17_30	1	1	0	0	0	0	0	0	0		Cu-oxidase,Cu-oxidase_2,Cu-oxidase_3	Pfam		Cu-oxidase,Cu-oxidase_2,Cu-oxidase_3	PF00394.29,PF07731.21,PF07732.22	1.1e-36,1.1e-39,3.5e-43
AC1KRY_004712	AOBS17_30	1	1	0	0	0	0	0	0	0		Phosphoesterase	Pfam		Phosphoesterase	PF04185.20	7.4e-78
AC1KRY_004713	AOBS17_30	1	1	1	0	1	0	0	0	1							
AC1KRY_004715	AOBS17_30	1	1	1	1	1	0	1	0	1							
AC1KRY_004721	AOBS17_30	1	1	0	0	0	0	0	0	0		EthD	Pfam		EthD	PF07110.18	4.3e-20
AC1KRY_004722	AOBS17_30	1	1	0	0	0	0	0	0	0		Fungal_trans	Pfam		Fungal_trans	PF04082.24	3.8e-14
AC1KRY_004723	AOBS17_30	1	1	0	1	0	0	0	0	1							
AC1KRY_004724	AOBS17_30	1	1	0	0	0	0	0	0	0		MFS_1,MFS_4,OppC_N,Sugar_tr	Pfam		MFS_1,MFS_4,OppC_N,Sugar_tr	PF07690.22,PF06779.21,PF12911.13,PF00083.31	5.4e-17,3.4e-06,0.019,1.9e-70
AC1KRY_004726	AOBS17_30	1	1	1	1	1	0	0	0	1							
AC1KRY_004730	AOBS17_30	1	1	1	0	0	0	1	0	0							
AC1KRY_004732	AOBS17_30	1	1	0	0	0	0	0	0	1							
AC1KRY_004739	AOBS17_30	1	1	0	0	0	0	0	0	0		Sfi1	Pfam		Sfi1	PF08457.16	0.0017
AC1KRY_004751	AOBS17_30	1	1	0	0	0	0	0	0	0		AcuH_dehydrog_dom,adh_short,adh_short_C2,KR,Polysacc_synt_2	Pfam		AcuH_dehydrog_dom,adh_short,adh_short_C2,KR,Polysacc_synt_2	PF28827.1,PF00106.32,PF13561.13,PF08659.17,PF02719.22	5.1e-07,4.9e-17,2.8e-08,2.3e-10,0.005
AC1KRY_004752	AOBS17_30	1	1	0	0	0	0	0	0	0		AMP-binding,AMP-binding_C,PP-binding	Pfam		AMP-binding,AMP-binding_C,PP-binding	PF00501.35,PF13193.13,PF00550.32	1.2e-50,0.00033,4.4e-13
AC1KRY_004753	AOBS17_30	1	1	0	0	0	0	0	0	0		MFS_1,PUCC,Sugar_tr	Pfam		MFS_1,PUCC,Sugar_tr	PF07690.22,PF03209.22,PF00083.31	1.4e-41,0.0038,6.5e-99
AC1KRY_004757	AOBS17_30	1	1	0	0	0	0	0	0	0		Fungal_trans_2,Phage_cement_3	Pfam		Fungal_trans_2,Phage_cement_3	PF11951.14,PF23968.2	1.5e-10,0.0079
AC1KRY_004759	AOBS17_30	1	1	1	0	1	0	0	0	0							
AC1KRY_004760	AOBS17_30	1	1	1	0	0	0	0	0	0							
AC1KRY_004762	AOBS17_30	1	1	0	0	0	0	0	0	0		DUF554,MFS_1,Sugar_tr	Pfam		DUF554,MFS_1,Sugar_tr	PF04474.18,PF07690.22,PF00083.31	0.0015,2.3e-32,1.1e-82
AC1KRY_004772	AOBS17_30	1	1	0	0	0	0	0	0	0		AAA,AAA_14,AAA_16,AAA_19,AAA_21,AAA_22,AAA_29,AAA_5,AAA_7,ABC_tran,AFG1_ATPase,Aq_aa27,DAP3,MCM,NACHT,NPHP3_N,nSTAND_NTPase5,TsaE	Pfam		AAA,AAA_14,AAA_16,AAA_19,AAA_21,AAA_22,AAA_29,AAA_5,AAA_7,ABC_tran,AFG1_ATPase,Aq_aa27,DAP3,MCM,NACHT,NPHP3_N,nSTAND_NTPase5,TsaE	PF00004.36,PF13173.13,PF13191.13,PF13245.13,PF13304.13,PF13401.13,PF13555.13,PF07728.21,PF12775.14,PF00005.34,PF03969.23,PF27394.1,PF10236.16,PF00493.30,PF05729.19,PF24883.3,PF25199.2,PF02367.24	0.0012,0.0064,0.0007,0.0086,0.004,3.1e-06,0.0014,6.9e-06,0.011,0.009,2.9e-53,0.01,0.0049,0.017,0.00059,0.0041,0.0066,0.0026
AC1KRY_004777	AOBS17_30	1	1	0	0	0	0	0	0	0		ELMO_CED12	Pfam		ELMO_CED12	PF04727.19	3.3e-19
AC1KRY_004778	AOBS17_30	1	1	0	0	0	0	0	0	1							
AC1KRY_004779	AOBS17_30	1	1	0	0	0	0	0	0	0		ANAPC3,Csm6_6H,PB1,TPR_1,TPR_12,TPR_16,TPR_19,TPR_2,TPR_9	Pfam		ANAPC3,Csm6_6H,PB1,TPR_1,TPR_12,TPR_16,TPR_19,TPR_2,TPR_9	PF12895.14,PF22205.2,PF00564.31,PF00515.35,PF13424.13,PF13432.13,PF14559.13,PF07719.24,PF13371.13	0.0017,0.015,4.6e-10,3.9e-05,0.0037,1.5e-05,0.0011,2.6e-08,0.00037
AC1KRY_004780	AOBS17_30	1	1	0	0	0	0	0	0	0		ABC2_membrane_3,MARVEL	Pfam		ABC2_membrane_3,MARVEL	PF12698.14,PF01284.29	0.34,4.7e-12
AC1KRY_004783	AOBS17_30	1	1	1	1	1	0	1	0	1							
AC1KRY_004784	AOBS17_30	1	1	1	1	1	0	0	0	1							
AC1KRY_004789	AOBS17_30	1	1	0	0	0	0	0	0	0		DUF7924,PDDEXK_12	Pfam		DUF7924,PDDEXK_12	PF25545.2,PF20516.5	8e-06,0.0006
AC1KRY_001213	AOBS17_30	1	1	0	0	0	0	0	0	0		Fungal_trans,Zn_clus	Pfam		Fungal_trans,Zn_clus	PF04082.24,PF00172.24	3e-10,2e-11
AC1KRY_001214	AOBS17_30	1	1	0	0	0	0	0	0	0		Fungal_trans,Zn_clus	Pfam		Fungal_trans,Zn_clus	PF04082.24,PF00172.24	1.8e-22,4.7e-09
AC1KRY_001219	AOBS17_30	1	1	1	0	0	0	0	0	0							
AC1KRY_001220	AOBS17_30	1	1	0	0	0	0	0	0	0		4HBT_3,Lar_restr_allev,Zn_ribbon_Elf1	Pfam		4HBT_3,Lar_restr_allev,Zn_ribbon_Elf1	PF13622.13,PF14354.14,PF05129.19	0.015,0.0077,0.0045
AC1KRY_001221	AOBS17_30	1	1	0	0	0	0	0	0	0		CAF20,Eap1	Pfam		CAF20,Eap1	PF17052.11,PF20566.4	1.2e-05,5.2e-10
AC1KRY_001248	AOBS17_30	1	1	0	0	0	0	0	0	0		Acetyltransf_1,Acetyltransf_10,Acetyltransf_7,Acetyltransf_9,FR47	Pfam		Acetyltransf_1,Acetyltransf_10,Acetyltransf_7,Acetyltransf_9,FR47	PF00583.32,PF13673.14,PF13508.14,PF13527.14,PF08445.17	6.7e-06,8.7e-07,1.7e-06,5.3e-06,0.0016
AC1KRY_001249	AOBS17_30	1	1	0	0	0	0	0	0	0		DUF8790,MFS_1,PIR1-like_C,PmbA_TldD_1st,RAP1,YWFCY	Pfam		DUF8790,MFS_1,PIR1-like_C,PmbA_TldD_1st,RAP1,YWFCY	PF31051.1,PF07690.22,PF22799.3,PF01523.22,PF07218.17,PF14293.12	0.014,9.4e-26,0.0037,0.021,1.7,0.23
AC1KRY_001251	AOBS17_30	1	1	1	1	0	0	0	0	1							
AC1KRY_001252	AOBS17_30	1	1	1	0	1	0	0	0	1							
AC1KRY_001253	AOBS17_30	1	1	1	1	0	0	0	0	1							
AC1KRY_001254	AOBS17_30	1	1	0	0	0	0	0	0	0		DUF2334,Glyco_hydro_57,Polysacc_deac_1,WbmS-like	Pfam		DUF2334,Glyco_hydro_57,Polysacc_deac_1,WbmS-like	PF10096.15,PF03065.21,PF01522.27,PF22537.2	7.6e-12,0.0023,8.4e-22,9.8e-05
AC1KRY_001257	AOBS17_30	1	1	1	1	1	0	0	0	1							
AC1KRY_001265	AOBS17_30	1	1	1	1	1	0	0	0	1							
AC1KRY_001270	AOBS17_30	1	1	1	1	1	0	0	0	1							
AC1KRY_001272	AOBS17_30	1	1	0	0	0	0	0	0	0		CTC1_1st,E1_4HB,ThiF	Pfam		CTC1_1st,E1_4HB,ThiF	PF15489.13,PF16191.11,PF00899.28	0.0077,0.00017,1e-19
AC1KRY_001273	AOBS17_30	1	1	0	0	0	0	0	0	0		ANAPC4_WD40,Beta-prop_Aladin,Beta-prop_CAF1B_HIR1,Beta-prop_EIPR1,Beta-prop_EML,Beta-prop_EML_2,Beta-prop_IFT122_1st,Beta-prop_IFT140_1st,Beta-prop_IP5PC_F,Beta-prop_LRRK2,Beta-prop_NOL10_N,Beta-prop_RIG_2nd,Beta-prop_SCAP,Beta-prop_TEP1_2nd,Beta-prop_THOC3,Beta-prop_Vps41,Beta-prop_VPS8,Beta-prop_WDR19_1st,Beta-prop_WDR36-Utp21_1st,Beta-prop_WDR36-Utp21_2nd,Beta-prop_WDR3_1st,Beta-prop_WDR3_2nd,Beta-prop_WDR5,Beta-prop_WDR75_1st,Beta-prop_WDR90_POC16_2nd,CFAP251_N,Cytochrom_D1,DSE1_N,EIF3I,Lactonase,NBCH_WD40,WD40,WD40_CDC20-Fz,WD40_Gbeta,WD40_MABP1-WDR62_1st,WD40_MABP1-WDR62_2nd,WD40_Prp19,WD40_WDHD1_1st,WDR55,WDR90_beta-prop_4th	Pfam		ANAPC4_WD40,Beta-prop_Aladin,Beta-prop_CAF1B_HIR1,Beta-prop_EIPR1,Beta-prop_EML,Beta-prop_EML_2,Beta-prop_IFT122_1st,Beta-prop_IFT140_1st,Beta-prop_IP5PC_F,Beta-prop_LRRK2,Beta-prop_NOL10_N,Beta-prop_RIG_2nd,Beta-prop_SCAP,Beta-prop_TEP1_2nd,Beta-prop_THOC3,Beta-prop_Vps41,Beta-prop_VPS8,Beta-prop_WDR19_1st,Beta-prop_WDR36-Utp21_1st,Beta-prop_WDR36-Utp21_2nd,Beta-prop_WDR3_1st,Beta-prop_WDR3_2nd,Beta-prop_WDR5,Beta-prop_WDR75_1st,Beta-prop_WDR90_POC16_2nd,CFAP251_N,Cytochrom_D1,DSE1_N,EIF3I,Lactonase,NBCH_WD40,WD40,WD40_CDC20-Fz,WD40_Gbeta,WD40_MABP1-WDR62_1st,WD40_MABP1-WDR62_2nd,WD40_Prp19,WD40_WDHD1_1st,WDR55,WDR90_beta-prop_4th	PF12894.14,PF25460.2,PF24105.2,PF23609.2,PF23409.2,PF23414.2,PF23381.2,PF23383.2,PF23754.2,PF23748.2,PF23098.2,PF23775.2,PF24017.3,PF25047.1,PF25174.2,PF23411.2,PF23410.5,PF23389.2,PF25171.2,PF25168.2,PF25173.2,PF25172.2,PF25175.2,PF23869.2,PF23393.3,PF30552.1,PF02239.23,PF29037.1,PF24805.2,PF10282.16,PF20426.5,PF00400.39,PF24807.2,PF25391.2,PF24780.2,PF24782.3,PF24814.2,PF24817.2,PF24796.2,PF23342.2	1e-07,1e-07,0.00059,8.8e-05,5e-06,2.5e-12,6.9e-17,0.0016,0.012,0.0082,7.4e-06,0.00072,0.0049,2.4e-05,2.4e-18,0.0034,0.011,8e-05,2.2e-05,6e-06,1e-16,9.5e-09,3.3e-21,0.00016,4.2e-06,0.0049,0.00097,6.3e-08,9.7e-06,0.0066,0.011,3.1e-15,1.3e-13,3.5e-05,0.0016,2.7e-05,4.3e-17,1.6e-17,1.1e-07,0.0048
AC1KRY_001275	AOBS17_30	1	1	0	0	0	0	0	0	0		Fungal_trans,Zn_clus	Pfam		Fungal_trans,Zn_clus	PF04082.24,PF00172.24	1e-12,9.6e-10
AC1KRY_001282	AOBS17_30	1	1	0	0	0	0	0	0	0		APH,Beta-prop_EML_2,Beta-prop_IFT122_1st,Beta-prop_SCAP,Beta-prop_THOC3,Beta-prop_VPS8,Beta-prop_WDR3_1st,Beta-prop_WDR5,DSE1_N,EIF3I,F-box,F-box-like,F-box_4,F-box_5,F-box_COS111,Haspin_kinase,Kdo,Pkinase,PK_Tyr_Ser-Thr,RIO1,WD40,WD40_CDC20-Fz,WD40_Prp19,WD40_WDHD1_1st	Pfam		APH,Beta-prop_EML_2,Beta-prop_IFT122_1st,Beta-prop_SCAP,Beta-prop_THOC3,Beta-prop_VPS8,Beta-prop_WDR3_1st,Beta-prop_WDR5,DSE1_N,EIF3I,F-box,F-box-like,F-box_4,F-box_5,F-box_COS111,Haspin_kinase,Kdo,Pkinase,PK_Tyr_Ser-Thr,RIO1,WD40,WD40_CDC20-Fz,WD40_Prp19,WD40_WDHD1_1st	PF01636.30,PF23414.2,PF23381.2,PF24017.3,PF25174.2,PF23410.5,PF25173.2,PF25175.2,PF29037.1,PF24805.2,PF00646.39,PF12937.13,PF15966.11,PF18511.7,PF29466.1,PF12330.15,PF06293.21,PF00069.32,PF07714.24,PF01163.29,PF00400.39,PF24807.2,PF24814.2,PF24817.2	0.0024,5.4e-05,7.8e-05,0.13,0.00043,0.00064,0.0002,0.0002,0.0082,0.0055,2.1e-08,1.2e-14,0.0069,0.0016,0.0029,0.0034,0.0034,1.3e-50,3e-21,0.0042,0.0033,0.00035,0.0052,0.00061
AC1KRY_001284	AOBS17_30	1	1	0	0	0	0	0	0	1							
AC1KRY_001285	AOBS17_30	1	1	0	0	0	0	0	0	0		DUF7102,SAM_6	Pfam		DUF7102,SAM_6	PF23394.3,PF23395.2	0.00032,3.8e-06
AC1KRY_001288	AOBS17_30	1	1	1	1	0	0	1	0	1							
AC1KRY_001294	AOBS17_30	1	1	0	0	0	0	0	0	0		Aldo_ket_red,DUF1497,HTH_Crp_2	Pfam		Aldo_ket_red,DUF1497,HTH_Crp_2	PF00248.28,PF07384.17,PF13545.13	1.5e-62,0.022,0.011
AC1KRY_004792	AOBS17_30	1	1	0	0	0	0	0	0	0		Nup35_RRM_2,RRM_1,RRM_11,RRM_3,RRM_7,RRM_PARP14_3	Pfam		Nup35_RRM_2,RRM_1,RRM_11,RRM_3,RRM_7,RRM_PARP14_3	PF14605.13,PF00076.29,PF28441.1,PF08777.18,PF16367.12,PF23085.2	0.0065,9.2e-33,0.0016,0.006,9.9e-13,3.3e-06
AC1KRY_004796	AOBS17_30	1	1	0	0	0	0	0	0	1							
AC1KRY_004801	AOBS17_30	1	1	0	0	0	0	0	0	0		Impact_N,NEJ1_C,Pam17	Pfam		Impact_N,NEJ1_C,Pam17	PF01205.26,PF29964.1,PF08566.16	3.7e-20,0.0081,0.00085
AC1KRY_004803	AOBS17_30	1	1	1	1	1	0	0	0	1							
AC1KRY_004807	AOBS17_30	1	1	0	0	0	0	0	0	0							
AC1KRY_004808	AOBS17_30	1	1	0	0	0	0	0	0	0		3Beta_HSD,adh_short,adh_short_C2,Epimerase,F420_oxidored,GWD1_pHisD,KR,NAD_binding_10,NmrA,RmlD_sub_bind,TrkA_N	Pfam		3Beta_HSD,adh_short,adh_short_C2,Epimerase,F420_oxidored,GWD1_pHisD,KR,NAD_binding_10,NmrA,RmlD_sub_bind,TrkA_N	PF01073.26,PF00106.32,PF13561.13,PF01370.28,PF03807.24,PF22973.3,PF08659.17,PF13460.13,PF05368.20,PF04321.24,PF02254.25	0.0054,6.8e-29,2.7e-23,1.5e-06,0.0059,0.0015,5.7e-08,3.1e-11,6.3e-06,0.0074,1.6e-06
AC1KRY_004809	AOBS17_30	1	1	0	0	0	0	0	0	0		GreA_GreB,ILVD_EDD_N,ILV_EDD_C,PEP-utilizers_C	Pfam		GreA_GreB,ILVD_EDD_N,ILV_EDD_C,PEP-utilizers_C	PF01272.26,PF00920.28,PF24877.2,PF02896.25	0.0042,7.5e-96,2.1e-55,0.02
AC1KRY_004810	AOBS17_30	1	1	0	1	0	0	0	0	1							
AC1KRY_004811	AOBS17_30	1	1	1	0	0	0	0	0	1							
AC1KRY_004813	AOBS17_30	1	1	1	1	0	0	1	0	0							
AC1KRY_004824	AOBS17_30	1	1	0	0	0	0	0	0	0		CBFD_NFYB_HMF,Histone,Histone_ABTB,TFIID_20kDa	Pfam		CBFD_NFYB_HMF,Histone,Histone_ABTB,TFIID_20kDa	PF00808.30,PF00125.31,PF26281.1,PF03847.21	4.1e-06,3.9e-22,7.2e-09,2e-05
AC1KRY_004827	AOBS17_30	1	1	1	1	1	0	0	0	1							
AC1KRY_004828	AOBS17_30	1	1	0	0	0	0	0	0	0		Abhydrolase_1,Abhydrolase_6,Gal_mutarotas_2,Glyco_hydro_31_2nd,Glyco_hydro_31_3rd,Hydrolase_4	Pfam		Abhydrolase_1,Abhydrolase_6,Gal_mutarotas_2,Glyco_hydro_31_2nd,Glyco_hydro_31_3rd,Hydrolase_4	PF00561.27,PF12697.14,PF13802.13,PF01055.33,PF21365.4,PF12146.16	3.7e-11,2.9e-11,3.7e-25,2e-80,1e-26,3.1e-07
AC1KRY_004830	AOBS17_30	1	1	0	0	0	0	0	0	0		Beta-lactamase	Pfam		Beta-lactamase	PF00144.30	3.6e-32
AC1KRY_004831	AOBS17_30	1	1	0	0	0	0	0	0	0		DUF6152,PhyH	Pfam		DUF6152,PhyH	PF19649.5,PF05721.20	0.0077,2e-32
AC1KRY_004832	AOBS17_30	1	1	0	0	0	0	0	0	0		MFS_1,PG_binding_2,Sugar_tr,YnaG	Pfam		MFS_1,PG_binding_2,Sugar_tr,YnaG	PF07690.22,PF08823.17,PF00083.31,PF27331.1	4.5e-22,0.0043,1.5e-86,0.069
AC1KRY_004833	AOBS17_30	1	1	0	0	0	0	0	0	0		AHD,Gal80p_C-like,GFO_IDH_MocA,GFO_IDH_MocA_C,GFO_IDH_MocA_C3	Pfam		AHD,Gal80p_C-like,GFO_IDH_MocA,GFO_IDH_MocA_C,GFO_IDH_MocA_C3	PF17793.7,PF22685.2,PF01408.29,PF02894.23,PF22725.2	0.018,0.0091,4.4e-17,8.2e-28,4.5e-18
AC1KRY_004835	AOBS17_30	1	1	0	0	0	0	0	0	0		Bac_rhamnosid,Bac_rhamnosid6H,Bac_rhamnosid_C,Bac_rhamnosid_N,DUF8024,Ig_Rha78A_N,MFS_1,MGH1-like_GH	Pfam		Bac_rhamnosid,Bac_rhamnosid6H,Bac_rhamnosid_C,Bac_rhamnosid_N,DUF8024,Ig_Rha78A_N,MFS_1,MGH1-like_GH	PF05592.19,PF17389.9,PF17390.8,PF08531.17,PF26067.1,PF25788.3,PF07690.22,PF22422.3	2e-30,2.6e-126,4.6e-18,8.5e-59,0.015,8.9e-27,1.3e-27,0.0099
AC1KRY_004840	AOBS17_30	1	1	0	0	0	0	0	0	0		DEAD,ERCC3_RAD25_C,Helicase_C,MDM34_helical,PhoH,ResIII,SecA_DEAD	Pfam		DEAD,ERCC3_RAD25_C,Helicase_C,MDM34_helical,PhoH,ResIII,SecA_DEAD	PF00270.36,PF16203.12,PF00271.38,PF28762.1,PF02562.23,PF04851.22,PF07517.21	2.4e-50,0.0036,1.2e-35,0.00029,0.0069,1.5e-08,6.4e-05
AC1KRY_004855	AOBS17_30	1	1	1	1	1	0	0	0	1							
AC1KRY_004856	AOBS17_30	1	1	0	0	0	0	0	0	0		DEAD,HDA2-3,Helicase_C,Phage_T1_holin,ResIII,SNF2-rel_dom,ZGRF1-like_N	Pfam		DEAD,HDA2-3,Helicase_C,Phage_T1_holin,ResIII,SNF2-rel_dom,ZGRF1-like_N	PF00270.36,PF11496.15,PF00271.38,PF27028.1,PF04851.22,PF00176.30,PF10382.15	2e-06,4.1e-09,6.5e-24,0.0082,3e-09,1.1e-61,0.00017
AC1KRY_004863	AOBS17_30	1	1	0	0	0	0	0	0	0		DUF2818,DUF6341,Inovirus_G7P_1,SLAC1	Pfam		DUF2818,DUF6341,Inovirus_G7P_1,SLAC1	PF10993.14,PF19868.5,PF17091.10,PF03595.23	1.8,0.51,0.012,1e-65
AC1KRY_004865	AOBS17_30	1	1	1	0	0	0	0	0	0							
AC1KRY_004866	AOBS17_30	1	1	0	0	0	0	0	0	0		Molybdopterin,Molydop_binding	Pfam		Molybdopterin,Molydop_binding	PF00384.28,PF01568.28	1.9e-25,3.9e-25
AC1KRY_004876	AOBS17_30	1	1	0	0	0	0	0	0	0		RWD,UBA,UBA_3,UBA_7,UQ_con	Pfam		RWD,UBA,UBA_3,UBA_7,UQ_con	PF05773.28,PF00627.38,PF09288.17,PF22562.3,PF00179.32	0.0027,0.00014,8e-17,0.0039,1.1e-46
AC1KRY_004880	AOBS17_30	1	1	0	0	0	0	0	0	0		CAF1,Exo_endo_phos,Exo_endo_phos2,HYDIN_VesB_CFA65-like_Ig,Ig-like_IP5PC_F,Motile_Sperm,OCRL-like_ASH,PapD-like,RhoGAP,Wheel	Pfam		CAF1,Exo_endo_phos,Exo_endo_phos2,HYDIN_VesB_CFA65-like_Ig,Ig-like_IP5PC_F,Motile_Sperm,OCRL-like_ASH,PapD-like,RhoGAP,Wheel	PF04857.27,PF03372.30,PF22669.3,PF22544.3,PF23755.2,PF00635.33,PF21310.4,PF14874.13,PF00620.33,PF18972.6	6.4e-22,9e-10,5.4e-79,0.0081,0.01,0.013,2.6e-20,2.6e-05,1.3e-13,0.0029
AC1KRY_004882	AOBS17_30	1	1	0	0	0	0	1	0	0							
AC1KRY_004883	AOBS17_30	1	1	0	0	0	0	1	0	0							
AC1KRY_004884	AOBS17_30	1	1	0	0	0	0	0	0	0							
AC1KRY_004886	AOBS17_30	1	1	0	0	0	0	0	0	0		DREV,Methyltransf_11,Methyltransf_12,Methyltransf_23,Methyltransf_25,Methyltransf_31,Methyltransf_9,MTS,RrnaAD	Pfam		DREV,Methyltransf_11,Methyltransf_12,Methyltransf_23,Methyltransf_25,Methyltransf_31,Methyltransf_9,MTS,RrnaAD	PF05219.18,PF08241.19,PF08242.19,PF13489.13,PF13649.13,PF13847.13,PF08003.18,PF05175.21,PF00398.27	0.0071,1e-13,2.2e-11,9.3e-06,1.9e-11,1.1e-05,0.00073,0.0012,6.2e-05
AC1KRY_004894	AOBS17_30	1	1	0	0	0	0	0	0	0		Abhydrolase_1,Abhydrolase_2,Abhydrolase_3,Abhydrolase_6,ANAPC4_WD40,APEH_N,AXE1,BD-FAE,Beta-prop_ApeH-3,Beta-prop_THOC3,Calpain_u2,DLH,DPPIV_N,Hydrolase_4,LIP,NupH_GANP,PD40,Peptidase_S15,Peptidase_S9,PETase,PMBR,Tricorn_2nd,Tricorn_N,WD40,WD40_WDHD1_1st	Pfam		Abhydrolase_1,Abhydrolase_2,Abhydrolase_3,Abhydrolase_6,ANAPC4_WD40,APEH_N,AXE1,BD-FAE,Beta-prop_ApeH-3,Beta-prop_THOC3,Calpain_u2,DLH,DPPIV_N,Hydrolase_4,LIP,NupH_GANP,PD40,Peptidase_S15,Peptidase_S9,PETase,PMBR,Tricorn_2nd,Tricorn_N,WD40,WD40_WDHD1_1st	PF00561.27,PF02230.23,PF07859.20,PF12697.14,PF12894.14,PF19283.5,PF05448.19,PF20434.6,PF29948.1,PF25174.2,PF16648.11,PF01738.25,PF00930.28,PF12146.16,PF03583.21,PF16768.11,PF07676.20,PF02129.25,PF00326.28,PF12740.15,PF09373.16,PF26550.2,PF26549.1,PF00400.39,PF24817.2	1e-07,9.5e-05,0.0035,0.00018,9.5e-07,4.5e-06,0.0063,9.2e-11,0.0064,2.2e-07,0.094,3.5e-09,1.3e-10,4.7e-08,0.011,0.012,1e-34,3e-07,7.8e-41,0.00042,0.0044,8.5e-28,1.6e-28,0.0042,0.0019
AC1KRY_004898	AOBS17_30	1	1	1	1	0	0	0	0	0							
AC1KRY_004904	AOBS17_30	1	1	0	0	0	0	0	0	0		CC_Bre1,Kinesin,Microtub_bd,NYD-SP28_assoc,Tropomyosin	Pfam		CC_Bre1,Kinesin,Microtub_bd,NYD-SP28_assoc,Tropomyosin	PF26095.1,PF00225.30,PF16796.12,PF14775.12,PF00261.26	1,9.5e-109,6.2e-25,0.19,0.058
AC1KRY_004909	AOBS17_30	1	1	1	0	0	0	0	0	1							
AC1KRY_004912	AOBS17_30	1	1	0	0	0	0	0	0	0		Fungal_trans	Pfam		Fungal_trans	PF04082.24	4.3e-16
AC1KRY_004913	AOBS17_30	1	1	0	0	1	0	0	0	0							
AC1KRY_004914	AOBS17_30	1	1	0	0	0	0	0	0	0		CNNM,DUF3980,MFS_1,Sugar_tr	Pfam		CNNM,DUF3980,MFS_1,Sugar_tr	PF01595.26,PF13140.12,PF07690.22,PF00083.31	3.9,3.7,4.5e-19,2.7e-92
AC1KRZ_000002	AOBS82_9	1	1	0	0	0	0	0	0	0		Caleosin,EF-hand_1,EF-hand_5,EF-hand_6,EF-hand_7,EF-hand_8	Pfam		Caleosin,EF-hand_1,EF-hand_5,EF-hand_6,EF-hand_7,EF-hand_8	PF05042.20,PF00036.39,PF13202.13,PF13405.13,PF13499.13,PF13833.13	0.014,3.8e-12,2e-08,4.3e-11,2.9e-11,9.5e-07
AC1KRZ_000005	AOBS82_9	1	1	1	1	1	0	1	1	1							
AC1KRZ_000006	AOBS82_9	1	1	0	0	0	0	0	0	0		Diphthamide_syn,Polysacc_deac_2	Pfam		Diphthamide_syn,Polysacc_deac_2	PF01866.23,PF04748.19	1.5e-67,0.0064
AC1KRZ_000012	AOBS82_9	1	1	0	0	1	0	0	0	0							
AC1KRZ_000015	AOBS82_9	1	1	1	1	1	0	0	1	1							
AC1KRZ_000019	AOBS82_9	1	1	0	0	0	0	0	0	0		Acyltransferase,Ammonium_transp,DUF3567,GPAT_C	Pfam		Acyltransferase,Ammonium_transp,DUF3567,GPAT_C	PF01553.27,PF00909.27,PF12091.14,PF19277.5	1.6e-19,7.4e-85,0.015,1.8e-98
AC1KRZ_000020	AOBS82_9	1	1	1	1	1	0	0	0	1							
AC1KRZ_000023	AOBS82_9	1	1	0	0	0	0	0	0	0		tRNA-synt_2,tRNA-synt_2b,tRNA_anti-codon	Pfam		tRNA-synt_2,tRNA-synt_2b,tRNA_anti-codon	PF00152.26,PF00587.31,PF01336.32	2.2e-101,0.0041,7.8e-07
AC1KRZ_000026	AOBS82_9	1	1	1	1	1	0	1	1	1							
AC1KRZ_000027	AOBS82_9	1	1	0	0	0	0	0	0	0		S4,SYY_C-terminal,tRNA-synt_1b,TyrRSs_C	Pfam		S4,SYY_C-terminal,tRNA-synt_1b,TyrRSs_C	PF01479.31,PF22421.2,PF00579.32,PF16714.11	0.0043,3.8e-06,3.5e-71,1.2e-07
AC1KRZ_000028	AOBS82_9	1	1	1	1	1	0	1	1	1							
AC1KRZ_000029	AOBS82_9	1	1	1	1	1	0	1	0	1							
AC1KRZ_000035	AOBS82_9	1	1	0	0	0	0	0	0	0		Anticodon_1,tRNA-synt_1,tRNA-synt_1e,tRNA-synt_1f,tRNA-synt_1g,tRNA-synt_1_2,zf-FPG_IleRS	Pfam		Anticodon_1,tRNA-synt_1,tRNA-synt_1e,tRNA-synt_1f,tRNA-synt_1g,tRNA-synt_1_2,zf-FPG_IleRS	PF08264.20,PF00133.29,PF01406.26,PF01921.25,PF09334.18,PF13603.13,PF06827.21	2.1e-24,1.8e-105,5.2e-05,0.0005,1.9e-20,0.0056,0.028
AC1KRZ_000039	AOBS82_9	1	1	0	0	0	0	1	0	0							
AC1KRZ_000040	AOBS82_9	1	1	0	0	0	0	0	0	0		BTHB,DUF7573,GATA,HAUS-augmin3,HEPN_MAE_28990,RE_LlaJI	Pfam		BTHB,DUF7573,GATA,HAUS-augmin3,HEPN_MAE_28990,RE_LlaJI	PF18410.8,PF24458.2,PF00320.34,PF14932.12,PF18737.7,PF09563.17	0.056,0.0083,3.1e-09,0.097,0.0014,0.0064
AC1KRZ_000042	AOBS82_9	1	1	0	1	0	0	0	0	0							
AC1KRZ_000043	AOBS82_9	1	1	0	0	0	0	1	0	0							
AC1KRZ_000044	AOBS82_9	1	1	1	1	1	0	0	0	1							
AC1KRZ_000046	AOBS82_9	1	1	0	0	0	0	0	0	0		Metallophos,NPR1_interact,STPPase_N	Pfam		Metallophos,NPR1_interact,STPPase_N	PF00149.34,PF15699.11,PF16891.11	2.9e-45,0.019,2.2e-18
AC1KRZ_000050	AOBS82_9	1	1	0	0	0	0	1	0	0							
AC1KRZ_000052	AOBS82_9	1	1	0	0	0	0	0	0	0		ANAPC4_WD40,ASA1,Beta-prop_Aladin,Beta-prop_CAF1B_HIR1,Beta-prop_DCAF12,Beta-prop_DCAF4,Beta-prop_EML,Beta-prop_EML_2,Beta-prop_HPS5,Beta-prop_IFT122_1st,Beta-prop_IFT140_1st,Beta-prop_NOL10_N,Beta-prop_NUP159_NUP214,Beta-prop_pof12,Beta-prop_RIG_2nd,Beta-prop_RSE1_2nd,Beta-prop_TEP1_2nd,Beta-prop_TEP1_C,Beta-prop_THOC3,Beta-prop_Vps41,Beta-prop_VPS8,Beta-prop_WDR11_1st,Beta-prop_WDR19_1st,Beta-prop_WDR35_TULP_N,Beta-prop_WDR36-Utp21_1st,Beta-prop_WDR36-Utp21_2nd,Beta-prop_WDR3_1st,Beta-prop_WDR3_2nd,Beta-prop_WDR5,Beta-prop_WDR90_POC16_2nd,CFAP251_N,DSE1_N,eIF2A,EIF3I,Frtz,Ge1_WD40,KNTC1_N,PEP5_VPS11_N,PHTB1_N,RMC1_N,TFIIIC_delta,Tricorn_2nd,TRM82_WD,VID27,WD40,WD40_CDC20-Fz,WD40_Gbeta,WD40_MABP1-WDR62_1st,WD40_MABP1-WDR62_2nd,WD40_Prp19,WD40_WDHD1_1st,WDR55,WDR90_beta-prop_4th	Pfam		ANAPC4_WD40,ASA1,Beta-prop_Aladin,Beta-prop_CAF1B_HIR1,Beta-prop_DCAF12,Beta-prop_DCAF4,Beta-prop_EML,Beta-prop_EML_2,Beta-prop_HPS5,Beta-prop_IFT122_1st,Beta-prop_IFT140_1st,Beta-prop_NOL10_N,Beta-prop_NUP159_NUP214,Beta-prop_pof12,Beta-prop_RIG_2nd,Beta-prop_RSE1_2nd,Beta-prop_TEP1_2nd,Beta-prop_TEP1_C,Beta-prop_THOC3,Beta-prop_Vps41,Beta-prop_VPS8,Beta-prop_WDR11_1st,Beta-prop_WDR19_1st,Beta-prop_WDR35_TULP_N,Beta-prop_WDR36-Utp21_1st,Beta-prop_WDR36-Utp21_2nd,Beta-prop_WDR3_1st,Beta-prop_WDR3_2nd,Beta-prop_WDR5,Beta-prop_WDR90_POC16_2nd,CFAP251_N,DSE1_N,eIF2A,EIF3I,Frtz,Ge1_WD40,KNTC1_N,PEP5_VPS11_N,PHTB1_N,RMC1_N,TFIIIC_delta,Tricorn_2nd,TRM82_WD,VID27,WD40,WD40_CDC20-Fz,WD40_Gbeta,WD40_MABP1-WDR62_1st,WD40_MABP1-WDR62_2nd,WD40_Prp19,WD40_WDHD1_1st,WDR55,WDR90_beta-prop_4th	PF12894.14,PF29630.1,PF25460.2,PF24105.2,PF23760.2,PF23761.2,PF23409.2,PF23414.2,PF23756.2,PF23381.2,PF23383.2,PF23098.2,PF16755.12,PF25499.3,PF23775.2,PF23726.2,PF25047.1,PF25048.2,PF25174.2,PF23411.2,PF23410.5,PF23751.2,PF23389.2,PF24797.2,PF25171.2,PF25168.2,PF25173.2,PF25172.2,PF25175.2,PF23393.3,PF30552.1,PF29037.1,PF08662.18,PF24805.2,PF11768.15,PF16529.12,PF24506.2,PF23341.2,PF14727.14,PF21029.4,PF12657.14,PF26550.2,PF30361.1,PF08553.17,PF00400.39,PF24807.2,PF25391.2,PF24780.2,PF24782.3,PF24814.2,PF24817.2,PF24796.2,PF23342.2	8.3e-21,3.1e-06,7.2e-10,3.3e-09,0.00036,0.0025,1.9e-16,5.7e-27,3e-10,5.7e-36,1.7e-09,2.5e-14,4.1e-09,0.006,2.9e-14,8e-09,4.2e-17,3.2e-07,3.1e-30,5.7e-08,1e-13,5.3e-05,2.6e-09,1.4e-05,4.8e-24,1.1e-19,8.9e-35,3.6e-21,4.7e-28,1e-14,5.7e-06,1.9e-07,0.00094,6.5e-15,0.005,2.1e-08,0.0015,1.8e-09,0.00015,1.1e-09,2.7e-05,4.2e-05,0.00072,0.0029,8.2e-24,3.2e-33,4e-14,5e-07,1.3e-11,4.2e-27,4.7e-20,1.8e-20,4.5e-08
AC1KRZ_000054	AOBS82_9	1	1	1	1	1	0	0	0	1							
AC1KRZ_000055	AOBS82_9	1	1	0	0	0	0	0	0	0		CDH-cyt,COPI_assoc,Cytochrom_B561,DOMON,DUF2427	Pfam		CDH-cyt,COPI_assoc,Cytochrom_B561,DOMON,DUF2427	PF16010.11,PF08507.16,PF03188.22,PF03351.23,PF10348.15	1.4e-10,0.3,1.7e-05,9.7e-05,5.5e-06
AC1KRZ_000057	AOBS82_9	1	1	0	0	0	0	0	0	0							
AC1KRZ_000058	AOBS82_9	1	1	0	1	1	0	0	1	1							
AC1KRZ_000059	AOBS82_9	1	1	1	1	1	0	0	1	1							
AC1KRZ_000060	AOBS82_9	1	1	0	0	0	0	0	0	0		Kdo,Kinase-like,Pkinase,Pkinase_fungal,PK_Tyr_Ser-Thr,YrbL-PhoP_reg	Pfam		Kdo,Kinase-like,Pkinase,Pkinase_fungal,PK_Tyr_Ser-Thr,YrbL-PhoP_reg	PF06293.21,PF14531.13,PF00069.32,PF17667.8,PF07714.24,PF10707.16	0.0011,0.004,1.9e-37,0.0001,1.8e-27,0.014
AC1KRZ_000067	AOBS82_9	1	1	1	0	1	0	0	0	1							
AC1KRZ_000069	AOBS82_9	1	1	0	0	0	0	0	0	0		YpmT	Pfam		YpmT	PF17431.8	0.012
AC1KRZ_000070	AOBS82_9	1	1	0	0	0	0	0	0	0		DUF1304,Syja_N	Pfam		DUF1304,Syja_N	PF06993.18,PF02383.24	0.039,7.9e-86
AC1KRZ_000073	AOBS82_9	1	1	1	1	1	0	1	1	1							
AC1KRZ_000074	AOBS82_9	1	1	0	0	0	0	0	0	0		ACAS_N,AMP-binding,AMP-binding_C	Pfam		ACAS_N,AMP-binding,AMP-binding_C	PF16177.12,PF00501.35,PF13193.13	1.8e-18,3.8e-74,1.6e-19
AC1KRZ_000078	AOBS82_9	1	1	0	0	0	0	0	0	0		ANAPC4_WD40,ASA1,Beta-prop_ACSF4,Beta-prop_Aladin,Beta-prop_CAF1B_HIR1,Beta-prop_DCAF4,Beta-prop_EIPR1,Beta-prop_EML,Beta-prop_EML_2,Beta-prop_HPS5,Beta-prop_IFT122_1st,Beta-prop_IFT140_1st,Beta-prop_NOL10_N,Beta-prop_Nup120_160,Beta-prop_NWD2_C,Beta-prop_RIG_2nd,Beta-prop_SCAP,Beta-prop_SPT8,Beta-prop_TEP1_2nd,Beta-prop_TEP1_C,Beta-prop_THOC3,Beta-prop_Vps41,Beta-prop_VPS8,Beta-prop_WDR19_1st,Beta-prop_WDR36-Utp21_1st,Beta-prop_WDR36-Utp21_2nd,Beta-prop_WDR3_1st,Beta-prop_WDR3_2nd,Beta-prop_WDR41,Beta-prop_WDR5,Beta-prop_WDR75_1st,Beta-prop_WDR75_2nd,Beta-prop_WDR90_POC16_2nd,CFAP251_N,DSE1_N,EIF3I,NBCH_WD40,PAC11,PQQ_2,Tricorn_2nd,TRM82_WD,WD40,WD40_CDC20-Fz,WD40_Gbeta,WD40_MABP1-WDR62_1st,WD40_MABP1-WDR62_2nd,WD40_Prp19,WD40_RFWD3,WD40_WDHD1_1st,WDR54,WDR55,WDR90_beta-prop_4th,WD_LRWD1,YJR039W_M	Pfam		ANAPC4_WD40,ASA1,Beta-prop_ACSF4,Beta-prop_Aladin,Beta-prop_CAF1B_HIR1,Beta-prop_DCAF4,Beta-prop_EIPR1,Beta-prop_EML,Beta-prop_EML_2,Beta-prop_HPS5,Beta-prop_IFT122_1st,Beta-prop_IFT140_1st,Beta-prop_NOL10_N,Beta-prop_Nup120_160,Beta-prop_NWD2_C,Beta-prop_RIG_2nd,Beta-prop_SCAP,Beta-prop_SPT8,Beta-prop_TEP1_2nd,Beta-prop_TEP1_C,Beta-prop_THOC3,Beta-prop_Vps41,Beta-prop_VPS8,Beta-prop_WDR19_1st,Beta-prop_WDR36-Utp21_1st,Beta-prop_WDR36-Utp21_2nd,Beta-prop_WDR3_1st,Beta-prop_WDR3_2nd,Beta-prop_WDR41,Beta-prop_WDR5,Beta-prop_WDR75_1st,Beta-prop_WDR75_2nd,Beta-prop_WDR90_POC16_2nd,CFAP251_N,DSE1_N,EIF3I,NBCH_WD40,PAC11,PQQ_2,Tricorn_2nd,TRM82_WD,WD40,WD40_CDC20-Fz,WD40_Gbeta,WD40_MABP1-WDR62_1st,WD40_MABP1-WDR62_2nd,WD40_Prp19,WD40_RFWD3,WD40_WDHD1_1st,WDR54,WDR55,WDR90_beta-prop_4th,WD_LRWD1,YJR039W_M	PF12894.14,PF29630.1,PF13570.14,PF25460.2,PF24105.2,PF23761.2,PF23609.2,PF23409.2,PF23414.2,PF23756.2,PF23381.2,PF23383.2,PF23098.2,PF11715.17,PF23586.3,PF23775.2,PF24017.3,PF23798.2,PF25047.1,PF25048.2,PF25174.2,PF23411.2,PF23410.5,PF23389.2,PF25171.2,PF25168.2,PF25173.2,PF25172.2,PF25178.1,PF25175.2,PF23869.2,PF23769.2,PF23393.3,PF30552.1,PF29037.1,PF24805.2,PF20426.5,PF30151.1,PF13360.14,PF26550.2,PF30361.1,PF00400.39,PF24807.2,PF25391.2,PF24780.2,PF24782.3,PF24814.2,PF23419.3,PF24817.2,PF21031.3,PF24796.2,PF23342.2,PF23215.1,PF30290.1	7.1e-09,4.7e-12,4.2e-10,1.9e-11,4.2e-19,0.00028,2.1e-09,1.5e-18,9.1e-25,0.0011,2.4e-41,3.2e-07,3.8e-10,0.0084,6.6e-06,2.6e-12,9.2e-08,3.5e-09,1.3e-20,2.2e-12,5.1e-41,0.00033,1.6e-06,0.0022,3.5e-18,7.1e-23,6.9e-39,6.7e-31,7.2e-08,6.1e-52,9.3e-10,0.003,4.6e-16,6.6e-10,7.9e-09,1e-20,3.9e-08,1.2e-07,7.7e-05,0.0094,2.7e-08,3.4e-43,3.2e-26,1e-18,1.2e-10,8.1e-17,3e-40,2.1e-14,1.1e-34,0.0017,1.2e-25,3.5e-11,3e-05,0.012
AC1KRZ_000079	AOBS82_9	1	1	1	1	1	0	0	0	1							
AC1KRZ_000080	AOBS82_9	1	1	0	0	0	0	0	0	0		CoA_binding,CoA_binding_2,DUF229,SGSH_C,Sulfatase	Pfam		CoA_binding,CoA_binding_2,DUF229,SGSH_C,Sulfatase	PF02629.26,PF13380.13,PF02995.23,PF16347.11,PF00884.29	0.014,5.8e-30,0.016,1.6e-09,1.7e-40
AC1KRZ_000083	AOBS82_9	1	1	1	1	1	0	1	0	0							
AC1KRZ_000086	AOBS82_9	1	1	0	0	0	0	0	0	0							
AC1KRZ_000087	AOBS82_9	1	1	0	0	0	0	0	0	0		AAA,AAA_11,AAA_14,AAA_16,AAA_2,AAA_22,AAA_30,AAA_33,AAA_5,AAA_assoc_2,AAA_lid_RFC1,Gp44_lid,NB-ARC,NPHP3_N,nSTAND3,nSTAND6,Parvo_NS1,Rad17,RCF1-5-like_lid,RuvB_N	Pfam		AAA,AAA_11,AAA_14,AAA_16,AAA_2,AAA_22,AAA_30,AAA_33,AAA_5,AAA_assoc_2,AAA_lid_RFC1,Gp44_lid,NB-ARC,NPHP3_N,nSTAND3,nSTAND6,Parvo_NS1,Rad17,RCF1-5-like_lid,RuvB_N	PF00004.36,PF13086.13,PF13173.13,PF13191.13,PF07724.21,PF13401.13,PF13604.13,PF13671.13,PF07728.21,PF16193.12,PF25361.2,PF21328.4,PF00931.29,PF24883.3,PF20720.4,PF25201.1,PF01057.24,PF03215.22,PF21960.3,PF05496.19	1.1e-10,0.006,0.00012,2.7e-05,0.013,1.2e-06,0.015,0.00055,0.00045,0.0003,4.8e-09,0.00043,0.00099,6.3e-05,7e-05,0.0033,0.007,5.6e-06,4.3e-05,2.3e-06
AC1KRZ_000088	AOBS82_9	1	1	0	0	1	0	0	0	1							
AC1KRZ_000090	AOBS82_9	1	1	1	1	0	0	1	1	1							
AC1KRZ_000091	AOBS82_9	1	1	0	1	0	0	1	1	0							
AC1KRZ_000092	AOBS82_9	1	1	0	0	0	0	0	0	1							
AC1KRZ_000094	AOBS82_9	1	1	1	1	1	0	0	0	1							
AC1KRZ_000095	AOBS82_9	1	1	0	0	0	0	0	0	0							
AC1KRZ_000096	AOBS82_9	1	1	1	1	1	0	0	0	0							
AC1KRZ_000097	AOBS82_9	1	1	0	0	0	0	0	0	0		STb_secrete,Zn_ribbon_Thio2	Pfam		STb_secrete,Zn_ribbon_Thio2	PF09075.16,PF21352.4	0.47,0.4
AC1KRZ_000100	AOBS82_9	1	1	1	1	1	0	1	1	1							
AC1KRZ_000101	AOBS82_9	1	1	0	0	0	0	0	0	0		DUF6520,DUF8118	Pfam		DUF6520,DUF8118	PF20130.5,PF26435.2	4.7,0.55
AC1KRZ_000105	AOBS82_9	1	1	1	1	1	0	1	0	1							
AC1KRZ_000106	AOBS82_9	1	1	1	1	1	0	1	0	1							
AC1KRZ_000107	AOBS82_9	1	1	0	0	0	0	1	1	0							
AC1KRZ_000108	AOBS82_9	1	1	0	0	0	0	0	0	0		FUT8_N_cat,GAP45,MAP7,Nab2,PWI,PWI_CCDC43,RRM_1,RRM_3,RRM_occluded,RRM_PARP14_3,SurA_N_2,Torus,zf-CCCH,zf-CCCH_12,zf-CCCH_2,zf-CCCH_RBM22,zf_CCCH_4	Pfam		FUT8_N_cat,GAP45,MAP7,Nab2,PWI,PWI_CCDC43,RRM_1,RRM_3,RRM_occluded,RRM_PARP14_3,SurA_N_2,Torus,zf-CCCH,zf-CCCH_12,zf-CCCH_2,zf-CCCH_RBM22,zf_CCCH_4	PF19745.6,PF29346.1,PF05672.17,PF11517.15,PF01480.23,PF26091.1,PF00076.29,PF08777.18,PF16842.12,PF23085.2,PF13623.12,PF16131.12,PF00642.31,PF25542.2,PF14608.13,PF25584.1,PF18345.8	0.059,0.17,0.1,1.6e-05,2.6e-11,0.0019,0.00086,0.025,0.015,0.0049,0.61,0.12,2.8e-06,0.036,0.0021,0.01,1.2e-07
AC1KRZ_000109	AOBS82_9	1	1	0	0	1	0	0	0	0							
AC1KRZ_000111	AOBS82_9	1	1	0	0	0	0	0	0	0		AAA_11,AAA_12,AAA_16,AAA_19,AAA_30,ResIII,RNA_helicase,SLFN-g3_helicase,ZNFX1,ZnF_RZ-type	Pfam		AAA_11,AAA_12,AAA_16,AAA_19,AAA_30,ResIII,RNA_helicase,SLFN-g3_helicase,ZNFX1,ZnF_RZ-type	PF13086.13,PF13087.13,PF13191.13,PF13245.13,PF13604.13,PF04851.22,PF00910.29,PF09848.16,PF25396.2,PF20173.4	3.9e-24,6.8e-33,0.00057,4.8e-08,0.00021,0.015,0.013,1.7e-06,8e-07,3.3e-21
AC1KRZ_000112	AOBS82_9	1	1	0	0	0	0	1	1	0							
AC1KRZ_000113	AOBS82_9	1	1	1	1	1	0	0	0	1							
AC1KRZ_000114	AOBS82_9	1	1	0	0	0	0	0	0	0		Csp,Fungal_trans,PRTT-like_M,Zn_clus	Pfam		Csp,Fungal_trans,PRTT-like_M,Zn_clus	PF03860.22,PF04082.24,PF30880.1,PF00172.24	0.88,1.7e-07,5.8e-10,2.4e-07
AC1KRZ_000118	AOBS82_9	1	1	1	1	1	0	1	1	1							
AC1KRZ_000120	AOBS82_9	1	1	0	0	0	0	0	0	0		NTP_transf_3,UDPGP	Pfam		NTP_transf_3,UDPGP	PF12804.14,PF01704.25	0.0057,5.7e-51
AC1KRZ_000121	AOBS82_9	1	1	1	1	1	0	0	0	1							
AC1KRZ_000122	AOBS82_9	1	1	1	1	1	0	0	0	1							
AC1KRZ_000127	AOBS82_9	1	1	1	1	1	0	1	1	1							
AC1KRZ_000129	AOBS82_9	1	1	1	1	1	0	0	0	1							
AC1KRZ_000132	AOBS82_9	1	1	0	0	0	0	0	0	0		ArsC,Coat_F,DivIC,HET-s_218-289,Mannitol_dh,RRF_GI,Sin3_corepress,Snf7,WHD_CHMP7_1st	Pfam		ArsC,Coat_F,DivIC,HET-s_218-289,Mannitol_dh,RRF_GI,Sin3_corepress,Snf7,WHD_CHMP7_1st	PF03960.22,PF07875.19,PF04977.21,PF11558.14,PF01232.30,PF12614.15,PF08295.18,PF03357.27,PF25880.2	3.6,0.021,0.12,0.0076,0.016,0.011,1.3,1e-11,4.3e-07
AC1KRZ_000133	AOBS82_9	1	1	1	1	1	0	1	1	1							
AC1KRZ_000136	AOBS82_9	1	1	1	0	1	0	0	0	0							
AC1KRZ_000137	AOBS82_9	1	1	0	0	1	0	1	1	1							
AC1KRZ_000138	AOBS82_9	1	1	0	0	0	0	1	1	0							
AC1KRZ_000139	AOBS82_9	1	1	1	1	1	0	0	1	1							
AC1KRZ_000142	AOBS82_9	1	1	0	0	0	0	1	1	0							
AC1KRZ_000146	AOBS82_9	1	1	1	1	1	0	1	1	1							
AC1KRZ_000148	AOBS82_9	1	1	0	0	0	0	0	0	0		DUF4337	Pfam		DUF4337	PF14235.13	0.65
AC1KRZ_000153	AOBS82_9	1	1	1	1	1	0	1	1	1							
AC1KRZ_000155	AOBS82_9	1	1	0	0	0	0	0	0	0		Meiotic_rec114	Pfam		Meiotic_rec114	PF03525.22	3.1e-08
AC1KRZ_000156	AOBS82_9	1	1	1	0	0	0	1	1	1							
AC1KRZ_000159	AOBS82_9	1	1	0	0	0	0	0	0	0							
AC1KRZ_000164	AOBS82_9	1	1	1	0	0	0	0	0	0							
AC1KRZ_000166	AOBS82_9	1	1	0	0	0	0	0	0	0		DUF5939,DUF5969,Saf4_Yju2	Pfam		DUF5939,DUF5969,Saf4_Yju2	PF19363.5,PF19394.5,PF04502.19	0.013,0.0047,7.2e-66
AC1KRZ_000168	AOBS82_9	1	1	0	1	1	0	0	1	1							
AC1KRZ_000169	AOBS82_9	1	1	1	1	1	0	0	0	1							
AC1KRZ_000176	AOBS82_9	1	1	1	1	1	0	0	0	1							
AC1KRZ_000178	AOBS82_9	1	1	1	1	1	0	0	1	1							
AC1KRZ_000185	AOBS82_9	1	1	1	1	1	0	1	1	1							
AC1KRZ_000188	AOBS82_9	1	1	0	0	0	0	0	0	0		GTP-eEF1A_C,GTP_EFTU,GTP_EFTU_D2,GTP_EFTU_D3,MMR_HSR1	Pfam		GTP-eEF1A_C,GTP_EFTU,GTP_EFTU_D2,GTP_EFTU_D3,MMR_HSR1	PF22594.3,PF00009.34,PF03144.32,PF03143.24,PF01926.30	2.2e-32,1.3e-48,8.1e-11,2.5e-24,0.00059
AC1KRZ_000189	AOBS82_9	1	1	0	0	0	0	0	1	0							
AC1KRZ_000192	AOBS82_9	1	1	0	0	0	0	0	0	0		PFF1_TM	Pfam		PFF1_TM	PF22251.2	2.1
AC1KRZ_000193	AOBS82_9	1	1	0	0	0	0	0	0	0		FeoB_N,GTP-eEF1A_C,GTP_EFTU,GTP_EFTU_D2,GTP_EFTU_D3,HBS1_N,MMR_HSR1,P8,Roc	Pfam		FeoB_N,GTP-eEF1A_C,GTP_EFTU,GTP_EFTU_D2,GTP_EFTU_D3,HBS1_N,MMR_HSR1,P8,Roc	PF02421.25,PF22594.3,PF00009.34,PF03144.32,PF03143.24,PF08938.17,PF01926.30,PF24305.3,PF08477.20	0.0054,1.2e-23,1.2e-52,2.8e-08,4.9e-09,6.6e-17,5.2e-08,0.0062,0.0091
AC1KRZ_000195	AOBS82_9	1	1	0	0	0	0	0	0	0		CENP-P,HAUS2,MIPOL1_N,Phage_scaffold,RUFY4	Pfam		CENP-P,HAUS2,MIPOL1_N,Phage_scaffold,RUFY4	PF13096.12,PF15003.12,PF27918.1,PF06810.18,PF25366.1	5.4e-06,0.0018,0.0078,0.073,0.018
AC1KRZ_000199	AOBS82_9	1	1	0	0	0	0	0	0	0		DUF2895,DUF2999,DUF8380,GIY_YIG_2,LRR_1,LRR_13,LRR_14,LRR_4,LRR_6,LRR_8,LRR_9,LRR_LRWD1,LRR_NLRC4,LRR_NXF1-5,LRR_RI_capping	Pfam		DUF2895,DUF2999,DUF8380,GIY_YIG_2,LRR_1,LRR_13,LRR_14,LRR_4,LRR_6,LRR_8,LRR_9,LRR_LRWD1,LRR_NLRC4,LRR_NXF1-5,LRR_RI_capping	PF11444.15,PF11212.15,PF28313.2,PF20815.4,PF00560.40,PF23286.1,PF23598.2,PF12799.14,PF13516.13,PF13855.13,PF14580.13,PF23211.1,PF29252.1,PF24048.2,PF18779.8	0.018,0.027,0.18,0.039,2.2e-11,1.3e-05,1.5e-13,3.4e-25,0.0011,6.8e-29,3.6e-11,6.4e-10,0.0076,5.9e-07,0.035
AC1KRZ_000201	AOBS82_9	1	1	1	1	1	0	0	0	1							
AC1KRZ_000204	AOBS82_9	1	1	1	1	1	0	1	1	1							
AC1KRZ_000205	AOBS82_9	1	1	0	0	0	0	0	0	0		IQCJ-SCHIP1,Rhodanese,UCH,UCH_1	Pfam		IQCJ-SCHIP1,Rhodanese,UCH,UCH_1	PF15157.13,PF00581.26,PF00443.36,PF13423.13	5.6,5.2e-06,6.4e-30,0.0085
AC1KRZ_000209	AOBS82_9	1	1	0	0	0	0	0	0	0		ATP13,COX5A,PPR,PPR_1,PPR_2,PPR_3,PPR_long,TPR_24	Pfam		ATP13,COX5A,PPR,PPR_1,PPR_2,PPR_3,PPR_long,TPR_24	PF12921.13,PF02284.22,PF01535.27,PF12854.14,PF13041.13,PF13812.13,PF17177.11,PF23276.3	0.00016,0.0037,1.9e-08,8.8e-05,2.9e-22,1.1e-06,1.1e-10,0.00027
AC1KRZ_000218	AOBS82_9	1	1	0	0	0	0	0	0	0		ALIX_LYPXL_bnd,CCDC125,Cluap1,DivIC,DUF4407,DUF6284,Exonuc_VII_L,Hrs_helical,ODF2_N,T2SSF	Pfam		ALIX_LYPXL_bnd,CCDC125,Cluap1,DivIC,DUF4407,DUF6284,Exonuc_VII_L,Hrs_helical,ODF2_N,T2SSF	PF13949.12,PF30757.1,PF10234.15,PF04977.21,PF14362.12,PF19801.5,PF02601.21,PF12210.14,PF27578.1,PF00482.29	0.24,2,0.021,3.2,9.8,0.14,1.3,0.043,0.00054,0.29
AC1KRZ_000220	AOBS82_9	1	1	0	0	0	0	0	0	0		Abhydrolase_6,Hydrolase_4,Lipase_3,Phospholipase-like,Upx-like	Pfam		Abhydrolase_6,Hydrolase_4,Lipase_3,Phospholipase-like,Upx-like	PF12697.14,PF12146.16,PF01764.32,PF26363.2,PF28173.1	0.0081,0.019,3e-07,6.7e-10,0.0084
AC1KRZ_000222	AOBS82_9	1	1	0	0	0	0	0	0	0		Lipase_3,Phospholipase-like	Pfam		Lipase_3,Phospholipase-like	PF01764.32,PF26363.2	8.9e-07,4.9e-08
AC1KRZ_000223	AOBS82_9	1	1	0	0	0	0	0	0	0		CM_2,DUF3234,LETM1_RBD,VPS9	Pfam		CM_2,DUF3234,LETM1_RBD,VPS9	PF01817.27,PF11572.14,PF07766.20,PF02204.24	0.0003,0.0031,0.0073,8.5e-25
AC1KRZ_000224	AOBS82_9	1	1	1	1	1	0	0	0	0							
AC1KRZ_000225	AOBS82_9	1	1	1	1	1	0	1	1	1							
AC1KRZ_000227	AOBS82_9	1	1	0	0	0	0	0	0	0							
AC1KRZ_000232	AOBS82_9	1	1	0	1	0	0	0	0	1							
AC1KRZ_000240	AOBS82_9	1	1	1	1	0	0	0	0	1							
AC1KRZ_000241	AOBS82_9	1	1	0	0	0	0	0	0	0		AAA_16,AAA_22,ATPase_2,Beta-barrel_GLAA-B_I,Focal_AT,INF24-like,Kinesin,Microtub_bd,Pa193_gp26,Phage_pRha,Viral_P18	Pfam		AAA_16,AAA_22,ATPase_2,Beta-barrel_GLAA-B_I,Focal_AT,INF24-like,Kinesin,Microtub_bd,Pa193_gp26,Phage_pRha,Viral_P18	PF13191.13,PF13401.13,PF01637.25,PF23763.3,PF03623.20,PF28982.1,PF00225.30,PF16796.12,PF30928.1,PF09669.16,PF04521.18	0.0067,0.11,0.058,0.012,5,0.0043,2.1e-98,4.4e-62,0.00098,1.7,1.7
AC1KRZ_000245	AOBS82_9	1	1	1	1	1	0	1	1	1							
AC1KRZ_000246	AOBS82_9	1	1	0	0	0	0	0	0	0							
AC1KRZ_000249	AOBS82_9	1	1	0	0	0	0	0	0	0		CNNM,MFS_1,Sugar_tr	Pfam		CNNM,MFS_1,Sugar_tr	PF01595.26,PF07690.22,PF00083.31	4.4,5.7e-18,4.3e-91
AC1KRZ_000250	AOBS82_9	1	1	0	0	0	0	0	0	0		PhyH	Pfam		PhyH	PF05721.20	2.9e-09
AC1KRZ_000251	AOBS82_9	1	1	0	0	0	0	0	0	0		Fungal_trans	Pfam		Fungal_trans	PF04082.24	1.7e-16
AC1KRZ_001633	AOBS82_9	1	1	1	0	1	0	0	0	1							
AC1KRZ_001636	AOBS82_9	1	1	0	0	0	0	0	0	0		IMS,IMS_HHH	Pfam		IMS,IMS_HHH	PF00817.26,PF11798.15	1.8e-38,0.0036
AC1KRZ_001639	AOBS82_9	1	1	1	1	0	0	0	1	1							
AC1KRZ_001643	AOBS82_9	1	1	1	1	1	0	1	1	1							
AC1KRZ_001644	AOBS82_9	1	1	0	0	0	0	0	0	0							
AC1KRZ_001652	AOBS82_9	1	1	1	1	0	0	0	0	1							
AC1KRZ_001656	AOBS82_9	1	1	0	0	0	0	0	0	0							
AC1KRZ_001662	AOBS82_9	1	1	1	1	0	0	0	0	0							
AC1KRZ_001664	AOBS82_9	1	1	0	0	0	0	0	0	0		His_Phos_2,MFS_1,Sugar_tr	Pfam		His_Phos_2,MFS_1,Sugar_tr	PF00328.28,PF07690.22,PF00083.31	1.1e-10,4e-23,1.2e-42
AC1KRZ_001666	AOBS82_9	1	1	0	0	0	0	0	0	0		adh_short,adh_short_C2,KR	Pfam		adh_short,adh_short_C2,KR	PF00106.32,PF13561.13,PF08659.17	7.2e-22,4.5e-13,1.2e-06
AC1KRZ_001667	AOBS82_9	1	1	1	1	1	0	1	1	1							
AC1KRZ_001670	AOBS82_9	1	1	1	1	1	0	1	1	1							
AC1KRZ_001672	AOBS82_9	1	1	0	0	0	0	0	0	0		4HBT_3,4HBT_3C,Abhydrolase_1,Abhydrolase_6,Acyl_CoA_thio,Chlorophyllase,DUF3530,ESR1_C,Esterase,Hydrolase_4,Lipase_3,PGAP1,Thioesterase	Pfam		4HBT_3,4HBT_3C,Abhydrolase_1,Abhydrolase_6,Acyl_CoA_thio,Chlorophyllase,DUF3530,ESR1_C,Esterase,Hydrolase_4,Lipase_3,PGAP1,Thioesterase	PF13622.13,PF20789.4,PF00561.27,PF12697.14,PF02551.22,PF07224.18,PF12048.15,PF12743.13,PF00756.27,PF12146.16,PF01764.32,PF07819.20,PF00975.27	7.7e-23,5.8e-06,6.9e-15,1.9e-09,7.6e-12,0.00071,0.0077,0.0094,0.00051,5.7e-09,0.015,0.00084,0.0006
AC1KRZ_001673	AOBS82_9	1	1	0	0	0	0	0	0	0		ADH_N,ADH_zinc_N,ADH_zinc_N_2,FAD_binding_3,FtrD-like,Glu_dehyd_C,NADH_4Fe-4S,NAD_binding_8,Pyr_redox_2	Pfam		ADH_N,ADH_zinc_N,ADH_zinc_N_2,FAD_binding_3,FtrD-like,Glu_dehyd_C,NADH_4Fe-4S,NAD_binding_8,Pyr_redox_2	PF08240.18,PF00107.33,PF13602.13,PF01494.26,PF10080.15,PF16912.12,PF10589.15,PF13450.13,PF07992.21	1.6e-32,2e-17,5.4e-08,5.4e-06,0.0046,2.9e-10,0.0067,0.0082,0.0058
AC1KRZ_001674	AOBS82_9	1	1	1	1	1	0	1	1	1							
AC1KRZ_001676	AOBS82_9	1	1	0	0	0	0	0	0	0		ABC1,Haspin_kinase,Pkinase,PK_Tyr_Ser-Thr,Pox_ser-thr_kin	Pfam		ABC1,Haspin_kinase,Pkinase,PK_Tyr_Ser-Thr,Pox_ser-thr_kin	PF03109.23,PF12330.15,PF00069.32,PF07714.24,PF05445.18	0.0003,0.0003,2.9e-54,1e-31,0.013
AC1KRZ_001678	AOBS82_9	1	1	1	1	1	0	0	1	1							
AC1KRZ_001682	AOBS82_9	1	1	1	1	1	0	1	1	1							
AC1KRZ_001688	AOBS82_9	1	1	0	0	0	0	0	0	0		MFS_1,Sugar_tr	Pfam		MFS_1,Sugar_tr	PF07690.22,PF00083.31	3.5e-09,5.8e-75
AC1KRZ_001690	AOBS82_9	1	1	0	0	0	0	1	0	0							
AC1KRZ_001692	AOBS82_9	1	1	0	0	1	0	0	0	1							
AC1KRZ_001693	AOBS82_9	1	1	1	0	1	0	0	0	1							
AC1KRZ_001694	AOBS82_9	1	1	0	0	0	0	0	0	0		PAC2	Pfam		PAC2	PF09754.16	1.1e-07
AC1KRZ_001696	AOBS82_9	1	1	1	1	1	0	0	1	1							
AC1KRZ_001698	AOBS82_9	1	1	0	0	0	0	0	0	0							
AC1KRZ_001699	AOBS82_9	1	1	0	0	0	0	0	0	0		BIG1_N,DUF2654,Filament,Phage_TAC_1,UBR4_TPR	Pfam		BIG1_N,DUF2654,Filament,Phage_TAC_1,UBR4_TPR	PF27676.2,PF10849.13,PF00038.27,PF06222.18,PF30838.1	0.0078,0.0073,0.00047,0.0029,0.011
AC1KRZ_001702	AOBS82_9	1	1	0	0	0	0	0	0	0		DUF908,zf-CCCH,zf-CCCH_2,zf-CCCH_3,zf_CCCH_4	Pfam		DUF908,zf-CCCH,zf-CCCH_2,zf-CCCH_3,zf_CCCH_4	PF06012.18,PF00642.31,PF14608.13,PF15663.12,PF18345.8	0.34,4.6e-05,0.016,1.2e-12,7.7e-05
AC1KRZ_001703	AOBS82_9	1	1	1	0	1	0	1	1	1							
AC1KRZ_001709	AOBS82_9	1	1	1	1	0	0	0	1	1							
AC1KRZ_001713	AOBS82_9	1	1	0	0	0	0	0	0	0		DUF3099,MFS_1,Sugar_tr	Pfam		DUF3099,MFS_1,Sugar_tr	PF11298.14,PF07690.22,PF00083.31	0.1,1.1e-15,1.1e-61
AC1KRZ_001716	AOBS82_9	1	1	0	0	0	0	0	0	0		FAM171A1-2-B_N,Glyco_hydro_2,Glyco_hydro_2_N2,Mannosidase_ig	Pfam		FAM171A1-2-B_N,Glyco_hydro_2,Glyco_hydro_2_N2,Mannosidase_ig	PF10577.16,PF00703.28,PF22666.3,PF17786.8	0.016,1.4e-10,8e-45,5.1e-07
AC1KRZ_001721	AOBS82_9	1	1	0	0	0	0	0	0	0		Fungal_trans,Zn_clus	Pfam		Fungal_trans,Zn_clus	PF04082.24,PF00172.24	0.00015,1.4e-08
AC1KRZ_001723	AOBS82_9	1	1	0	0	0	0	0	0	0		CARDB,Fn3-like,Glyco_hydro_3,Glyco_hydro_3_C,PA14	Pfam		CARDB,Fn3-like,Glyco_hydro_3,Glyco_hydro_3_C,PA14	PF07705.18,PF14310.13,PF00933.28,PF01915.28,PF07691.18	0.012,2.2e-16,2e-40,3.9e-52,3.1e-10
AC1KRZ_001724	AOBS82_9	1	1	0	0	0	0	0	0	0		DUF2752,Gly-zipper_C13G5-2,MFS_1,Sugar_tr,TRI12	Pfam		DUF2752,Gly-zipper_C13G5-2,MFS_1,Sugar_tr,TRI12	PF10825.14,PF31172.1,PF07690.22,PF00083.31,PF06609.19	0.011,3.2,1e-45,2.6e-14,7.2e-09
AC1KRZ_001727	AOBS82_9	1	1	0	0	1	0	0	0	1							
AC1KRZ_001728	AOBS82_9	1	1	0	1	0	0	0	0	0							
AC1KRZ_001730	AOBS82_9	1	1	0	0	0	0	0	0	0		AAA,AAA_14,AAA_16,AAA_17,AAA_18,AAA_2,AAA_22,AAA_24,AAA_25,AAA_28,AAA_33,AAA_5,AAA_lid_3,ATPase,IstB_IS21,Mg_chelatase,nSTAND3,Peptidase_M41,RuvB_N,Sigma54_activat,TIP49,TsaE,Yme1-like_N	Pfam		AAA,AAA_14,AAA_16,AAA_17,AAA_18,AAA_2,AAA_22,AAA_24,AAA_25,AAA_28,AAA_33,AAA_5,AAA_lid_3,ATPase,IstB_IS21,Mg_chelatase,nSTAND3,Peptidase_M41,RuvB_N,Sigma54_activat,TIP49,TsaE,Yme1-like_N	PF00004.36,PF13173.13,PF13191.13,PF13207.13,PF13238.13,PF07724.21,PF13401.13,PF13479.13,PF13481.13,PF13521.13,PF13671.13,PF07728.21,PF17862.8,PF06745.20,PF01695.24,PF01078.28,PF20720.4,PF01434.25,PF05496.19,PF00158.33,PF06068.20,PF02367.24,PF21232.4	8.8e-46,0.0028,8.2e-06,0.0045,0.002,0.011,4.6e-07,0.0098,0.00012,0.00036,0.0089,9.3e-06,5.1e-11,0.014,0.0011,0.0022,0.00027,2.5e-59,4.4e-05,0.004,2.3e-06,0.012,4e-23
AC1KRZ_001732	AOBS82_9	1	1	0	0	0	0	0	0	0		3Beta_HSD,adh_short,adh_short_C2,Epimerase,GDP_Man_Dehyd,KR,NAD_binding_10,NAD_binding_4,NmrA,Polysacc_synt_2,Sacchrp_dh_NADP,SDR	Pfam		3Beta_HSD,adh_short,adh_short_C2,Epimerase,GDP_Man_Dehyd,KR,NAD_binding_10,NAD_binding_4,NmrA,Polysacc_synt_2,Sacchrp_dh_NADP,SDR	PF01073.26,PF00106.32,PF13561.13,PF01370.28,PF16363.12,PF08659.17,PF13460.13,PF07993.19,PF05368.20,PF02719.22,PF03435.25,PF23441.1	0.00053,2.2e-32,5e-17,0.00028,0.0014,9.3e-09,0.0047,0.0095,0.0054,0.0057,0.0028,4.6e-06
AC1KRZ_001733	AOBS82_9	1	1	0	0	0	0	0	0	0		EryCIII-like_C,Glyco_transf_N,UDPGT	Pfam		EryCIII-like_C,Glyco_transf_N,UDPGT	PF06722.19,PF26168.1,PF00201.25	0.017,9.2e-07,5.8e-20
AC1KRZ_001734	AOBS82_9	1	1	0	0	0	0	0	0	0		ANAPC4_WD40,ASA1,Beta-prop_ACSF4,Beta-prop_Aladin,Beta-prop_CAF1B_HIR1,Beta-prop_DCAF12,Beta-prop_DCAF4,Beta-prop_EIPR1,Beta-prop_EML,Beta-prop_EML_2,Beta-prop_HPS5,Beta-prop_IFT122_1st,Beta-prop_IFT140_1st,Beta-prop_IFT140_2nd,Beta-prop_IP5PC_F,Beta-prop_LRRK2,Beta-prop_Nup120_160,Beta-prop_RIG_1st,Beta-prop_RIG_2nd,Beta-prop_SCAP,Beta-prop_SPT8,Beta-prop_TEP1_2nd,Beta-prop_TEP1_C,Beta-prop_THOC3,Beta-prop_Vps41,Beta-prop_VPS8,Beta-prop_WDR11_2nd,Beta-prop_WDR19_1st,Beta-prop_WDR36-Utp21_1st,Beta-prop_WDR36-Utp21_2nd,Beta-prop_WDR3_1st,Beta-prop_WDR3_2nd,Beta-prop_WDR41,Beta-prop_WDR5,Beta-prop_WDR75_1st,Beta-prop_WDR90_POC16_2nd,CFAP251_N,DSE1_N,EIF3I,F-box,F-box-like,NBCH_WD40,PAC11,PQQ_2,SHKBP1_KCTD3_C,TRM82_WD,WD40,WD40_CDC20-Fz,WD40_Gbeta,WD40_like,WD40_MABP1-WDR62_1st,WD40_MABP1-WDR62_2nd,WD40_Prp19,WD40_RFWD3,WD40_WDHD1_1st,WDR55,WDR90_beta-prop_4th	Pfam		ANAPC4_WD40,ASA1,Beta-prop_ACSF4,Beta-prop_Aladin,Beta-prop_CAF1B_HIR1,Beta-prop_DCAF12,Beta-prop_DCAF4,Beta-prop_EIPR1,Beta-prop_EML,Beta-prop_EML_2,Beta-prop_HPS5,Beta-prop_IFT122_1st,Beta-prop_IFT140_1st,Beta-prop_IFT140_2nd,Beta-prop_IP5PC_F,Beta-prop_LRRK2,Beta-prop_Nup120_160,Beta-prop_RIG_1st,Beta-prop_RIG_2nd,Beta-prop_SCAP,Beta-prop_SPT8,Beta-prop_TEP1_2nd,Beta-prop_TEP1_C,Beta-prop_THOC3,Beta-prop_Vps41,Beta-prop_VPS8,Beta-prop_WDR11_2nd,Beta-prop_WDR19_1st,Beta-prop_WDR36-Utp21_1st,Beta-prop_WDR36-Utp21_2nd,Beta-prop_WDR3_1st,Beta-prop_WDR3_2nd,Beta-prop_WDR41,Beta-prop_WDR5,Beta-prop_WDR75_1st,Beta-prop_WDR90_POC16_2nd,CFAP251_N,DSE1_N,EIF3I,F-box,F-box-like,NBCH_WD40,PAC11,PQQ_2,SHKBP1_KCTD3_C,TRM82_WD,WD40,WD40_CDC20-Fz,WD40_Gbeta,WD40_like,WD40_MABP1-WDR62_1st,WD40_MABP1-WDR62_2nd,WD40_Prp19,WD40_RFWD3,WD40_WDHD1_1st,WDR55,WDR90_beta-prop_4th	PF12894.14,PF29630.1,PF13570.14,PF25460.2,PF24105.2,PF23760.2,PF23761.2,PF23609.2,PF23409.2,PF23414.2,PF23756.2,PF23381.2,PF23383.2,PF23385.2,PF23754.2,PF23748.2,PF11715.17,PF23770.2,PF23775.2,PF24017.3,PF23798.2,PF25047.1,PF25048.2,PF25174.2,PF23411.2,PF23410.5,PF23752.2,PF23389.2,PF25171.2,PF25168.2,PF25173.2,PF25172.2,PF25178.1,PF25175.2,PF23869.2,PF23393.3,PF30552.1,PF29037.1,PF24805.2,PF00646.39,PF12937.13,PF20426.5,PF30151.1,PF13360.14,PF31099.1,PF30361.1,PF00400.39,PF24807.2,PF25391.2,PF17005.12,PF24780.2,PF24782.3,PF24814.2,PF23419.3,PF24817.2,PF24796.2,PF23342.2	1.6e-12,5.2e-13,1.7e-07,1.3e-10,1.2e-17,3e-07,3.2e-07,3.7e-09,4.7e-18,9.9e-24,0.0051,2.2e-56,2.7e-06,0.0019,0.00021,2.4e-06,4.6e-06,0.0037,6.7e-07,8.3e-17,1.3e-10,2.9e-28,2.4e-29,6.2e-51,0.0097,7.8e-05,0.0011,1.9e-08,7.7e-17,1e-21,3.8e-54,5.9e-34,4.1e-13,5.5e-62,3.6e-15,7.2e-14,0.0002,1.2e-19,2e-29,6.1e-08,1.2e-11,1.6e-14,1.2e-09,6.8e-06,0.0011,8.8e-11,1.6e-53,1.4e-33,3e-25,5.6e-07,3.2e-09,1.1e-25,8.9e-40,0.0003,6.4e-35,2e-20,2.3e-08
AC1KRZ_001735	AOBS82_9	1	1	0	0	0	0	0	0	0		AA_permease,AA_permease_2,NCE101,Prion_bPrPp,Rer1,YwcE	Pfam		AA_permease,AA_permease_2,NCE101,Prion_bPrPp,Rer1,YwcE	PF00324.28,PF13520.13,PF11654.14,PF11587.14,PF03248.19,PF17368.9	1.3e-132,2.2e-30,0.0081,0.18,7.9,0.031
AC1KRZ_001739	AOBS82_9	1	1	0	0	0	0	0	0	1							
AC1KRZ_001741	AOBS82_9	1	1	0	0	0	0	0	0	0		AAA_13,AAA_15,AAA_16,AAA_21,AAA_22,AAA_23,AAA_29,ABC_tran,Aq_aa27,BRISC_FAM175B_helical,CC2D1A-B_DM14,HSBP1,nSTAND3,Phage_int_SAM_1,SbcC_Walker_B,SMC_N	Pfam		AAA_13,AAA_15,AAA_16,AAA_21,AAA_22,AAA_23,AAA_29,ABC_tran,Aq_aa27,BRISC_FAM175B_helical,CC2D1A-B_DM14,HSBP1,nSTAND3,Phage_int_SAM_1,SbcC_Walker_B,SMC_N	PF13166.13,PF13175.13,PF13191.13,PF13304.13,PF13401.13,PF13476.13,PF13555.13,PF00005.34,PF27394.1,PF22299.2,PF21528.3,PF06825.18,PF20720.4,PF02899.24,PF13558.13,PF02463.26	0.00098,6.7e-09,0.029,5.7e-11,0.054,6.6e-37,0.00013,0.0013,0.00057,0.39,1.3,0.017,7,0.087,3.4e-06,2.4e-17
AC1KRZ_001744	AOBS82_9	1	1	0	0	0	0	0	0	0		3Beta_HSD,CoA_binding_2,DapB_N,Epimerase,F420_oxidored,GFO_IDH_MocA,NAD_binding_10,NAD_binding_3,NmrA,Pigment_DH,REPA_OB_2,Sacchrp_dh_NADP,Semialdhyde_dh,Shikimate_DH	Pfam		3Beta_HSD,CoA_binding_2,DapB_N,Epimerase,F420_oxidored,GFO_IDH_MocA,NAD_binding_10,NAD_binding_3,NmrA,Pigment_DH,REPA_OB_2,Sacchrp_dh_NADP,Semialdhyde_dh,Shikimate_DH	PF01073.26,PF13380.13,PF01113.27,PF01370.28,PF03807.24,PF01408.29,PF13460.13,PF03447.23,PF05368.20,PF06324.17,PF16900.12,PF03435.25,PF01118.31,PF01488.27	8.4e-05,0.007,0.0005,7.8e-08,0.00059,0.00013,1.1e-26,0.014,3.6e-26,0.45,0.0065,9.9e-11,0.0056,0.005
AC1KRZ_001750	AOBS82_9	1	1	1	0	0	0	1	0	1							
AC1KRZ_001751	AOBS82_9	1	1	0	0	1	0	0	0	0							
AC1KRZ_001754	AOBS82_9	1	1	0	1	0	0	0	0	0							
AC1KRZ_001755	AOBS82_9	1	1	0	0	0	0	0	0	0		DUF1798,FAM25,Ig_IgSF3,Sey1_3HB,UPF0184,Y4jQ	Pfam		DUF1798,FAM25,Ig_IgSF3,Sey1_3HB,UPF0184,Y4jQ	PF08807.16,PF15825.11,PF28276.1,PF20428.4,PF03670.18,PF27260.1	0.017,0.24,0.0018,0.0054,0.0076,0.0067
AC1KRZ_001758	AOBS82_9	1	1	0	0	0	0	0	0	0		Astro_1A,Fungal_trans,Zap1_zf1,zf-C2H2,zf-C2H2_4	Pfam		Astro_1A,Fungal_trans,Zap1_zf1,zf-C2H2,zf-C2H2_4	PF19415.4,PF04082.24,PF21816.4,PF00096.33,PF13894.13	0.0008,7.4e-48,0.0032,1.1e-08,0.86
AC1KRZ_001759	AOBS82_9	1	1	0	0	0	0	0	0	0		CFAP70_TPR_C,COS111_C,F-box,F-box-like,LRR_2,LRR_4,LRR_At5g56370,LRR_NXF1-5,TPR_12,TPR_2	Pfam		CFAP70_TPR_C,COS111_C,F-box,F-box-like,LRR_2,LRR_4,LRR_At5g56370,LRR_NXF1-5,TPR_12,TPR_2	PF29407.1,PF29477.1,PF00646.39,PF12937.13,PF07723.20,PF12799.14,PF24758.2,PF24048.2,PF13424.13,PF07719.24	0.0087,0.074,8.8e-08,7e-12,0.27,0.0024,0.0003,0.00017,0.0065,0.012
AC1KRZ_001761	AOBS82_9	1	1	1	0	1	0	1	1	0							
AC1KRZ_001768	AOBS82_9	1	1	0	1	0	0	0	0	0							
AC1KRZ_001773	AOBS82_9	1	1	0	0	0	0	1	0	0							
AC1KRZ_001774	AOBS82_9	1	1	0	0	0	0	0	0	0		Beta-prop_SCAP,Peptidase_M18,Peptidase_M42,YGL041W_C	Pfam		Beta-prop_SCAP,Peptidase_M18,Peptidase_M42,YGL041W_C	PF24017.3,PF02127.21,PF05343.20,PF28567.1	0.0072,2.2e-125,3.5e-05,0.0071
AC1KRZ_001775	AOBS82_9	1	1	0	0	0	0	0	0	0		DUF1757,DUF6249	Pfam		DUF1757,DUF6249	PF08560.16,PF19762.5	1.6e-06,0.0029
AC1KRZ_001776	AOBS82_9	1	1	0	0	0	0	0	0	0							
AC1KRZ_001783	AOBS82_9	1	1	0	0	0	0	0	0	0		LRR_8,LRR_MHP1-HER1-GIP3,PaREP1	Pfam		LRR_8,LRR_MHP1-HER1-GIP3,PaREP1	PF13855.13,PF29247.1,PF05942.17	0.0026,0.0001,0.017
AC1KRZ_001785	AOBS82_9	1	1	1	1	1	0	0	0	1							
AC1KRZ_001795	AOBS82_9	1	1	0	0	0	0	0	0	0		AVEN,MRI	Pfam		AVEN,MRI	PF28377.1,PF15325.12	0.00018,3.9
AC1KRZ_001797	AOBS82_9	1	1	0	0	0	0	0	0	0		CID,DUF2457,Nrd1-Seb1_dom2,RRM_1,RRM_7	Pfam		CID,DUF2457,Nrd1-Seb1_dom2,RRM_1,RRM_7	PF04818.20,PF10446.15,PF21380.3,PF00076.29,PF16367.12	2.7e-12,0.35,5.2e-34,8.3e-09,0.0017
AC1KRZ_001799	AOBS82_9	1	1	0	0	0	0	0	0	0		CAP	Pfam		CAP	PF00188.33	3.2e-16
AC1KRZ_001801	AOBS82_9	1	1	0	0	0	0	0	0	0		CAP	Pfam		CAP	PF00188.33	2e-13
AC1KRZ_001804	AOBS82_9	1	1	0	0	0	0	0	0	0		Bestrophin-like,CH_HOOK_api,DASH_Dad4,DD3_cupredoxin,DevT_C,DUF7854,DUF7971,DUF8275,Dus,FadA,HOOK,HOOK_N,INA17_C,MscS_porin,NPV_P10,Pox_A_type_inc,SpoIVA_middle,Tropomyosin	Pfam		Bestrophin-like,CH_HOOK_api,DASH_Dad4,DD3_cupredoxin,DevT_C,DUF7854,DUF7971,DUF8275,Dus,FadA,HOOK,HOOK_N,INA17_C,MscS_porin,NPV_P10,Pox_A_type_inc,SpoIVA_middle,Tropomyosin	PF14023.13,PF26801.1,PF08650.16,PF28666.1,PF27281.1,PF25252.2,PF25926.2,PF26916.1,PF01207.24,PF09403.16,PF05622.18,PF19047.6,PF28274.1,PF12795.13,PF05531.18,PF04508.18,PF20438.4,PF00261.26	0.43,0.0032,0.4,0.021,0.00016,1.1,0.29,1.3,4.8,0.026,2.1e-05,2.1e-15,1.3,0.096,0.081,0.17,0.012,1.4
AC1KRZ_001805	AOBS82_9	1	1	1	1	1	0	0	0	1							
AC1KRZ_001808	AOBS82_9	1	1	0	1	1	0	0	0	1							
AC1KRZ_001811	AOBS82_9	1	1	0	0	0	0	0	0	0		DUF7283	Pfam		DUF7283	PF23954.2	0.012
AC1KRZ_001814	AOBS82_9	1	1	0	0	0	0	0	0	0		Mrx15,TMEM70	Pfam		Mrx15,TMEM70	PF26669.1,PF06979.19	0.019,2.4e-08
AC1KRZ_001817	AOBS82_9	1	1	0	0	1	0	0	0	1							
AC1KRZ_001823	AOBS82_9	1	1	0	0	0	0	0	0	0		Alsin_RLD,DNA_gyraseA_C,DUF903,RCC1,RCC1_2,WD40_RLD	Pfam		Alsin_RLD,DNA_gyraseA_C,DUF903,RCC1,RCC1_2,WD40_RLD	PF25384.2,PF03989.19,PF06004.19,PF00415.25,PF13540.13,PF25390.2	0.012,0.018,0.015,4e-19,2.2e-17,2.6e-37
AC1KRZ_001826	AOBS82_9	1	1	1	1	1	0	0	0	1							
AC1KRZ_001827	AOBS82_9	1	1	0	0	0	0	0	0	0		Beta-prop_Aladin,Beta-prop_EML_2,Beta-prop_IFT122_1st,Beta-prop_THOC3,CDV3,eIF2A,eIF2A_C,Tricorn_2nd,WD40,WD40_WDHD1_1st	Pfam		Beta-prop_Aladin,Beta-prop_EML_2,Beta-prop_IFT122_1st,Beta-prop_THOC3,CDV3,eIF2A,eIF2A_C,Tricorn_2nd,WD40,WD40_WDHD1_1st	PF25460.2,PF23414.2,PF23381.2,PF25174.2,PF15359.12,PF08662.18,PF31025.1,PF26550.2,PF00400.39,PF24817.2	0.00048,4.5e-06,8.4e-07,9.9e-07,0.027,3.4e-81,1.6e-23,6.5e-05,1.9e-07,0.00094
AC1KRZ_001829	AOBS82_9	1	1	0	0	0	0	0	0	1							
AC1KRZ_001831	AOBS82_9	1	1	0	0	0	0	0	0	0		DUF7115,JAB,Prok-JAB,USP8_dimer	Pfam		DUF7115,JAB,Prok-JAB,USP8_dimer	PF23428.3,PF01398.27,PF14464.12,PF08969.17	0.0007,1.6e-18,1.6e-05,4e-09
AC1KRZ_001835	AOBS82_9	1	1	0	0	0	0	0	0	0		Inp1	Pfam		Inp1	PF12634.14	1.5e-14
AC1KRZ_001836	AOBS82_9	1	1	0	0	0	0	0	0	0		Fungal_trans_2,Inp1	Pfam		Fungal_trans_2,Inp1	PF11951.14,PF12634.14	0.00026,0.0051
AC1KRZ_001839	AOBS82_9	1	1	1	1	1	0	1	1	1							
AC1KRZ_001844	AOBS82_9	1	1	0	0	0	0	0	0	0		DNA_alkylation,PPR_2,TPR_14,TPR_19	Pfam		DNA_alkylation,PPR_2,TPR_14,TPR_19	PF08713.18,PF13041.13,PF13428.13,PF14559.13	0.0031,0.013,0.0011,0.00011
AC1KRZ_001846	AOBS82_9	1	1	0	0	0	0	0	0	0		IPGA1_CC	Pfam		IPGA1_CC	PF30907.1	0.0079
AC1KRZ_001853	AOBS82_9	1	1	1	1	1	0	0	0	1							
AC1KRZ_001854	AOBS82_9	1	1	0	0	0	0	0	0	0		ANAPC4_WD40,ASA1,Beta-prop_ACSF4,Beta-prop_Aladin,Beta-prop_CAF1B_HIR1,Beta-prop_DCAF4,Beta-prop_EIPR1,Beta-prop_EML,Beta-prop_EML_2,Beta-prop_IFT122_1st,Beta-prop_IFT140_1st,Beta-prop_NOL10_N,Beta-prop_NWD2_C,Beta-prop_RIG_2nd,Beta-prop_SCAP,Beta-prop_SPT8,Beta-prop_TEP1_2nd,Beta-prop_TEP1_C,Beta-prop_THOC3,Beta-prop_Vps41,Beta-prop_VPS8,Beta-prop_WDR36-Utp21_1st,Beta-prop_WDR36-Utp21_2nd,Beta-prop_WDR3_1st,Beta-prop_WDR3_2nd,Beta-prop_WDR41,Beta-prop_WDR5,Beta-prop_WDR75_1st,Beta-prop_WDR90_POC16_2nd,CFAP251_N,Cytochrom_D1,DSE1_N,EIF3I,KNTC1_N,NBCH_WD40,PAC11,UTP15_C,WD40,WD40_CDC20-Fz,WD40_Gbeta,WD40_MABP1-WDR62_1st,WD40_MABP1-WDR62_2nd,WD40_Prp19,WD40_RFWD3,WD40_WDHD1_1st,WDR54,WDR55,WDR90_beta-prop_4th	Pfam		ANAPC4_WD40,ASA1,Beta-prop_ACSF4,Beta-prop_Aladin,Beta-prop_CAF1B_HIR1,Beta-prop_DCAF4,Beta-prop_EIPR1,Beta-prop_EML,Beta-prop_EML_2,Beta-prop_IFT122_1st,Beta-prop_IFT140_1st,Beta-prop_NOL10_N,Beta-prop_NWD2_C,Beta-prop_RIG_2nd,Beta-prop_SCAP,Beta-prop_SPT8,Beta-prop_TEP1_2nd,Beta-prop_TEP1_C,Beta-prop_THOC3,Beta-prop_Vps41,Beta-prop_VPS8,Beta-prop_WDR36-Utp21_1st,Beta-prop_WDR36-Utp21_2nd,Beta-prop_WDR3_1st,Beta-prop_WDR3_2nd,Beta-prop_WDR41,Beta-prop_WDR5,Beta-prop_WDR75_1st,Beta-prop_WDR90_POC16_2nd,CFAP251_N,Cytochrom_D1,DSE1_N,EIF3I,KNTC1_N,NBCH_WD40,PAC11,UTP15_C,WD40,WD40_CDC20-Fz,WD40_Gbeta,WD40_MABP1-WDR62_1st,WD40_MABP1-WDR62_2nd,WD40_Prp19,WD40_RFWD3,WD40_WDHD1_1st,WDR54,WDR55,WDR90_beta-prop_4th	PF12894.14,PF29630.1,PF13570.14,PF25460.2,PF24105.2,PF23761.2,PF23609.2,PF23409.2,PF23414.2,PF23381.2,PF23383.2,PF23098.2,PF23586.3,PF23775.2,PF24017.3,PF23798.2,PF25047.1,PF25048.2,PF25174.2,PF23411.2,PF23410.5,PF25171.2,PF25168.2,PF25173.2,PF25172.2,PF25178.1,PF25175.2,PF23869.2,PF23393.3,PF30552.1,PF02239.23,PF29037.1,PF24805.2,PF24506.2,PF20426.5,PF30151.1,PF09384.16,PF00400.39,PF24807.2,PF25391.2,PF24780.2,PF24782.3,PF24814.2,PF23419.3,PF24817.2,PF21031.3,PF24796.2,PF23342.2	2.8e-08,2e-08,1.5e-07,5.9e-06,6.4e-07,3.4e-06,7.5e-08,4.9e-14,3.2e-17,7.1e-31,2e-06,1.2e-07,0.002,2.5e-05,2.6e-07,1.1e-05,1.3e-12,1.5e-11,3.7e-28,0.0023,0.00049,4.4e-09,9.8e-16,5.8e-28,1.8e-22,1.1e-05,1.4e-37,2e-10,1.2e-09,0.00017,0.00073,1.1e-10,1.2e-13,0.014,7.4e-06,6.5e-06,3.1e-36,2e-26,6.1e-22,1.1e-12,2.2e-07,3.3e-07,6.3e-24,0.0016,3.9e-22,0.00014,3e-18,9.5e-10
AC1KRZ_001855	AOBS82_9	1	1	0	0	1	0	0	1	1							
AC1KRZ_001856	AOBS82_9	1	1	1	1	1	0	0	0	1							
AC1KRZ_001857	AOBS82_9	1	1	1	1	1	0	1	1	1							
AC1KRZ_001859	AOBS82_9	1	1	1	1	1	0	1	1	1							
AC1KRZ_001862	AOBS82_9	1	1	1	1	1	0	1	1	1							
AC1KRZ_001863	AOBS82_9	1	1	1	1	1	0	0	1	1							
AC1KRZ_001864	AOBS82_9	1	1	1	1	0	0	0	0	1							
AC1KRZ_001866	AOBS82_9	1	1	1	1	1	0	0	0	0							
AC1KRZ_001867	AOBS82_9	1	1	1	1	1	0	1	1	1							
AC1KRZ_001869	AOBS82_9	1	1	1	1	1	0	1	1	1							
AC1KRZ_001871	AOBS82_9	1	1	0	0	0	0	0	0	0		Aldo_ket_red,MEDS	Pfam		Aldo_ket_red,MEDS	PF00248.28,PF14417.13	3.6e-46,0.0095
AC1KRZ_001872	AOBS82_9	1	1	0	0	0	0	0	0	0		Glyco_hydro_2,Glyco_hydro_2_C,Glyco_hydro_2_N,Glyco_hydro_2_N2,Ig_mannosidase,Mannosidase_ig,RNAse_A_bac	Pfam		Glyco_hydro_2,Glyco_hydro_2_C,Glyco_hydro_2_N,Glyco_hydro_2_N2,Ig_mannosidase,Mannosidase_ig,RNAse_A_bac	PF00703.28,PF02836.24,PF02837.25,PF22666.3,PF17753.8,PF17786.8,PF18431.7	4e-12,0.0048,0.00033,1.3e-48,3.6e-05,7.3e-15,0.015
AC1KRZ_001874	AOBS82_9	1	1	1	1	1	0	1	1	1							
AC1KRZ_001875	AOBS82_9	1	1	1	1	1	0	0	0	0							
AC1KRZ_001876	AOBS82_9	1	1	0	0	0	0	0	0	0		ACBP4_C,Asd-4,Cir_N,DeaD_dimer,DUF3679,Fib_alpha,FTR1_4HB,Fungal_TACC,spore_CmpA	Pfam		ACBP4_C,Asd-4,Cir_N,DeaD_dimer,DUF3679,Fib_alpha,FTR1_4HB,Fungal_TACC,spore_CmpA	PF24922.1,PF25026.2,PF10197.15,PF25399.2,PF12438.14,PF08702.16,PF30769.1,PF12709.13,PF26301.1	0.066,4,0.00095,0.0056,0.0073,0.0013,0.033,2.2e-07,0.0028
AC1KRZ_001877	AOBS82_9	1	1	0	0	0	0	1	0	0							
AC1KRZ_001879	AOBS82_9	1	1	0	0	0	0	1	0	0							
AC1KRZ_001880	AOBS82_9	1	1	1	0	0	0	0	0	0							
AC1KRZ_001885	AOBS82_9	1	1	0	0	1	0	0	0	1							
AC1KRZ_001887	AOBS82_9	1	1	0	0	0	0	0	0	0		DUF2818,DUF6341,Inovirus_G7P_1,SLAC1	Pfam		DUF2818,DUF6341,Inovirus_G7P_1,SLAC1	PF10993.14,PF19868.5,PF17091.10,PF03595.23	2.5,0.51,0.012,5.6e-66
AC1KRZ_001889	AOBS82_9	1	1	1	0	0	0	0	0	0							
AC1KRZ_001890	AOBS82_9	1	1	0	0	0	0	0	0	0		HemX,Molybdopterin,Molydop_binding	Pfam		HemX,Molybdopterin,Molydop_binding	PF04375.20,PF00384.28,PF01568.28	0.0063,1.8e-25,4e-25
AC1KRZ_001896	AOBS82_9	1	1	1	1	1	0	1	1	1							
AC1KRZ_001898	AOBS82_9	1	1	1	1	1	0	1	0	1							
AC1KRZ_001901	AOBS82_9	1	1	1	1	1	0	1	1	1							
AC1KRZ_001903	AOBS82_9	1	1	0	0	0	0	0	0	0		IFT56,MSC6_N,PPR,PPR_2,PPR_3,PPR_long,Sll0103_C,Stu2_CTS,TPR_24	Pfam		IFT56,MSC6_N,PPR,PPR_2,PPR_3,PPR_long,Sll0103_C,Stu2_CTS,TPR_24	PF30475.1,PF29070.1,PF01535.27,PF13041.13,PF13812.13,PF17177.11,PF30890.1,PF21042.3,PF23276.3	0.013,2.6e-09,2.5e-09,1e-16,3.1e-06,2e-06,0.00042,0.016,8.3e-06
AC1KRZ_001905	AOBS82_9	1	1	1	1	1	0	1	1	1							
AC1KRZ_001908	AOBS82_9	1	1	1	1	1	0	1	0	1							
AC1KRZ_001910	AOBS82_9	1	1	1	1	1	0	0	0	1							
AC1KRZ_001911	AOBS82_9	1	1	0	0	0	0	0	0	0		NAD_binding_7,Shikimate_DH,ThiF,UAE_UbL,UBA_E1_SCCH	Pfam		NAD_binding_7,Shikimate_DH,ThiF,UAE_UbL,UBA_E1_SCCH	PF13241.13,PF01488.27,PF00899.28,PF14732.12,PF10585.15	0.0053,0.0019,9e-58,7e-05,1.1e-09
AC1KRZ_001913	AOBS82_9	1	1	1	1	1	0	1	1	1							
AC1KRZ_001914	AOBS82_9	1	1	0	1	1	0	1	1	1							
AC1KRZ_001917	AOBS82_9	1	1	0	0	0	0	0	0	0		Raptor_N,Thioredoxin	Pfam		Raptor_N,Thioredoxin	PF14538.12,PF00085.27	0.006,0.0048
AC1KRZ_001918	AOBS82_9	1	1	0	1	0	0	0	0	0							
AC1KRZ_001919	AOBS82_9	1	1	0	0	0	0	0	1	0							
AC1KRZ_001923	AOBS82_9	1	1	0	0	0	0	0	0	0		DUF7303,Metallophos,Metallophos_2,Mre11_DNA_bind	Pfam		DUF7303,Metallophos,Metallophos_2,Mre11_DNA_bind	PF23978.2,PF00149.34,PF12850.13,PF04152.20	0.12,1e-15,3.9e-06,6e-54
AC1KRZ_001927	AOBS82_9	1	1	1	1	0	0	0	0	0							
AC1KRZ_001930	AOBS82_9	1	1	0	0	0	0	0	0	0		WHD_ORC	Pfam		WHD_ORC	PF18137.8	0.0064
AC1KRZ_001931	AOBS82_9	1	1	0	0	0	0	0	0	1							
AC1KRZ_001935	AOBS82_9	1	1	0	0	1	0	0	0	0							
AC1KRZ_001940	AOBS82_9	1	1	1	1	1	0	1	1	1							
AC1KRZ_001943	AOBS82_9	1	1	1	1	1	0	1	1	1							
AC1KRZ_001944	AOBS82_9	1	1	0	0	0	0	0	0	0		RAD51_interact	Pfam		RAD51_interact	PF15696.11	5.9e-06
AC1KRZ_001945	AOBS82_9	1	1	1	1	1	0	1	1	1							
AC1KRZ_001947	AOBS82_9	1	1	0	0	0	0	0	0	0		Ribosomal_S5,Ribosomal_S5_C	Pfam		Ribosomal_S5,Ribosomal_S5_C	PF00333.27,PF03719.22	8.6e-20,4.8e-24
AC1KRZ_001948	AOBS82_9	1	1	0	1	1	0	1	1	0							
AC1KRZ_001952	AOBS82_9	1	1	0	0	1	0	0	0	1							
AC1KRZ_001953	AOBS82_9	1	1	1	0	1	0	1	0	1							
AC1KRZ_001954	AOBS82_9	1	1	0	0	0	0	0	0	0		Beta-prop_CAF1B_HIR1,Beta-prop_DCAF12,Beta-prop_EML,Beta-prop_EML_2,Beta-prop_IFT122_1st,Beta-prop_SCAP,Beta-prop_SPT8,Beta-prop_TEP1_2nd,Beta-prop_TEP1_C,Beta-prop_THOC3,Beta-prop_WDR36-Utp21_1st,Beta-prop_WDR36-Utp21_2nd,Beta-prop_WDR3_1st,Beta-prop_WDR3_2nd,Beta-prop_WDR41,Beta-prop_WDR5,Beta-prop_WDR75_1st,DSE1_N,DUF7621,EIF3I,NBCH_WD40,PFU,PUL,TIM-barrel_MTC6,TRM82_WD,WD40,WD40_CDC20-Fz,WD40_Gbeta,WD40_MABP1-WDR62_2nd,WD40_Prp19,WD40_WDHD1_1st,WDR55	Pfam		Beta-prop_CAF1B_HIR1,Beta-prop_DCAF12,Beta-prop_EML,Beta-prop_EML_2,Beta-prop_IFT122_1st,Beta-prop_SCAP,Beta-prop_SPT8,Beta-prop_TEP1_2nd,Beta-prop_TEP1_C,Beta-prop_THOC3,Beta-prop_WDR36-Utp21_1st,Beta-prop_WDR36-Utp21_2nd,Beta-prop_WDR3_1st,Beta-prop_WDR3_2nd,Beta-prop_WDR41,Beta-prop_WDR5,Beta-prop_WDR75_1st,DSE1_N,DUF7621,EIF3I,NBCH_WD40,PFU,PUL,TIM-barrel_MTC6,TRM82_WD,WD40,WD40_CDC20-Fz,WD40_Gbeta,WD40_MABP1-WDR62_2nd,WD40_Prp19,WD40_WDHD1_1st,WDR55	PF24105.2,PF23760.2,PF23409.2,PF23414.2,PF23381.2,PF24017.3,PF23798.2,PF25047.1,PF25048.2,PF25174.2,PF25171.2,PF25168.2,PF25173.2,PF25172.2,PF25178.1,PF25175.2,PF23869.2,PF29037.1,PF24599.2,PF24805.2,PF20426.5,PF09070.17,PF08324.18,PF25506.2,PF30361.1,PF00400.39,PF24807.2,PF25391.2,PF24782.3,PF24814.2,PF24817.2,PF24796.2	4.5e-05,0.00061,1.5e-09,0.00013,6.9e-26,2.1e-07,0.00025,3e-15,2.6e-10,4e-20,2.5e-07,9e-07,2.3e-33,2.9e-18,1.2e-14,6e-27,0.00013,0.023,0.013,2.6e-11,0.00015,9.5e-42,3.7e-44,0.0056,0.00035,4e-38,5.7e-13,2.6e-12,1.2e-05,3.2e-23,3.5e-15,2e-08
AC1KRZ_001956	AOBS82_9	1	1	1	1	1	0	1	1	1							
AC1KRZ_001962	AOBS82_9	1	1	0	0	0	0	0	0	0		ABC1,DUF7664,FTA2,Kinase-like,Pkinase,PK_Tyr_Ser-Thr,RIO1	Pfam		ABC1,DUF7664,FTA2,Kinase-like,Pkinase,PK_Tyr_Ser-Thr,RIO1	PF03109.23,PF24701.1,PF13095.13,PF14531.13,PF00069.32,PF07714.24,PF01163.29	0.0014,0.0073,0.0014,1.4e-07,1e-61,5.4e-34,0.013
AC1KRZ_001968	AOBS82_9	1	1	0	0	0	0	0	0	0							
AC1KRZ_001970	AOBS82_9	1	1	1	1	1	0	1	0	1							
AC1KRZ_001976	AOBS82_9	1	1	0	0	1	0	0	1	1							
AC1KRZ_001978	AOBS82_9	1	1	1	1	1	0	1	0	1							
AC1KRZ_001985	AOBS82_9	1	1	0	1	1	0	1	1	1							
AC1KRZ_001988	AOBS82_9	1	1	1	1	1	0	1	1	1							
AC1KRZ_001992	AOBS82_9	1	1	1	1	1	0	1	1	1							
AC1KRZ_001993	AOBS82_9	1	1	1	1	1	0	1	1	1							
AC1KRZ_001994	AOBS82_9	1	1	0	0	0	0	0	0	0		Adaptin_N,Cnd1,Cohesin_HEAT,HEAT,HEAT_2,Herpes_BTRF1,INTS1_R4,INTS7_N	Pfam		Adaptin_N,Cnd1,Cohesin_HEAT,HEAT,HEAT_2,Herpes_BTRF1,INTS1_R4,INTS7_N	PF01602.27,PF12717.14,PF12765.14,PF02985.29,PF13646.13,PF04682.18,PF22928.3,PF24436.3	4.1e-112,2.7e-15,6.1e-05,9.3e-07,0.00012,0.0085,4.3e-05,0.37
AC1KRZ_001997	AOBS82_9	1	1	0	0	0	0	0	0	0		PIG-L	Pfam		PIG-L	PF02585.23	6e-33
AC1KRZ_001998	AOBS82_9	1	1	0	0	0	0	0	0	0		DUF3294,MFS_1,Sugar_tr	Pfam		DUF3294,MFS_1,Sugar_tr	PF07957.17,PF07690.22,PF00083.31	0.019,9.1e-20,4.6e-83
AC1KRZ_001999	AOBS82_9	1	1	0	0	0	0	0	0	0		Condensation,PapA_C,Tri3	Pfam		Condensation,PapA_C,Tri3	PF00668.26,PF16911.11,PF07428.16	0.0037,5.1e-07,0.0011
AC1KRZ_002000	AOBS82_9	1	1	0	0	0	0	0	0	1							
AC1KRZ_002007	AOBS82_9	1	1	1	1	1	0	1	1	1							
AC1KRZ_002008	AOBS82_9	1	1	0	0	0	0	0	0	0		GDA1_CD39	Pfam		GDA1_CD39	PF01150.24	6.8e-106
AC1KRZ_002013	AOBS82_9	1	1	0	0	0	0	0	0	0		DUF3435,Phage_integrase	Pfam		DUF3435,Phage_integrase	PF11917.14,PF00589.28	0.00092,1.1e-06
AC1KRZ_002014	AOBS82_9	1	1	0	0	0	0	0	0	0		AAA,AAA_13,AAA_14,AAA_15,AAA_16,AAA_18,AAA_21,AAA_22,AAA_23,AAA_24,AAA_27,AAA_28,AAA_29,AAA_30,ABC_ATPase,ABC_tran,Arf,ATP-synt_ab,Chromo,DUF3572,DUF815,DUF87,Dynamin_N,FtsK_SpoIIIE,G-alpha,HEAT_EF3_GNC1,HEAT_EF3_N,HEAT_EZ,HEAT_GCN1,MeaB,MMR_HSR1,MobB,MukB,NACHT,NB-ARC,NPHP3_N,nSTAND1,nSTAND3,nSTAND6,nSTAND_NTPase5,RNA_helicase,Roc,RsgA_GTPase,SbcC_Walker_B,SMC_N,SP2,TOR1L1_N,TPR_CAND1,TsaE,Viral_helicase1,Zeta_toxin	Pfam		AAA,AAA_13,AAA_14,AAA_15,AAA_16,AAA_18,AAA_21,AAA_22,AAA_23,AAA_24,AAA_27,AAA_28,AAA_29,AAA_30,ABC_ATPase,ABC_tran,Arf,ATP-synt_ab,Chromo,DUF3572,DUF815,DUF87,Dynamin_N,FtsK_SpoIIIE,G-alpha,HEAT_EF3_GNC1,HEAT_EF3_N,HEAT_EZ,HEAT_GCN1,MeaB,MMR_HSR1,MobB,MukB,NACHT,NB-ARC,NPHP3_N,nSTAND1,nSTAND3,nSTAND6,nSTAND_NTPase5,RNA_helicase,Roc,RsgA_GTPase,SbcC_Walker_B,SMC_N,SP2,TOR1L1_N,TPR_CAND1,TsaE,Viral_helicase1,Zeta_toxin	PF00004.36,PF13166.13,PF13173.13,PF13175.13,PF13191.13,PF13238.13,PF13304.13,PF13401.13,PF13476.13,PF13479.13,PF13514.13,PF13521.13,PF13555.13,PF13604.13,PF09818.16,PF00005.34,PF00025.28,PF00006.32,PF00385.31,PF12096.14,PF05673.20,PF01935.24,PF00350.30,PF01580.25,PF00503.27,PF24984.2,PF24987.2,PF13513.13,PF23271.2,PF03308.23,PF01926.30,PF03205.21,PF04310.19,PF05729.19,PF00931.29,PF24883.3,PF20703.4,PF20720.4,PF25201.1,PF25199.2,PF00910.29,PF08477.20,PF03193.23,PF13558.13,PF02463.26,PF03014.21,PF24714.2,PF25782.3,PF02367.24,PF01443.25,PF06414.19	0.011,0.0026,0.0011,9.1e-05,4.1e-06,0.00034,3.7e-14,3e-05,2.3e-10,0.0061,5e-05,9.7e-06,9.5e-10,0.00013,1.8e-06,3.7e-46,0.00083,0.0016,3.2e-11,0.014,0.0036,2.4e-08,0.00018,0.0061,0.00014,8.8e-35,4.3e-21,0.024,0.00031,0.00049,5.5e-08,0.0046,0.003,3.6e-05,0.0027,0.00062,0.0011,0.00021,0.0035,0.00025,0.0031,0.013,2.4e-07,0.004,1.9e-16,0.0015,0.00021,0.00027,0.0016,0.00071,0.0071
AC1KRZ_002015	AOBS82_9	1	1	0	0	0	0	0	0	0		C5-epim_C,EAP30,Glyco_hydro_76,Glyco_hydro_88,Glyco_hydro_95_cat,Ulvan_lyase_N	Pfam		C5-epim_C,EAP30,Glyco_hydro_76,Glyco_hydro_88,Glyco_hydro_95_cat,Ulvan_lyase_N	PF06662.20,PF04157.23,PF03663.21,PF07470.20,PF22124.3,PF25840.1	0.00014,0.00099,0.00067,7e-09,0.0011,0.00018
AC1KRZ_002016	AOBS82_9	1	1	0	0	0	0	0	0	0		BAF1_ABF1,Borrelia_P83,CSRNP_N,Saf4_Yju2	Pfam		BAF1_ABF1,Borrelia_P83,CSRNP_N,Saf4_Yju2	PF04684.19,PF05262.16,PF16019.11,PF04502.19	0.045,4.2,4.1,2.8
AC1KRZ_002019	AOBS82_9	1	1	0	0	0	0	0	0	0		BcGHD,DUF2264_C	Pfam		BcGHD,DUF2264_C	PF10022.16,PF20938.4	3.1e-107,3.5e-43
AC1KRZ_002021	AOBS82_9	1	1	0	0	0	0	0	0	0		Fungal_trans,SDP_N,zf-C2H2,zf-C2H2_4,zf-C2H2_8,zf-H2C2_2,zf_C2H2-Disco,zf_C2H2_17_1st,Zf_WRKY19	Pfam		Fungal_trans,SDP_N,zf-C2H2,zf-C2H2_4,zf-C2H2_8,zf-H2C2_2,zf_C2H2-Disco,zf_C2H2_17_1st,Zf_WRKY19	PF04082.24,PF12278.14,PF00096.33,PF13894.13,PF15909.11,PF13465.13,PF30355.1,PF26177.1,PF24906.2	1.4e-45,0.00015,2.7e-09,0.022,0.0015,0.00065,0.17,0.47,0.1
AC1KRZ_002022	AOBS82_9	1	1	0	0	0	0	0	0	0		Gal80p_C-like,GFO_IDH_MocA,GFO_IDH_MocA_C,GFO_IDH_MocA_C3,NAD_binding_3,Response_reg	Pfam		Gal80p_C-like,GFO_IDH_MocA,GFO_IDH_MocA_C,GFO_IDH_MocA_C3,NAD_binding_3,Response_reg	PF22685.2,PF01408.29,PF02894.23,PF22725.2,PF03447.23,PF00072.31	0.011,8.2e-16,1.5e-24,1.5e-16,0.0029,0.00067
AC1KRZ_002024	AOBS82_9	1	1	1	1	1	0	0	1	1							
AC1KRZ_002026	AOBS82_9	1	1	0	0	1	0	0	0	0							
AC1KRZ_002027	AOBS82_9	1	1	1	1	0	0	0	0	1							
AC1KRZ_002030	AOBS82_9	1	1	0	0	0	0	0	0	0		Glyco_hydro_130,Glyco_hydro_32N,Glyco_hydro_43	Pfam		Glyco_hydro_130,Glyco_hydro_32N,Glyco_hydro_43	PF04041.20,PF00251.27,PF04616.21	9.4e-48,2.2e-09,4.9e-10
AC1KRZ_002032	AOBS82_9	1	1	0	0	0	0	0	0	0		Cofilin_ADF,DHHA1,SH3_1,SH3_2,SH3_9	Pfam		Cofilin_ADF,DHHA1,SH3_1,SH3_2,SH3_9	PF00241.26,PF02272.25,PF00018.35,PF07653.24,PF14604.13	1.5e-23,0.00063,7.9e-26,7.9e-15,1.1e-28
AC1KRZ_002035	AOBS82_9	1	1	0	0	0	0	0	0	0		AAA,AAA_16,AAA_19,AAA_22,AAA_30,nSTAND3,nSTAND_NTPase5,Rad17,RAD24_helical,T2SSE	Pfam		AAA,AAA_16,AAA_19,AAA_22,AAA_30,nSTAND3,nSTAND_NTPase5,Rad17,RAD24_helical,T2SSE	PF00004.36,PF13191.13,PF13245.13,PF13401.13,PF13604.13,PF20720.4,PF25199.2,PF03215.22,PF25812.2,PF00437.27	0.00082,2e-06,0.0081,3e-05,7.3e-05,0.017,0.0003,2.8e-29,1.3e-09,0.0015
AC1KRZ_002038	AOBS82_9	1	1	1	1	1	0	1	1	1							
AC1KRZ_002039	AOBS82_9	1	1	0	0	0	0	0	0	0		ABC1,Kdo,Pkinase,Pkinase_fungal,PK_Tyr_Ser-Thr,RIO1	Pfam		ABC1,Kdo,Pkinase,Pkinase_fungal,PK_Tyr_Ser-Thr,RIO1	PF03109.23,PF06293.21,PF00069.32,PF17667.8,PF07714.24,PF01163.29	0.00079,1.6e-05,3.7e-52,0.00044,4.5e-25,0.0048
AC1KRZ_002042	AOBS82_9	1	1	1	1	1	0	1	0	1							
AC1KRZ_002045	AOBS82_9	1	1	1	1	0	0	0	0	0							
AC1KRZ_002050	AOBS82_9	1	1	1	1	1	0	1	1	0							
AC1KRZ_002053	AOBS82_9	1	1	0	0	0	0	0	0	0		ANAPC4_WD40,ASA1,Beta-prop_Aladin,Beta-prop_CAF1B_HIR1,Beta-prop_DCAF12,Beta-prop_DCAF4,Beta-prop_EIPR1,Beta-prop_EML,Beta-prop_EML_2,Beta-prop_IFT122_1st,Beta-prop_IFT140_1st,Beta-prop_NOL10_N,Beta-prop_RIG_1st,Beta-prop_SCAP,Beta-prop_SPT8,Beta-prop_TEP1_2nd,Beta-prop_TEP1_C,Beta-prop_THOC3,Beta-prop_Vps41,Beta-prop_VPS8,Beta-prop_WDR19_1st,Beta-prop_WDR36-Utp21_1st,Beta-prop_WDR36-Utp21_2nd,Beta-prop_WDR3_1st,Beta-prop_WDR3_2nd,Beta-prop_WDR41,Beta-prop_WDR5,Beta-prop_WDR75_1st,Beta-prop_WDR90_POC16_2nd,CFAP251_N,DSE1_N,EIF3I,Ge1_WD40,MIOS_WD40,Nbas_N,NBCH_WD40,PAC11,PRP4,Tricorn_2nd,WD40,WD40_CDC20-Fz,WD40_Gbeta,WD40_like,WD40_MABP1-WDR62_1st,WD40_MABP1-WDR62_2nd,WD40_Prp19,WD40_RFWD3,WD40_WDHD1_1st,WDR54,WDR55,WDR90_beta-prop_4th,WD_LRWD1	Pfam		ANAPC4_WD40,ASA1,Beta-prop_Aladin,Beta-prop_CAF1B_HIR1,Beta-prop_DCAF12,Beta-prop_DCAF4,Beta-prop_EIPR1,Beta-prop_EML,Beta-prop_EML_2,Beta-prop_IFT122_1st,Beta-prop_IFT140_1st,Beta-prop_NOL10_N,Beta-prop_RIG_1st,Beta-prop_SCAP,Beta-prop_SPT8,Beta-prop_TEP1_2nd,Beta-prop_TEP1_C,Beta-prop_THOC3,Beta-prop_Vps41,Beta-prop_VPS8,Beta-prop_WDR19_1st,Beta-prop_WDR36-Utp21_1st,Beta-prop_WDR36-Utp21_2nd,Beta-prop_WDR3_1st,Beta-prop_WDR3_2nd,Beta-prop_WDR41,Beta-prop_WDR5,Beta-prop_WDR75_1st,Beta-prop_WDR90_POC16_2nd,CFAP251_N,DSE1_N,EIF3I,Ge1_WD40,MIOS_WD40,Nbas_N,NBCH_WD40,PAC11,PRP4,Tricorn_2nd,WD40,WD40_CDC20-Fz,WD40_Gbeta,WD40_like,WD40_MABP1-WDR62_1st,WD40_MABP1-WDR62_2nd,WD40_Prp19,WD40_RFWD3,WD40_WDHD1_1st,WDR54,WDR55,WDR90_beta-prop_4th,WD_LRWD1	PF12894.14,PF29630.1,PF25460.2,PF24105.2,PF23760.2,PF23761.2,PF23609.2,PF23409.2,PF23414.2,PF23381.2,PF23383.2,PF23098.2,PF23770.2,PF24017.3,PF23798.2,PF25047.1,PF25048.2,PF25174.2,PF23411.2,PF23410.5,PF23389.2,PF25171.2,PF25168.2,PF25173.2,PF25172.2,PF25178.1,PF25175.2,PF23869.2,PF23393.3,PF30552.1,PF29037.1,PF24805.2,PF16529.12,PF21720.4,PF15492.13,PF20426.5,PF30151.1,PF08799.18,PF26550.2,PF00400.39,PF24807.2,PF25391.2,PF17005.12,PF24780.2,PF24782.3,PF24814.2,PF23419.3,PF24817.2,PF21031.3,PF24796.2,PF23342.2,PF23215.1	1.2e-15,1e-12,3.6e-10,8.1e-24,2.1e-06,4.2e-08,1.2e-12,7.9e-16,2.3e-30,8.9e-55,4.5e-06,2.3e-11,3.9e-05,9.3e-10,0.00047,1.8e-23,1.4e-07,2.9e-56,1.2e-08,2.6e-05,1.3e-05,1e-15,6.2e-21,3.7e-59,3.4e-33,1.4e-10,1.7e-60,2.6e-17,6.8e-15,5.7e-08,3.2e-13,2.9e-24,0.001,0.013,6.3e-05,9.4e-09,1.8e-07,7.1e-14,0.017,2.6e-55,1.8e-37,6.7e-30,0.00046,9.1e-17,5.1e-23,9.9e-61,0.003,8.3e-42,0.00038,4.7e-21,3.3e-11,0.0002
AC1KRZ_002054	AOBS82_9	1	1	0	1	1	0	1	1	1							
AC1KRZ_002059	AOBS82_9	1	1	1	1	0	0	0	0	0							
AC1KRZ_002063	AOBS82_9	1	1	1	1	1	0	0	1	1							
AC1KRZ_002068	AOBS82_9	1	1	1	1	1	0	0	0	1							
AC1KRZ_002076	AOBS82_9	1	1	0	0	0	0	0	0	0		FHA,Rieske_2	Pfam		FHA,Rieske_2	PF00498.32,PF13806.13	6.1e-06,0.0084
AC1KRZ_002081	AOBS82_9	1	1	1	1	1	0	1	1	1							
AC1KRZ_002082	AOBS82_9	1	1	1	1	1	0	0	0	1							
AC1KRZ_002084	AOBS82_9	1	1	0	0	0	0	0	0	0		Adaptin_N,Arm,ARM_TBCD_2nd,Atx10homo_assoc,CLASP_N,Cnd1,DUF4042,HEAT,HEAT_2,HEAT_EF3_N,HEAT_EZ,HEAT_GCN1,HEAT_GCN1_C,HEAT_MROH2B_C,INTS1_R4,Nipped-B_C,NTF2_5,PIK3R4-like_middle,Vac14_Fab1_bd,XMAP215_CLASP_TOG	Pfam		Adaptin_N,Arm,ARM_TBCD_2nd,Atx10homo_assoc,CLASP_N,Cnd1,DUF4042,HEAT,HEAT_2,HEAT_EF3_N,HEAT_EZ,HEAT_GCN1,HEAT_GCN1_C,HEAT_MROH2B_C,INTS1_R4,Nipped-B_C,NTF2_5,PIK3R4-like_middle,Vac14_Fab1_bd,XMAP215_CLASP_TOG	PF01602.27,PF00514.30,PF25767.2,PF09759.16,PF12348.15,PF12717.14,PF13251.13,PF02985.29,PF13646.13,PF24987.2,PF13513.13,PF23271.2,PF25786.1,PF23227.2,PF22928.3,PF12830.14,PF26532.1,PF22956.3,PF12755.14,PF21041.4	2.3e-124,0.0047,0.008,0.0087,0.00046,4.3e-48,0.00017,7.2e-12,8.4e-14,0.00032,1.2e-08,2.5e-07,1.6e-05,2.2e-05,6.9e-08,0.0018,0.0031,0.00014,0.0062,0.002
AC1KRZ_002085	AOBS82_9	1	1	0	0	0	0	0	1	0							
AC1KRZ_002087	AOBS82_9	1	1	1	1	1	0	1	1	1							
AC1KRZ_002088	AOBS82_9	1	1	0	0	0	0	0	0	0		DUF4364,HHH,HhH-GPD,HHH_5,RecR_HhH	Pfam		DUF4364,HHH,HhH-GPD,HHH_5,RecR_HhH	PF14277.13,PF00633.30,PF00730.32,PF14520.13,PF21176.4	0.0078,0.00021,1.3e-12,0.012,0.0058
AC1KRZ_002090	AOBS82_9	1	1	0	0	0	0	0	0	0							
AC1KRZ_002098	AOBS82_9	1	1	0	0	0	0	1	0	0							
AC1KRZ_002099	AOBS82_9	1	1	1	1	1	0	0	0	1							
AC1KRZ_002100	AOBS82_9	1	1	0	0	0	0	0	0	0		AIF-1,CFAP251_C,EF-hand_1,EF-hand_11,EF-hand_5,EF-hand_6,EF-hand_7,EF-hand_8,EF-hand_9,EF-hand_EFHB_C	Pfam		AIF-1,CFAP251_C,EF-hand_1,EF-hand_11,EF-hand_5,EF-hand_6,EF-hand_7,EF-hand_8,EF-hand_9,EF-hand_EFHB_C	PF21008.4,PF30551.1,PF00036.39,PF08976.18,PF13202.13,PF13405.13,PF13499.13,PF13833.13,PF14658.13,PF25325.2	1.4e-07,1.3e-07,1.6e-08,0.0044,0.0022,1.9e-12,2e-16,1.9e-05,3.5e-07,0.0001
AC1KRZ_002103	AOBS82_9	1	1	0	0	0	0	0	0	0		TBCC_N,zf_Hakai	Pfam		TBCC_N,zf_Hakai	PF16752.11,PF18408.8	0.072,0.045
AC1KRZ_002104	AOBS82_9	1	1	0	0	0	0	0	0	0		Amidase,DUF5071	Pfam		Amidase,DUF5071	PF01425.27,PF16804.12	1.2e-33,0.0045
AC1KRZ_002105	AOBS82_9	1	1	0	0	0	0	1	0	0							
AC1KRZ_002106	AOBS82_9	1	1	0	0	0	0	0	0	0		DUF697,MFS_1,MFS_1_like,MFS_4,OATP,Sugar_tr	Pfam		DUF697,MFS_1,MFS_1_like,MFS_4,OATP,Sugar_tr	PF05128.18,PF07690.22,PF12832.14,PF06779.21,PF03137.27,PF00083.31	0.3,1.5e-50,3.4e-08,3.3e-05,2.7e-08,1.2e-05
AC1KRZ_002123	AOBS82_9	1	1	0	0	1	0	0	1	0							
AC1KRZ_002124	AOBS82_9	1	1	0	0	0	0	1	1	0							
AC1KRZ_002126	AOBS82_9	1	1	0	0	0	0	0	0	0		RNA_pol_Rbc25,S1,S1CSD-TOTE-2,SHS2_Rpb7-N	Pfam		RNA_pol_Rbc25,S1,S1CSD-TOTE-2,SHS2_Rpb7-N	PF08292.19,PF00575.30,PF22707.3,PF03876.23	2.4e-27,0.0066,0.0086,8.3e-12
AC1KRZ_002128	AOBS82_9	1	1	0	0	0	0	0	0	0		ANAPC4_WD40,ASA1,BBS2_Mid,Beta-prop_Aladin,Beta-prop_CAF1B_HIR1,Beta-prop_DCAF4,Beta-prop_EIPR1,Beta-prop_EML,Beta-prop_EML_2,Beta-prop_HPS5,Beta-prop_IFT122_1st,Beta-prop_IFT140_1st,Beta-prop_NOL10_N,Beta-prop_NWD2_C,Beta-prop_RIG_1st,Beta-prop_RIG_2nd,Beta-prop_SCAP,Beta-prop_SPT8,Beta-prop_TEP1_2nd,Beta-prop_TEP1_C,Beta-prop_THOC3,Beta-prop_Vps41,Beta-prop_VPS8,Beta-prop_WDR35_TULP_N,Beta-prop_WDR36-Utp21_1st,Beta-prop_WDR36-Utp21_2nd,Beta-prop_WDR3_1st,Beta-prop_WDR3_2nd,Beta-prop_WDR41,Beta-prop_WDR5,Beta-prop_WDR75_1st,Beta-prop_WDR90_POC16_2nd,CFAP251_N,DNAI3_WD,DSE1_N,eIF2A,EIF3I,MIOS_WD40,PAC11,Tricorn_2nd,WD40,WD40_CDC20-Fz,WD40_Gbeta,WD40_MABP1-WDR62_1st,WD40_MABP1-WDR62_2nd,WD40_Prp19,WD40_RFWD3,WD40_WDHD1_1st,WDR54,WDR55,WDR90_beta-prop_4th,WD_LRWD1	Pfam		ANAPC4_WD40,ASA1,BBS2_Mid,Beta-prop_Aladin,Beta-prop_CAF1B_HIR1,Beta-prop_DCAF4,Beta-prop_EIPR1,Beta-prop_EML,Beta-prop_EML_2,Beta-prop_HPS5,Beta-prop_IFT122_1st,Beta-prop_IFT140_1st,Beta-prop_NOL10_N,Beta-prop_NWD2_C,Beta-prop_RIG_1st,Beta-prop_RIG_2nd,Beta-prop_SCAP,Beta-prop_SPT8,Beta-prop_TEP1_2nd,Beta-prop_TEP1_C,Beta-prop_THOC3,Beta-prop_Vps41,Beta-prop_VPS8,Beta-prop_WDR35_TULP_N,Beta-prop_WDR36-Utp21_1st,Beta-prop_WDR36-Utp21_2nd,Beta-prop_WDR3_1st,Beta-prop_WDR3_2nd,Beta-prop_WDR41,Beta-prop_WDR5,Beta-prop_WDR75_1st,Beta-prop_WDR90_POC16_2nd,CFAP251_N,DNAI3_WD,DSE1_N,eIF2A,EIF3I,MIOS_WD40,PAC11,Tricorn_2nd,WD40,WD40_CDC20-Fz,WD40_Gbeta,WD40_MABP1-WDR62_1st,WD40_MABP1-WDR62_2nd,WD40_Prp19,WD40_RFWD3,WD40_WDHD1_1st,WDR54,WDR55,WDR90_beta-prop_4th,WD_LRWD1	PF12894.14,PF29630.1,PF14783.13,PF25460.2,PF24105.2,PF23761.2,PF23609.2,PF23409.2,PF23414.2,PF23756.2,PF23381.2,PF23383.2,PF23098.2,PF23586.3,PF23770.2,PF23775.2,PF24017.3,PF23798.2,PF25047.1,PF25048.2,PF25174.2,PF23411.2,PF23410.5,PF24797.2,PF25171.2,PF25168.2,PF25173.2,PF25172.2,PF25178.1,PF25175.2,PF23869.2,PF23393.3,PF30552.1,PF28639.1,PF29037.1,PF08662.18,PF24805.2,PF21720.4,PF30151.1,PF26550.2,PF00400.39,PF24807.2,PF25391.2,PF24780.2,PF24782.3,PF24814.2,PF23419.3,PF24817.2,PF21031.3,PF24796.2,PF23342.2,PF23215.1	1.2e-10,7.6e-11,0.016,1.2e-12,1.1e-12,9.8e-07,4.4e-14,1.8e-12,1.6e-19,0.004,3.8e-29,3.5e-08,7.3e-10,0.013,3.1e-05,2.2e-15,0.00072,0.00029,3.1e-21,7.1e-07,1.1e-33,1.3e-06,2.6e-11,2.3e-05,5.8e-14,1.7e-17,2e-32,5.4e-15,9.4e-08,1.3e-38,2.1e-09,2.2e-09,7.8e-07,8.7e-05,7.7e-19,5e-06,5.5e-13,0.0041,0.00026,0.004,7.5e-29,8.4e-28,1.1e-15,0.00027,8.8e-16,1.1e-56,3.3e-06,3.6e-23,7.2e-06,3.9e-19,1.1e-06,0.00019
AC1KRZ_002130	AOBS82_9	1	1	0	0	0	0	0	0	0		Glyco_hydro_47,HvfC_N	Pfam		Glyco_hydro_47,HvfC_N	PF01532.27,PF09836.15	3.9e-114,0.016
AC1KRZ_002134	AOBS82_9	1	1	0	0	0	0	0	0	0							
AC1KRZ_002136	AOBS82_9	1	1	0	1	0	0	0	0	0							
AC1KRZ_002158	AOBS82_9	1	1	1	1	1	0	1	1	1							
AC1KRZ_002164	AOBS82_9	1	1	1	0	1	0	1	1	1							
AC1KRZ_002166	AOBS82_9	1	1	0	0	0	0	0	0	0		Ank,Ank_2,Ank_3,Ank_4,Ank_5,Ank_KRIT1,ANK_LRRK2,C2_GDE1,GDPD,SPX	Pfam		Ank,Ank_2,Ank_3,Ank_4,Ank_5,Ank_KRIT1,ANK_LRRK2,C2_GDE1,GDPD,SPX	PF00023.37,PF12796.14,PF13606.13,PF13637.13,PF13857.13,PF24521.3,PF23745.2,PF25329.2,PF03009.24,PF03105.25	1.4e-34,1.4e-40,2.6e-26,1.7e-31,4.7e-18,1.9e-09,0.00032,4.6e-18,2e-09,7.1e-12
AC1KRZ_002167	AOBS82_9	1	1	0	0	0	0	0	0	0		ABC1,Pkinase,Pkinase_fungal,PK_Tyr_Ser-Thr	Pfam		ABC1,Pkinase,Pkinase_fungal,PK_Tyr_Ser-Thr	PF03109.23,PF00069.32,PF17667.8,PF07714.24	0.0059,3.8e-20,1.1e-07,9.4e-09
AC1KRZ_002170	AOBS82_9	1	1	0	0	0	0	0	0	0		AAA,AAA_11,AAA_14,AAA_16,AAA_17,AAA_18,AAA_19,AAA_2,AAA_22,AAA_24,AAA_25,AAA_28,AAA_3,AAA_33,AAA_5,AAA_7,AAA_lid_3,AAA_RNF213_4,ABC_tran,AFG1_ATPase,ATP-synt_ab,ATPase,ATPase_2,Bac_DnaA,CPT,Cytidylate_kin,Cytidylate_kin2,DUF5906,DUF815,FeoB_N,IstB_IS21,KTI12,Mg_chelatase,NACHT,NB-ARC,NPHP3_N,nSTAND3,nSTAND_NTPase5,NTPase_1,Parvo_NS1,PduV-EutP,PhoH,Rad17,ResIII,RNA_helicase,RsgA_GTPase,RuvB_N,Sigma54_activat,Sigma54_activ_2,SKI,SLFN-g3_helicase,SRPRB,TIP49,TsaE,Viral_helicase1,Vps4_C,Zeta_toxin	Pfam		AAA,AAA_11,AAA_14,AAA_16,AAA_17,AAA_18,AAA_19,AAA_2,AAA_22,AAA_24,AAA_25,AAA_28,AAA_3,AAA_33,AAA_5,AAA_7,AAA_lid_3,AAA_RNF213_4,ABC_tran,AFG1_ATPase,ATP-synt_ab,ATPase,ATPase_2,Bac_DnaA,CPT,Cytidylate_kin,Cytidylate_kin2,DUF5906,DUF815,FeoB_N,IstB_IS21,KTI12,Mg_chelatase,NACHT,NB-ARC,NPHP3_N,nSTAND3,nSTAND_NTPase5,NTPase_1,Parvo_NS1,PduV-EutP,PhoH,Rad17,ResIII,RNA_helicase,RsgA_GTPase,RuvB_N,Sigma54_activat,Sigma54_activ_2,SKI,SLFN-g3_helicase,SRPRB,TIP49,TsaE,Viral_helicase1,Vps4_C,Zeta_toxin	PF00004.36,PF13086.13,PF13173.13,PF13191.13,PF13207.13,PF13238.13,PF13245.13,PF07724.21,PF13401.13,PF13479.13,PF13481.13,PF13521.13,PF07726.18,PF13671.13,PF07728.21,PF12775.14,PF17862.8,PF30683.1,PF00005.34,PF03969.23,PF00006.32,PF06745.20,PF01637.25,PF00308.25,PF07931.19,PF02224.25,PF13189.13,PF19263.6,PF05673.20,PF02421.25,PF01695.24,PF08433.17,PF01078.28,PF05729.19,PF00931.29,PF24883.3,PF20720.4,PF25199.2,PF03266.22,PF01057.24,PF10662.16,PF02562.23,PF03215.22,PF04851.22,PF00910.29,PF03193.23,PF05496.19,PF00158.33,PF14532.13,PF01202.29,PF09848.16,PF09439.17,PF06068.20,PF02367.24,PF01443.25,PF09336.17,PF06414.19	1.5e-95,0.00011,4.7e-11,1.6e-13,8.6e-08,7.4e-09,6.6e-05,5.7e-09,4.2e-12,0.00034,1.6e-06,1.9e-07,2.9e-07,3.6e-11,7.5e-11,1.2e-06,4.3e-25,0.00025,2.5e-08,4.9e-05,0.00082,9.2e-06,7.5e-07,0.0047,0.0021,0.0047,0.00017,0.0031,8.4e-05,0.015,4.6e-06,0.008,8.5e-08,2.3e-06,2.5e-06,9.3e-09,3.6e-08,3.4e-05,0.0028,4.6e-06,0.0037,0.00012,8e-06,0.00091,4.1e-09,0.014,1.7e-14,1.3e-05,0.00026,0.00026,0.0062,0.012,6.1e-10,1.7e-05,0.0002,1.6e-05,5.3e-05
AC1KRZ_002173	AOBS82_9	1	1	0	0	0	0	0	0	1							
AC1KRZ_002174	AOBS82_9	1	1	0	0	0	0	0	0	0		Suc_Fer-like,Sugar_tr,VirB3	Pfam		Suc_Fer-like,Sugar_tr,VirB3	PF06999.18,PF00083.31,PF05101.19	5.1e-56,3.5e-82,0.02
AC1KRZ_002178	AOBS82_9	1	1	1	1	1	0	1	1	1							
AC1KRZ_002181	AOBS82_9	1	1	0	0	0	0	0	0	0							
AC1KRZ_002188	AOBS82_9	1	1	0	0	0	0	0	0	0		adh_short,adh_short_C2,COX16,DUF1776,KR,PPV_E1_C,SDR	Pfam		adh_short,adh_short_C2,COX16,DUF1776,KR,PPV_E1_C,SDR	PF00106.32,PF13561.13,PF14138.12,PF08643.17,PF08659.17,PF00519.24,PF23441.1	2.2e-27,7.5e-19,2.7e-27,0.0031,0.0085,0.018,0.009
AC1KRZ_002190	AOBS82_9	1	1	0	0	0	0	0	0	0		3Beta_HSD,Epimerase,GDP_Man_Dehyd,NAD_binding_10,NAD_binding_4,Polysacc_synt_2,RmlD_sub_bind	Pfam		3Beta_HSD,Epimerase,GDP_Man_Dehyd,NAD_binding_10,NAD_binding_4,Polysacc_synt_2,RmlD_sub_bind	PF01073.26,PF01370.28,PF16363.12,PF13460.13,PF07993.19,PF02719.22,PF04321.24	5.4e-09,2.9e-25,1.3e-17,9.1e-07,7.8e-08,1.8e-07,7.9e-05
AC1KRZ_002191	AOBS82_9	1	1	0	0	0	0	0	0	0							
AC1KRZ_002194	AOBS82_9	1	1	1	1	1	0	1	1	1							
AC1KRZ_002200	AOBS82_9	1	1	0	0	0	0	0	0	0		AAA_lid_13,Pyridoxal_deC	Pfam		AAA_lid_13,Pyridoxal_deC	PF23232.2,PF00282.26	0.0059,3.9e-97
AC1KRZ_002203	AOBS82_9	1	1	1	0	0	0	0	0	1							
AC1KRZ_002206	AOBS82_9	1	1	0	0	0	0	0	0	0		CUE	Pfam		CUE	PF02845.23	0.0097
AC1KRZ_002209	AOBS82_9	1	1	0	0	1	0	1	0	0							
AC1KRZ_002211	AOBS82_9	1	1	0	0	0	0	0	0	0		NAD_binding_10,NmrA,Semialdhyde_dh	Pfam		NAD_binding_10,NmrA,Semialdhyde_dh	PF13460.13,PF05368.20,PF01118.31	8.8e-09,5.9e-06,0.0055
AC1KRZ_002212	AOBS82_9	1	1	1	1	1	0	0	0	0							
AC1KRZ_002214	AOBS82_9	1	1	0	0	0	0	0	0	0		MFS_1,OppC_N,Sugar_tr	Pfam		MFS_1,OppC_N,Sugar_tr	PF07690.22,PF12911.13,PF00083.31	7.8e-20,0.0068,2.7e-91
AC1KRZ_002215	AOBS82_9	1	1	1	0	0	0	0	0	1							
AC1KRZ_002218	AOBS82_9	1	1	1	1	1	0	0	1	1							
AC1KRZ_002221	AOBS82_9	1	1	0	0	0	0	0	0	0		AAA_15,AAA_21,AAA_23,AAA_27,AAA_29,ABC2_membrane,ABC2_membrane_2,ABC2_membrane_3,ABC_tran,DUF87,MukB	Pfam		AAA_15,AAA_21,AAA_23,AAA_27,AAA_29,ABC2_membrane,ABC2_membrane_2,ABC2_membrane_3,ABC_tran,DUF87,MukB	PF13175.13,PF13304.13,PF13476.13,PF13514.13,PF13555.13,PF01061.30,PF12679.14,PF12698.14,PF00005.34,PF01935.24,PF04310.19	0.019,1.4e-07,0.008,0.0091,0.0044,0.00055,0.00011,2e-12,1.7e-24,0.00086,0.015
AC1KRZ_002223	AOBS82_9	1	1	0	0	0	0	1	1	0							
AC1KRZ_002226	AOBS82_9	1	1	0	0	0	0	1	0	0							
AC1KRZ_002229	AOBS82_9	1	1	1	0	1	0	1	1	1							
AC1KRZ_002232	AOBS82_9	1	1	0	0	1	0	1	0	1							
AC1KRZ_002234	AOBS82_9	1	1	0	0	0	0	0	0	0		Fungal_trans_2,Zn_clus	Pfam		Fungal_trans_2,Zn_clus	PF11951.14,PF00172.24	1.7e-11,6.2e-06
AC1KRZ_002236	AOBS82_9	1	1	0	0	0	0	0	0	0		ALIX_LYPXL_bnd,Astrin_CC,DUF1664,DUF1840,EzrA,HALZ,PEP-utilisers_N,RFC1,Spc7,TMF_TATA_bd,WXG100	Pfam		ALIX_LYPXL_bnd,Astrin_CC,DUF1664,DUF1840,EzrA,HALZ,PEP-utilisers_N,RFC1,Spc7,TMF_TATA_bd,WXG100	PF13949.12,PF30853.1,PF07889.18,PF08895.17,PF06160.18,PF02183.24,PF05524.19,PF08519.18,PF08317.17,PF12325.14,PF06013.19	0.00077,0.00054,0.0047,0.0085,0.00047,0.011,0.17,0.0028,0.0037,0.0023,0.037
AC1KRZ_002240	AOBS82_9	1	1	0	0	0	0	0	0	0		CCDC172,DUF4726,HALZ,JAKMIP_CC3,OVT1,Shugoshin_C,Shugoshin_N	Pfam		CCDC172,DUF4726,HALZ,JAKMIP_CC3,OVT1,Shugoshin_C,Shugoshin_N	PF28385.1,PF15855.11,PF02183.24,PF16034.11,PF24423.3,PF07557.17,PF07558.17	0.00086,0.0014,0.0059,0.63,0.0033,1.3e-09,1e-11
AC1KRZ_002242	AOBS82_9	1	1	1	0	1	0	0	0	1							
AC1KRZ_002243	AOBS82_9	1	1	0	0	0	0	0	0	0							
AC1KRZ_002247	AOBS82_9	1	1	1	0	1	0	0	0	1							
AC1KRZ_002248	AOBS82_9	1	1	1	1	1	0	0	1	1							
AC1KRZ_002249	AOBS82_9	1	1	1	1	1	0	0	0	1							
AC1KRZ_002252	AOBS82_9	1	1	0	0	0	0	0	0	0		Asparaginase_C,DF306_C,Gigasin_N,Inhibitor_I9,Peptidase_S8,WSC	Pfam		Asparaginase_C,DF306_C,Gigasin_N,Inhibitor_I9,Peptidase_S8,WSC	PF17763.7,PF29590.1,PF30144.1,PF05922.22,PF00082.28,PF01822.25	0.0052,0.0049,0.11,1.1e-09,7.2e-39,1.3e-13
AC1KRZ_002254	AOBS82_9	1	1	0	0	0	0	0	0	0		Cellulase,Glyco_hydro_72	Pfam		Cellulase,Glyco_hydro_72	PF00150.25,PF03198.21	0.0026,7.2e-108
AC1KRZ_002255	AOBS82_9	1	1	0	0	0	0	0	0	0		KxYKxGKxW_sig,NDUFC2_fungi,SLATT_1,Tmemb_14	Pfam		KxYKxGKxW_sig,NDUFC2_fungi,SLATT_1,Tmemb_14	PF19258.5,PF31058.1,PF18181.7,PF03647.19	0.022,0.17,0.019,2e-23
AC1KRZ_002260	AOBS82_9	1	1	0	0	0	0	0	0	0		DHU1_N,IF-2B,Lpg1689,TPR_Myxo,VTC	Pfam		DHU1_N,IF-2B,Lpg1689,TPR_Myxo,VTC	PF20919.3,PF01008.24,PF27081.1,PF29814.1,PF09359.16	0.012,2.6e-48,1,0.012,7e-10
AC1KRZ_002261	AOBS82_9	1	1	1	1	1	0	1	1	1							
AC1KRZ_002262	AOBS82_9	1	1	0	0	0	0	0	0	0		AAA_14,AAA_19,AAA_22,AAA_23,AAA_29,AAA_7,ABC_tran,ATPase,Cas3-like_C_2,cobW,DEAD,Flavi_DEAD,FtsK_SpoIIIE,HA2_C,Helicase_C,nSTAND3,nSTAND_NTPase5,OB_NTP_bind,SLFN-g3_helicase,SRP54,T2SSE,WHD_HA2	Pfam		AAA_14,AAA_19,AAA_22,AAA_23,AAA_29,AAA_7,ABC_tran,ATPase,Cas3-like_C_2,cobW,DEAD,Flavi_DEAD,FtsK_SpoIIIE,HA2_C,Helicase_C,nSTAND3,nSTAND_NTPase5,OB_NTP_bind,SLFN-g3_helicase,SRP54,T2SSE,WHD_HA2	PF13173.13,PF13245.13,PF13401.13,PF13476.13,PF13555.13,PF12775.14,PF00005.34,PF06745.20,PF22590.3,PF02492.26,PF00270.36,PF07652.21,PF01580.25,PF21010.3,PF00271.38,PF20720.4,PF25199.2,PF07717.23,PF09848.16,PF00448.29,PF00437.27,PF04408.30	0.0073,8.5e-05,2.1e-07,0.0032,0.0088,0.0011,0.0031,0.0059,0.0028,0.0046,2.5e-09,0.00023,0.0048,1.4e-10,1.7e-10,0.0047,0.0012,1.3e-18,0.0044,0.002,0.00034,2.3e-11
AC1KRZ_002274	AOBS82_9	1	1	0	0	0	0	1	1	0							
AC1KRZ_002275	AOBS82_9	1	1	1	1	1	0	1	0	1							
AC1KRZ_002285	AOBS82_9	1	1	0	0	0	0	0	0	0		2-oxoacid_dh,Biotin_lipoyl,BSH_RND,BSH_YhbJ,DDE_Tnp_1_7,E3_binding	Pfam		2-oxoacid_dh,Biotin_lipoyl,BSH_RND,BSH_YhbJ,DDE_Tnp_1_7,E3_binding	PF00198.29,PF00364.29,PF25917.1,PF25997.1,PF13843.13,PF02817.23	2e-74,6.8e-20,0.003,0.0011,0.0071,9.1e-16
AC1KRZ_002288	AOBS82_9	1	1	0	0	0	0	0	0	0		CBFD_NFYB_HMF,CENP-T_C,DUF4450,Histone	Pfam		CBFD_NFYB_HMF,CENP-T_C,DUF4450,Histone	PF00808.30,PF15511.13,PF14614.13,PF00125.31	1.6e-09,5.6e-05,0.0013,0.00088
AC1KRZ_002293	AOBS82_9	1	1	0	0	0	0	1	1	0							
AC1KRZ_002294	AOBS82_9	1	1	0	0	0	0	0	0	0		A2M,IgD3_Trs65,TRAPPC13_C	Pfam		A2M,IgD3_Trs65,TRAPPC13_C	PF00207.29,PF12735.14,PF23643.2	0.0014,3.7e-12,0.0022
AC1KRZ_002296	AOBS82_9	1	1	1	0	1	0	1	0	1							
AC1KRZ_002303	AOBS82_9	1	1	0	0	0	0	0	0	0		Fungal_trans_2,Neuropep_like	Pfam		Fungal_trans_2,Neuropep_like	PF11951.14,PF15161.12	3e-05,0.0043
AC1KRZ_002304	AOBS82_9	1	1	1	1	1	0	0	1	1							
AC1KRZ_002306	AOBS82_9	1	1	1	1	1	0	1	1	1							
AC1KRZ_002307	AOBS82_9	1	1	1	1	1	0	1	1	1							
AC1KRZ_002308	AOBS82_9	1	1	1	0	1	0	1	0	1							
AC1KRZ_002311	AOBS82_9	1	1	1	1	1	0	0	1	1							
AC1KRZ_002315	AOBS82_9	1	1	1	1	1	0	0	0	1							
AC1KRZ_002317	AOBS82_9	1	1	0	0	0	0	0	0	0		ABC_tran_CTD,Acetyltransf_11,ADIP,APG6_N,Ax_dynein_light,BLOC1_2,BRAP2,CCDC170_2nd,CCDC186_middle,CCDC3_C,CC_Bre1,CLZ,COG6_N,Cortex-I_coil,DUF1664,DUF3450,DUF4200,DUF4618,DUF489,DUF5344,DUF5798,DUF5930,DUF7801,ERM_helical,FapA,Fib_alpha,FKBP15,HALZ,HAUS1,LMBR1,Med21,Mis12,Mu_Gam-Sipho_Gp157-TOTE,OVT1,Prefoldin_2,Prok-RING_4,Rab11-FIP3,Rho_Binding,Seryl_tRNA_N,Spc24,STB2_C,Syntaxin,T4SS_LegC2C7,TMEM120A-B,Tup_N,UPF0242,VPS18_RING_C,YabA,ZapB,zf-ANAPC11,zf-C3HC4,zf-C3HC4_2,zf-rbx1,zf-RING_11,zf-RING_2,zf-RING_5,zf-RING_UBOX,zf-UBP,zf_RING_Vps8_fungal	Pfam		ABC_tran_CTD,Acetyltransf_11,ADIP,APG6_N,Ax_dynein_light,BLOC1_2,BRAP2,CCDC170_2nd,CCDC186_middle,CCDC3_C,CC_Bre1,CLZ,COG6_N,Cortex-I_coil,DUF1664,DUF3450,DUF4200,DUF4618,DUF489,DUF5344,DUF5798,DUF5930,DUF7801,ERM_helical,FapA,Fib_alpha,FKBP15,HALZ,HAUS1,LMBR1,Med21,Mis12,Mu_Gam-Sipho_Gp157-TOTE,OVT1,Prefoldin_2,Prok-RING_4,Rab11-FIP3,Rho_Binding,Seryl_tRNA_N,Spc24,STB2_C,Syntaxin,T4SS_LegC2C7,TMEM120A-B,Tup_N,UPF0242,VPS18_RING_C,YabA,ZapB,zf-ANAPC11,zf-C3HC4,zf-C3HC4_2,zf-rbx1,zf-RING_11,zf-RING_2,zf-RING_5,zf-RING_UBOX,zf-UBP,zf_RING_Vps8_fungal	PF16326.11,PF13720.12,PF11559.14,PF17675.7,PF10211.15,PF10046.15,PF07576.19,PF30673.1,PF30676.1,PF28297.1,PF26095.1,PF16526.11,PF06419.18,PF09304.17,PF07889.18,PF11932.14,PF13863.12,PF15397.12,PF04356.18,PF17279.9,PF19111.6,PF19353.5,PF25078.2,PF20492.4,PF03961.20,PF08702.16,PF23649.2,PF02183.24,PF25762.2,PF04791.22,PF11221.14,PF05859.18,PF22709.2,PF24423.3,PF01920.26,PF14447.13,PF25450.2,PF08912.17,PF02403.28,PF08286.17,PF28231.1,PF00804.32,PF28175.1,PF07851.19,PF08581.16,PF06785.17,PF26148.1,PF06156.19,PF06005.19,PF12861.14,PF00097.32,PF13923.13,PF12678.14,PF17123.12,PF13639.13,PF14634.13,PF13445.13,PF02148.26,PF23413.2	0.65,0.017,0.0029,0.14,1.4,0.017,2.3e-33,0.00051,0.0014,0.019,0.026,0.31,0.036,0.0016,0.49,0.14,0.98,0.019,0.0046,0.017,0.14,0.078,0.013,0.00035,1.7,0.071,0.058,0.83,0.11,0.018,0.054,0.0028,0.19,1.1,0.071,4.9,0.0098,0.57,1,3.9,0.19,0.013,0.023,1.2,0.0052,0.082,0.031,0.027,0.63,0.00078,1.4e-05,3.5e-06,5.8e-06,0.00023,6.4e-09,0.00033,0.00017,3.4e-24,8
AC1KRZ_002326	AOBS82_9	1	1	1	1	1	0	1	0	1							
AC1KRZ_002328	AOBS82_9	1	1	1	0	1	0	0	0	1							
AC1KRZ_002333	AOBS82_9	1	1	0	0	0	0	0	0	0		ANAPC3,ARM_TT21,ARM_TT21_N,DnaJ,ING,TPR_1,TPR_10,TPR_11,TPR_12,TPR_14,TPR_16,TPR_17,TPR_19,TPR_2,TPR_21,TPR_6,TPR_8,TPR_9	Pfam		ANAPC3,ARM_TT21,ARM_TT21_N,DnaJ,ING,TPR_1,TPR_10,TPR_11,TPR_12,TPR_14,TPR_16,TPR_17,TPR_19,TPR_2,TPR_21,TPR_6,TPR_8,TPR_9	PF12895.14,PF25058.2,PF25062.2,PF00226.37,PF12998.13,PF00515.35,PF13374.13,PF13414.13,PF13424.13,PF13428.13,PF13432.13,PF13431.13,PF14559.13,PF07719.24,PF09976.16,PF13174.13,PF13181.13,PF13371.13	0.0011,0.00017,0.0044,3.6e-20,0.0061,1.1e-08,0.012,0.00031,0.00072,9.2e-06,1.6e-08,4.6e-06,1.2e-11,3.1e-10,2.5,0.00076,0.00053,2.8e-09
AC1KRZ_002334	AOBS82_9	1	1	1	0	1	0	0	0	0							
AC1KRZ_002335	AOBS82_9	1	1	0	0	0	0	0	0	0		MOZ_SAS,PHD,zf-MYST	Pfam		MOZ_SAS,PHD,zf-MYST	PF01853.26,PF00628.36,PF17772.8	9.5e-83,0.00053,1.2e-21
AC1KRZ_002336	AOBS82_9	1	1	0	0	0	0	0	0	0		MarB,TFIIA,Velvet	Pfam		MarB,TFIIA,Velvet	PF13999.13,PF03153.19,PF11754.15	1.4,0.084,5.1e-41
AC1KRZ_002343	AOBS82_9	1	1	0	0	0	0	0	0	1							
AC1KRZ_002345	AOBS82_9	1	1	0	0	0	0	1	0	0							
AC1KRZ_002348	AOBS82_9	1	1	0	0	0	0	0	0	0							
AC1KRZ_002349	AOBS82_9	1	1	0	0	0	0	0	0	0							
AC1KRZ_002352	AOBS82_9	1	1	0	0	0	0	0	0	0		Dehydratase_MU,Oxysterol_BP	Pfam		Dehydratase_MU,Oxysterol_BP	PF02288.21,PF01237.24	0.016,1.8e-53
AC1KRZ_002353	AOBS82_9	1	1	1	1	1	0	0	0	1							
AC1KRZ_002358	AOBS82_9	1	1	1	1	1	0	1	1	1							
AC1KRZ_002361	AOBS82_9	1	1	1	1	1	0	1	1	0							
AC1KRZ_002363	AOBS82_9	1	1	1	1	1	0	1	1	1							
AC1KRZ_002365	AOBS82_9	1	1	0	0	0	0	0	0	0							
AC1KRZ_002368	AOBS82_9	1	1	1	1	1	0	0	0	1							
AC1KRZ_002369	AOBS82_9	1	1	1	1	1	0	1	0	1							
AC1KRZ_002370	AOBS82_9	1	1	1	1	1	0	0	0	0							
AC1KRZ_002371	AOBS82_9	1	1	0	0	0	0	0	0	0		Peptidase_C1,Peptidase_C1_2	Pfam		Peptidase_C1,Peptidase_C1_2	PF00112.30,PF03051.22	3.2e-08,2e-153
AC1KRZ_002374	AOBS82_9	1	1	1	1	1	0	1	1	1							
AC1KRZ_002377	AOBS82_9	1	1	0	0	0	0	0	0	0							
AC1KRZ_002378	AOBS82_9	1	1	1	1	1	0	1	1	0							
AC1KRZ_002379	AOBS82_9	1	1	0	0	0	0	0	0	0		DUF7502,HTH_NPRL3,KIND,NPR2,NPR3	Pfam		DUF7502,HTH_NPRL3,KIND,NPR2,NPR3	PF24334.2,PF24064.3,PF16474.12,PF06218.17,PF03666.19	0.64,2.7e-21,0.0015,0.00031,3.7e-128
AC1KRZ_002380	AOBS82_9	1	1	1	1	1	0	0	0	1							
AC1KRZ_002381	AOBS82_9	1	1	1	1	1	0	1	0	0							
AC1KRZ_002385	AOBS82_9	1	1	1	1	1	0	0	0	1							
AC1KRZ_002386	AOBS82_9	1	1	0	0	0	0	0	0	0		ArfGap,Mst1_SARAH	Pfam		ArfGap,Mst1_SARAH	PF01412.24,PF11629.14	0.018,0.0052
AC1KRZ_002397	AOBS82_9	1	1	0	0	0	0	0	0	0		CSN5_C,JAB,Prok-JAB,UPF0172	Pfam		CSN5_C,JAB,Prok-JAB,UPF0172	PF18323.7,PF01398.27,PF14464.12,PF03665.19	1.8e-23,7.2e-36,0.00016,0.016
AC1KRZ_002398	AOBS82_9	1	1	0	1	0	0	0	1	1							
AC1KRZ_002401	AOBS82_9	1	1	0	0	0	0	0	0	0		DUF8613,RNase_PH	Pfam		DUF8613,RNase_PH	PF30219.1,PF01138.28	0.0031,1.8e-19
AC1KRZ_002404	AOBS82_9	1	1	0	0	0	0	0	0	0		Kinesin,Microtub_bd,NYD-SP28_assoc,Tropomyosin	Pfam		Kinesin,Microtub_bd,NYD-SP28_assoc,Tropomyosin	PF00225.30,PF16796.12,PF14775.12,PF00261.26	2.9e-109,3e-25,0.21,0.035
AC1KRZ_002406	AOBS82_9	1	1	0	0	1	0	0	0	0							
AC1KRZ_002408	AOBS82_9	1	1	1	1	1	0	1	1	1							
AC1KRZ_002410	AOBS82_9	1	1	1	1	0	0	0	0	0							
AC1KRZ_002413	AOBS82_9	1	1	0	0	0	0	0	0	0		Abhydrolase_1,Abhydrolase_2,Abhydrolase_3,Abhydrolase_6,ANAPC4_WD40,AXE1,BD-FAE,Beta-prop_THOC3,DLH,DPPIV_N,Hydrolase_4,LIP,PD40,Peptidase_S15,Peptidase_S9,PETase,PMBR,Tricorn_2nd,Tricorn_N,WD40	Pfam		Abhydrolase_1,Abhydrolase_2,Abhydrolase_3,Abhydrolase_6,ANAPC4_WD40,AXE1,BD-FAE,Beta-prop_THOC3,DLH,DPPIV_N,Hydrolase_4,LIP,PD40,Peptidase_S15,Peptidase_S9,PETase,PMBR,Tricorn_2nd,Tricorn_N,WD40	PF00561.27,PF02230.23,PF07859.20,PF12697.14,PF12894.14,PF05448.19,PF20434.6,PF25174.2,PF01738.25,PF00930.28,PF12146.16,PF03583.21,PF07676.20,PF02129.25,PF00326.28,PF12740.15,PF09373.16,PF26550.2,PF26549.1,PF00400.39	5.8e-08,4.3e-05,0.0023,7.4e-05,0.0026,0.0037,5.5e-11,0.00012,2.8e-09,4.5e-06,2.7e-08,0.0065,8.7e-18,1.6e-07,3.6e-41,0.00044,0.0014,3.5e-16,8.2e-17,0.22
AC1KRZ_002414	AOBS82_9	1	1	0	0	0	0	0	0	0		Abhydrolase_1,Abhydrolase_2,Abhydrolase_3,Abhydrolase_4,Abhydrolase_6,ANAPC4_WD40,APEH_N,AXE1,BD-FAE,Beta-prop_ELP1_1st,Beta-prop_THOC3,COesterase,DLH,DPPIV_N,FSH1,Hydrolase_4,LIP,PD40,Peptidase_S15,Peptidase_S9,PETase,Tricorn_2nd,Tricorn_N,WD40_WDHD1_1st	Pfam		Abhydrolase_1,Abhydrolase_2,Abhydrolase_3,Abhydrolase_4,Abhydrolase_6,ANAPC4_WD40,APEH_N,AXE1,BD-FAE,Beta-prop_ELP1_1st,Beta-prop_THOC3,COesterase,DLH,DPPIV_N,FSH1,Hydrolase_4,LIP,PD40,Peptidase_S15,Peptidase_S9,PETase,Tricorn_2nd,Tricorn_N,WD40_WDHD1_1st	PF00561.27,PF02230.23,PF07859.20,PF08386.17,PF12697.14,PF12894.14,PF19283.5,PF05448.19,PF20434.6,PF04762.19,PF25174.2,PF00135.35,PF01738.25,PF00930.28,PF03959.20,PF12146.16,PF03583.21,PF07676.20,PF02129.25,PF00326.28,PF12740.15,PF26550.2,PF26549.1,PF24817.2	1.6e-08,3.9e-05,0.006,0.0036,1.7e-06,0.00045,0.006,3.7e-07,8e-17,0.00018,0.00017,0.00059,8.5e-10,6.4e-05,0.00096,7.9e-06,0.0025,1.1e-17,3.9e-12,6.6e-44,2.8e-05,6e-14,1.3e-15,0.01
AC1KRZ_002417	AOBS82_9	1	1	0	0	0	0	0	0	0		Fungal_trans	Pfam		Fungal_trans	PF04082.24	2.3e-14
AC1KRZ_002418	AOBS82_9	1	1	0	0	0	0	0	0	0		BEN,BibA_N,DXP_synthase_N,E1_dh,RHIP1,Transketolase_C,Transketolase_C_1,Transketolase_N,Transket_pyr	Pfam		BEN,BibA_N,DXP_synthase_N,E1_dh,RHIP1,Transketolase_C,Transketolase_C_1,Transketolase_N,Transket_pyr	PF10523.16,PF20959.3,PF13292.12,PF00676.26,PF27724.1,PF02780.26,PF22613.2,PF00456.27,PF02779.30	0.00065,0.0084,2.8e-05,0.015,0.0092,9.1e-11,3.3e-32,3.2e-109,7.3e-40
AC1KRZ_002421	AOBS82_9	1	1	1	1	1	0	0	0	1							
AC1KRZ_002423	AOBS82_9	1	1	0	0	0	0	0	0	0		bZIP_2,CCDC18_1st,Herpes_BLRF2,HR1,Kinesin,Microtub_bd,NumbF,PRKG1_interact	Pfam		bZIP_2,CCDC18_1st,Herpes_BLRF2,HR1,Kinesin,Microtub_bd,NumbF,PRKG1_interact	PF07716.21,PF30677.1,PF05812.18,PF02185.23,PF00225.30,PF16796.12,PF06311.18,PF15898.11	3.4,0.33,0.0021,9,6.8e-90,5e-19,0.0081,0.48
AC1KRZ_002427	AOBS82_9	1	1	0	0	0	0	0	0	0		ANAPC4_WD40,APG6_N,ASA1,Beta-prop_ACSF4,Beta-prop_CAF1B_HIR1,Beta-prop_DCAF12,Beta-prop_DCAF4,Beta-prop_EML,Beta-prop_EML_2,Beta-prop_IFT122_1st,Beta-prop_IFT140_1st,Beta-prop_IFT140_2nd,Beta-prop_NOL10_N,Beta-prop_Nup120_160,Beta-prop_RIG_2nd,Beta-prop_SCAP,Beta-prop_SPT8,Beta-prop_TEP1_2nd,Beta-prop_TEP1_C,Beta-prop_THOC3,Beta-prop_Vps41,Beta-prop_WDR36-Utp21_1st,Beta-prop_WDR36-Utp21_2nd,Beta-prop_WDR3_1st,Beta-prop_WDR3_2nd,Beta-prop_WDR41,Beta-prop_WDR5,Beta-prop_WDR75_1st,Beta-prop_WDR90_POC16_2nd,DSE1_N,EIF3I,NBCH_WD40,PAC11,TRM82_WD,WD40,WD40_CDC20-Fz,WD40_Gbeta,WD40_MABP1-WDR62_1st,WD40_MABP1-WDR62_2nd,WD40_Prp19,WD40_RFWD3,WD40_WDHD1_1st,WDR55	Pfam		ANAPC4_WD40,APG6_N,ASA1,Beta-prop_ACSF4,Beta-prop_CAF1B_HIR1,Beta-prop_DCAF12,Beta-prop_DCAF4,Beta-prop_EML,Beta-prop_EML_2,Beta-prop_IFT122_1st,Beta-prop_IFT140_1st,Beta-prop_IFT140_2nd,Beta-prop_NOL10_N,Beta-prop_Nup120_160,Beta-prop_RIG_2nd,Beta-prop_SCAP,Beta-prop_SPT8,Beta-prop_TEP1_2nd,Beta-prop_TEP1_C,Beta-prop_THOC3,Beta-prop_Vps41,Beta-prop_WDR36-Utp21_1st,Beta-prop_WDR36-Utp21_2nd,Beta-prop_WDR3_1st,Beta-prop_WDR3_2nd,Beta-prop_WDR41,Beta-prop_WDR5,Beta-prop_WDR75_1st,Beta-prop_WDR90_POC16_2nd,DSE1_N,EIF3I,NBCH_WD40,PAC11,TRM82_WD,WD40,WD40_CDC20-Fz,WD40_Gbeta,WD40_MABP1-WDR62_1st,WD40_MABP1-WDR62_2nd,WD40_Prp19,WD40_RFWD3,WD40_WDHD1_1st,WDR55	PF12894.14,PF17675.7,PF29630.1,PF13570.14,PF24105.2,PF23760.2,PF23761.2,PF23409.2,PF23414.2,PF23381.2,PF23383.2,PF23385.2,PF23098.2,PF11715.17,PF23775.2,PF24017.3,PF23798.2,PF25047.1,PF25048.2,PF25174.2,PF23411.2,PF25171.2,PF25168.2,PF25173.2,PF25172.2,PF25178.1,PF25175.2,PF23869.2,PF23393.3,PF29037.1,PF24805.2,PF20426.5,PF30151.1,PF30361.1,PF00400.39,PF24807.2,PF25391.2,PF24780.2,PF24782.3,PF24814.2,PF23419.3,PF24817.2,PF24796.2	0.00029,0.048,3.3e-07,0.0077,3.4e-11,8.9e-05,3.4e-08,2.5e-05,3.7e-08,1.5e-19,0.00098,0.0016,5.7e-05,1.1e-08,0.00054,1.1e-08,1.5e-05,2.3e-10,3.5e-14,1.2e-21,0.011,5.9e-08,4.4e-13,2e-24,1.4e-14,1.4e-06,1.4e-27,7.3e-09,5.7e-06,4.2e-11,5e-14,2.4e-07,1.5e-08,1.6e-06,4.9e-23,6.9e-16,4.7e-10,0.001,3.9e-06,2.6e-18,0.00075,8.6e-16,4.8e-12
AC1KRZ_002428	AOBS82_9	1	1	0	0	0	0	1	1	0							
AC1KRZ_002434	AOBS82_9	1	1	1	1	0	0	0	0	1							
AC1KRZ_002437	AOBS82_9	1	1	0	0	0	0	0	0	0		DUF5902,DUF6915,F-box,F-box-like,F-box_4,F-box_COS111	Pfam		DUF5902,DUF6915,F-box,F-box-like,F-box_4,F-box_COS111	PF19255.5,PF21866.2,PF00646.39,PF12937.13,PF15966.11,PF29466.1	0.0089,0.0044,0.0042,1e-06,0.00037,0.0039
AC1KRZ_002444	AOBS82_9	1	1	1	1	1	0	1	1	1							
AC1KRZ_002445	AOBS82_9	1	1	0	0	0	0	0	0	0		LRR_1,LRR_4,LRR_6,LRR_8,LRR_9,LRR_At5g56370	Pfam		LRR_1,LRR_4,LRR_6,LRR_8,LRR_9,LRR_At5g56370	PF00560.40,PF12799.14,PF13516.13,PF13855.13,PF14580.13,PF24758.2	1.3e-06,8.9e-13,0.015,7.1e-09,7.6e-10,3.5e-05
AC1KRZ_002446	AOBS82_9	1	1	0	0	0	0	0	0	0		DUF2457	Pfam		DUF2457	PF10446.15	0.046
AC1KRZ_002453	AOBS82_9	1	1	1	1	1	0	1	1	1							
AC1KRZ_002454	AOBS82_9	1	1	1	1	1	0	1	1	1							
AC1KRZ_002463	AOBS82_9	1	1	1	0	1	0	0	0	1							
AC1KRZ_002464	AOBS82_9	1	1	0	0	0	0	0	1	0							
AC1KRZ_002469	AOBS82_9	1	1	1	1	0	0	0	0	1							
AC1KRZ_002472	AOBS82_9	1	1	0	0	0	0	0	0	0		FAD-oxidase_C,FAD_binding_4,FMNK-like_N	Pfam		FAD-oxidase_C,FAD_binding_4,FMNK-like_N	PF02913.25,PF01565.29,PF26728.1	6.1e-63,3e-36,0.0099
AC1KRZ_002474	AOBS82_9	1	1	0	0	0	0	0	0	0		DAO,FAD_binding_2,FMO-like,GIDA,Lys_Orn_oxgnase,NAD_binding_8,NAD_binding_9,Pyr_redox,Pyr_redox_2,Pyr_redox_3	Pfam		DAO,FAD_binding_2,FMO-like,GIDA,Lys_Orn_oxgnase,NAD_binding_8,NAD_binding_9,Pyr_redox,Pyr_redox_2,Pyr_redox_3	PF01266.31,PF00890.31,PF00743.26,PF01134.29,PF13434.13,PF13450.13,PF13454.13,PF00070.34,PF07992.21,PF13738.13	3.4e-08,0.0047,1.5e-11,0.00092,5.8e-08,0.0004,8.5e-06,0.0089,1.2e-08,1.2e-11
AC1KRZ_002486	AOBS82_9	1	1	1	1	1	0	1	1	1							
AC1KRZ_002491	AOBS82_9	1	1	1	0	1	0	1	1	1							
AC1KRZ_002492	AOBS82_9	1	1	0	0	0	0	0	0	0		tRNA-synt_2,tRNA-synt_2d,tRNA_anti-codon	Pfam		tRNA-synt_2,tRNA-synt_2d,tRNA_anti-codon	PF00152.26,PF01409.26,PF01336.32	2.3e-77,6.8e-10,3.6e-08
AC1KRZ_002494	AOBS82_9	1	1	1	1	1	0	0	1	0							
AC1KRZ_002501	AOBS82_9	1	1	1	0	1	0	0	0	1							
AC1KRZ_002504	AOBS82_9	1	1	1	1	1	0	1	0	1							
AC1KRZ_002507	AOBS82_9	1	1	1	0	0	0	0	0	0							
AC1KRZ_002508	AOBS82_9	1	1	0	0	0	0	0	0	0							
AC1KRZ_002509	AOBS82_9	1	1	0	0	0	0	0	0	0		PigD_3rd,Ribosomal_L1	Pfam		PigD_3rd,Ribosomal_L1	PF29752.1,PF00687.27	0.012,2.3e-36
AC1KRZ_002510	AOBS82_9	1	1	1	1	1	0	0	0	1							
AC1KRZ_002513	AOBS82_9	1	1	0	0	0	0	0	0	0		Hep_59	Pfam		Hep_59	PF07052.17	2.9e-07
AC1KRZ_002514	AOBS82_9	1	1	1	0	0	0	0	1	1							
AC1KRZ_002518	AOBS82_9	1	1	1	1	1	0	1	1	1							
AC1KRZ_002523	AOBS82_9	1	1	0	0	0	0	0	0	0		DnaJ,TPR_1,TPR_12,TPR_14,TPR_16,TPR_2,TPR_8,TPR_9,TPR_BSK1_C,UBA,UBA_7	Pfam		DnaJ,TPR_1,TPR_12,TPR_14,TPR_16,TPR_2,TPR_8,TPR_9,TPR_BSK1_C,UBA,UBA_7	PF00226.37,PF00515.35,PF13424.13,PF13428.13,PF13432.13,PF07719.24,PF13181.13,PF13371.13,PF25575.1,PF00627.38,PF22562.3	0.0043,2.5e-13,1.4e-05,0.00021,2e-07,1.6e-10,0.0014,0.00038,6.5e-06,8.6e-06,1.4e-05
AC1KRZ_002524	AOBS82_9	1	1	1	1	1	0	1	1	1							
AC1KRZ_002526	AOBS82_9	1	1	1	0	1	0	1	1	0							
AC1KRZ_002528	AOBS82_9	1	1	0	0	0	0	0	0	0		AAA_19,AAA_22,CBU_0585_lpg0581,DEAD,Helicase_C,HHH_5,Na_Ca_ex,Sec63,WHD_SNRNP200	Pfam		AAA_19,AAA_22,CBU_0585_lpg0581,DEAD,Helicase_C,HHH_5,Na_Ca_ex,Sec63,WHD_SNRNP200	PF13245.13,PF13401.13,PF28076.1,PF00270.36,PF00271.38,PF14520.13,PF01699.30,PF02889.22,PF23445.2	0.00019,0.0024,1.2,2e-35,1.1e-09,0.012,2e-45,3.2e-22,8.8e-14
AC1KRZ_002535	AOBS82_9	1	1	0	0	0	0	0	0	0		FAD_binding_6,FAD_binding_9,NAD_binding_1,NAD_binding_6	Pfam		FAD_binding_6,FAD_binding_9,NAD_binding_1,NAD_binding_6	PF00970.31,PF08021.18,PF00175.27,PF08030.18	5.7e-23,0.014,7.3e-31,8.7e-09
AC1KRZ_002544	AOBS82_9	1	1	0	0	1	0	0	0	0							
AC1KRZ_002545	AOBS82_9	1	1	1	1	1	0	1	1	1							
AC1KRZ_002547	AOBS82_9	1	1	0	0	0	0	0	0	0		bHLH_INO2,bHLH_INO4,DUF7411,HGTP_anticodon,HLH,tRNA-synt_2b,tRNA-synt_His	Pfam		bHLH_INO2,bHLH_INO4,DUF7411,HGTP_anticodon,HLH,tRNA-synt_2b,tRNA-synt_His	PF23179.2,PF23181.1,PF24167.2,PF03129.26,PF00010.32,PF00587.31,PF13393.12	0.0016,9.1e-09,0.0085,5.1e-09,8.7e-12,3.3e-47,0.00089
AC1KRZ_002548	AOBS82_9	1	1	0	0	0	0	0	1	0							
AC1KRZ_002549	AOBS82_9	1	1	0	0	0	0	0	0	0		Clr2,Clr2_transil,MFS_1,UNC-93	Pfam		Clr2,Clr2_transil,MFS_1,UNC-93	PF10383.16,PF16761.11,PF07690.22,PF05978.23	2.4e-11,1.9e-21,9e-15,3.6e-13
AC1KRZ_002552	AOBS82_9	1	1	1	0	0	0	0	0	1							
AC1KRZ_002556	AOBS82_9	1	1	0	1	1	0	0	1	1							
AC1KRZ_002557	AOBS82_9	1	1	1	1	1	0	0	0	0							
AC1KRZ_002562	AOBS82_9	1	1	0	0	0	0	0	0	0		ANAPC4_WD40,B-prop_COPA_B_2nd,Beta-prop_Aladin,Beta-prop_CAF1B_HIR1,Beta-prop_EML_2,Beta-prop_HPS5,Beta-prop_IFT122_1st,Beta-prop_IFT140_1st,Beta-prop_NWD2_C,Beta-prop_RIG_2nd,Beta-prop_TEP1_2nd,Beta-prop_THOC3,Beta-prop_WDR36-Utp21_1st,Beta-prop_WDR36-Utp21_2nd,Beta-prop_WDR3_1st,Beta-prop_WDR3_2nd,Beta-prop_WDR5,Beta-prop_WDR75_1st,Beta-prop_WDR75_2nd,Beta-prop_WDR90_POC16_2nd,TFIIA,WD40,WD40_CDC20-Fz,WD40_like,WD40_WDHD1_1st,WDR90_beta-prop_4th	Pfam		ANAPC4_WD40,B-prop_COPA_B_2nd,Beta-prop_Aladin,Beta-prop_CAF1B_HIR1,Beta-prop_EML_2,Beta-prop_HPS5,Beta-prop_IFT122_1st,Beta-prop_IFT140_1st,Beta-prop_NWD2_C,Beta-prop_RIG_2nd,Beta-prop_TEP1_2nd,Beta-prop_THOC3,Beta-prop_WDR36-Utp21_1st,Beta-prop_WDR36-Utp21_2nd,Beta-prop_WDR3_1st,Beta-prop_WDR3_2nd,Beta-prop_WDR5,Beta-prop_WDR75_1st,Beta-prop_WDR75_2nd,Beta-prop_WDR90_POC16_2nd,TFIIA,WD40,WD40_CDC20-Fz,WD40_like,WD40_WDHD1_1st,WDR90_beta-prop_4th	PF12894.14,PF04053.21,PF25460.2,PF24105.2,PF23414.2,PF23756.2,PF23381.2,PF23383.2,PF23586.3,PF23775.2,PF25047.1,PF25174.2,PF25171.2,PF25168.2,PF25173.2,PF25172.2,PF25175.2,PF23869.2,PF23769.2,PF23393.3,PF03153.19,PF00400.39,PF24807.2,PF17005.12,PF24817.2,PF23342.2	6.2e-05,0.0002,0.00091,0.00039,7.6e-09,0.00025,4.3e-09,0.00017,0.0028,0.016,1.9e-05,2.5e-11,0.00059,0.002,2.1e-06,6.5e-07,1.8e-06,3.5e-16,5.6e-14,6.4e-05,5.5e-57,2.1e-10,7.4e-07,0.0042,1.4e-07,0.0073
AC1KRZ_002563	AOBS82_9	1	1	1	1	1	0	1	1	1							
AC1KRZ_002564	AOBS82_9	1	1	1	1	1	0	1	1	1							
AC1KRZ_002568	AOBS82_9	1	1	0	0	0	0	0	0	0							
AC1KRZ_002569	AOBS82_9	1	1	0	0	0	0	0	0	0		CENP-L,Glyco_trans_4_4	Pfam		CENP-L,Glyco_trans_4_4	PF13092.13,PF13579.13	2.8e-16,0.0039
AC1KRZ_002570	AOBS82_9	1	1	0	0	0	0	0	0	0		Chap-C,UFD1_N1,UFD1_N2	Pfam		Chap-C,UFD1_N1,UFD1_N2	PF22554.2,PF03152.22,PF24842.2	0.0053,4.1e-15,4.3e-11
AC1KRZ_002575	AOBS82_9	1	1	0	0	0	0	0	0	0		Ribosomal_L50,YHR086W-A	Pfam		Ribosomal_L50,YHR086W-A	PF10501.16,PF29266.1	3.2e-06,0.015
AC1KRZ_002579	AOBS82_9	1	1	1	0	1	0	0	1	1							
AC1KRZ_002583	AOBS82_9	1	1	0	0	0	0	0	0	0		FNIP_N,Longin_2	Pfam		FNIP_N,Longin_2	PF14636.13,PF18639.8	4.6e-07,0.00028
AC1KRZ_002586	AOBS82_9	1	1	1	1	1	0	1	1	1							
AC1KRZ_002589	AOBS82_9	1	1	1	1	1	0	0	0	1							
AC1KRZ_002593	AOBS82_9	1	1	0	0	0	0	0	0	0							
AC1KRZ_002601	AOBS82_9	1	1	0	0	0	0	0	0	1							
AC1KRZ_002603	AOBS82_9	1	1	0	0	0	0	0	0	0		ANAPC4_WD40,ASA1,Beta-prop_Aladin,Beta-prop_CAF1B_HIR1,Beta-prop_DCAF12,Beta-prop_DCAF4,Beta-prop_EIPR1,Beta-prop_EML,Beta-prop_EML_2,Beta-prop_HPS5,Beta-prop_IFT122_1st,Beta-prop_IFT140_1st,Beta-prop_Nup120_160,Beta-prop_RIG_1st,Beta-prop_RIG_2nd,Beta-prop_SCAP,Beta-prop_SPT8,Beta-prop_TEP1_2nd,Beta-prop_TEP1_C,Beta-prop_THOC3,Beta-prop_WDR19_1st,Beta-prop_WDR36-Utp21_1st,Beta-prop_WDR36-Utp21_2nd,Beta-prop_WDR3_1st,Beta-prop_WDR3_2nd,Beta-prop_WDR41,Beta-prop_WDR5,Beta-prop_WDR75_1st,Beta-prop_WDR90_POC16_2nd,DSE1_N,EIF3I,NBCH_WD40,PAC11,TRM82_WD,WD40,WD40_CDC20-Fz,WD40_Gbeta,WD40_MABP1-WDR62_2nd,WD40_Prp19,WD40_RFWD3,WD40_WDHD1_1st,WDR55,WD_LRWD1	Pfam		ANAPC4_WD40,ASA1,Beta-prop_Aladin,Beta-prop_CAF1B_HIR1,Beta-prop_DCAF12,Beta-prop_DCAF4,Beta-prop_EIPR1,Beta-prop_EML,Beta-prop_EML_2,Beta-prop_HPS5,Beta-prop_IFT122_1st,Beta-prop_IFT140_1st,Beta-prop_Nup120_160,Beta-prop_RIG_1st,Beta-prop_RIG_2nd,Beta-prop_SCAP,Beta-prop_SPT8,Beta-prop_TEP1_2nd,Beta-prop_TEP1_C,Beta-prop_THOC3,Beta-prop_WDR19_1st,Beta-prop_WDR36-Utp21_1st,Beta-prop_WDR36-Utp21_2nd,Beta-prop_WDR3_1st,Beta-prop_WDR3_2nd,Beta-prop_WDR41,Beta-prop_WDR5,Beta-prop_WDR75_1st,Beta-prop_WDR90_POC16_2nd,DSE1_N,EIF3I,NBCH_WD40,PAC11,TRM82_WD,WD40,WD40_CDC20-Fz,WD40_Gbeta,WD40_MABP1-WDR62_2nd,WD40_Prp19,WD40_RFWD3,WD40_WDHD1_1st,WDR55,WD_LRWD1	PF12894.14,PF29630.1,PF25460.2,PF24105.2,PF23760.2,PF23761.2,PF23609.2,PF23409.2,PF23414.2,PF23756.2,PF23381.2,PF23383.2,PF11715.17,PF23770.2,PF23775.2,PF24017.3,PF23798.2,PF25047.1,PF25048.2,PF25174.2,PF23389.2,PF25171.2,PF25168.2,PF25173.2,PF25172.2,PF25178.1,PF25175.2,PF23869.2,PF23393.3,PF29037.1,PF24805.2,PF20426.5,PF30151.1,PF30361.1,PF00400.39,PF24807.2,PF25391.2,PF24782.3,PF24814.2,PF23419.3,PF24817.2,PF24796.2,PF23215.1	5.4e-10,0.0027,6.7e-13,1.4e-12,0.0018,3.7e-07,1.6e-16,9.7e-08,1.8e-11,0.0027,9.5e-25,4.4e-05,0.00047,0.00038,7.7e-14,3.2e-06,0.00012,1.8e-13,2.3e-06,1.2e-32,3.8e-05,5.9e-07,1.8e-08,5.9e-24,5.6e-11,0.00011,6.5e-25,6.6e-08,1.6e-08,5.4e-11,3.7e-08,1.3e-06,1.4e-05,0.0057,3.3e-22,1.7e-25,7.2e-13,1.1e-08,1e-21,2.4e-11,7.3e-15,9.6e-14,3.6e-10
AC1KRZ_002604	AOBS82_9	1	1	1	1	1	0	0	0	0							
AC1KRZ_002605	AOBS82_9	1	1	0	0	0	0	0	0	0		MazE-like	Pfam		MazE-like	PF11455.14	0.014
AC1KRZ_002607	AOBS82_9	1	1	0	0	0	0	0	0	0							
AC1KRZ_002609	AOBS82_9	1	1	0	0	0	0	0	0	0		MutS_I,MutS_II,MutS_III,MutS_V,NTE_Ploop,Sugar_tr	Pfam		MutS_I,MutS_II,MutS_III,MutS_V,NTE_Ploop,Sugar_tr	PF01624.26,PF05188.24,PF05192.24,PF00488.28,PF24179.2,PF00083.31	3.3e-21,3.6e-13,8.4e-42,3.4e-76,0.0038,0.014
AC1KRZ_002610	AOBS82_9	1	1	0	0	0	0	0	0	0		Allatotropin-like_C,DUF7878,EF-hand_1,EF-hand_14,EF-hand_5,EF-hand_6,EF-hand_7,EF-hand_8,EF-hand_9,EF_EFCAB10_C,EF_SSP120,EH,SPARC_Ca_bdg,SPEF2_C	Pfam		Allatotropin-like_C,DUF7878,EF-hand_1,EF-hand_14,EF-hand_5,EF-hand_6,EF-hand_7,EF-hand_8,EF-hand_9,EF_EFCAB10_C,EF_SSP120,EH,SPARC_Ca_bdg,SPEF2_C	PF29176.1,PF25297.2,PF00036.39,PF17959.8,PF13202.13,PF13405.13,PF13499.13,PF13833.13,PF14658.13,PF24548.2,PF30624.1,PF12763.14,PF10591.16,PF24082.2	0.00017,0.0014,9.5e-23,0.0092,6e-13,6.9e-23,5e-22,9.8e-12,0.0052,5.5e-06,0.00047,0.012,0.012,0.008
AC1KRZ_002611	AOBS82_9	1	1	1	1	1	0	1	1	0							
AC1KRZ_002613	AOBS82_9	1	1	0	0	0	0	0	0	0		A6-like_Thioredoxin-like_C,AhpC-TSA,Calsequestrin,Glutaredoxin,OST3_OST6,PedC-like,Redoxin,RMD1-3,Thioredoxin,Thioredoxin-like_DJC16_2nd,Thioredoxin_2,Thioredoxin_6,Thioredoxin_7,Thioredoxin_8,Thioredox_PDIA6_C,TraF	Pfam		A6-like_Thioredoxin-like_C,AhpC-TSA,Calsequestrin,Glutaredoxin,OST3_OST6,PedC-like,Redoxin,RMD1-3,Thioredoxin,Thioredoxin-like_DJC16_2nd,Thioredoxin_2,Thioredoxin_6,Thioredoxin_7,Thioredoxin_8,Thioredox_PDIA6_C,TraF	PF26967.1,PF00578.28,PF01216.24,PF00462.31,PF04756.20,PF20207.5,PF08534.17,PF21033.6,PF00085.27,PF26973.1,PF13098.14,PF13848.13,PF13899.13,PF13905.13,PF24541.2,PF13728.13	0.00075,6.6e-06,0.0047,0.0034,2e-06,0.011,0.0063,0.0068,8.5e-29,2.8e-08,2.9e-10,7.1e-12,0.0028,7.2e-09,2.5e-20,0.0055
AC1KRZ_002617	AOBS82_9	1	1	0	0	0	0	0	0	0							
AC1KRZ_002621	AOBS82_9	1	1	0	0	0	0	0	0	0		AAA_19,Cas3-like_C_2,CMS1,DEAD,Helicase_C,HEM4,P-loop_SecA,Peripla_BP_1,ResIII,U3_snoRNA_assoc	Pfam		AAA_19,Cas3-like_C_2,CMS1,DEAD,Helicase_C,HEM4,P-loop_SecA,Peripla_BP_1,ResIII,U3_snoRNA_assoc	PF13245.13,PF22590.3,PF14617.13,PF00270.36,PF00271.38,PF02602.21,PF21090.4,PF00532.28,PF04851.22,PF08297.17	0.00027,0.019,0.016,2.6e-45,4e-32,0.0012,0.0014,0.0038,2.2e-06,0.61
AC1KRZ_002622	AOBS82_9	1	1	1	1	1	0	1	1	1							
AC1KRZ_002635	AOBS82_9	1	1	1	1	1	0	1	0	0							
AC1KRZ_002639	AOBS82_9	1	1	0	0	0	0	0	0	0		Baculo_p33,EIF_2_alpha,TAN	Pfam		Baculo_p33,EIF_2_alpha,TAN	PF05214.19,PF07541.18,PF11640.14	0.011,0.0053,0.0025
AC1KRZ_002640	AOBS82_9	1	1	1	1	1	0	0	0	1							
AC1KRZ_002641	AOBS82_9	1	1	1	1	1	0	1	1	1							
AC1KRZ_002643	AOBS82_9	1	1	0	0	0	0	0	0	0		LAMTOR	Pfam		LAMTOR	PF15454.12	4.4e-07
AC1KRZ_002644	AOBS82_9	1	1	1	1	0	0	1	0	1							
AC1KRZ_002646	AOBS82_9	1	1	0	0	0	0	0	0	1							
AC1KRZ_002648	AOBS82_9	1	1	1	1	1	0	0	0	1							
AC1KRZ_002651	AOBS82_9	1	1	1	1	1	0	1	0	1							
AC1KRZ_002655	AOBS82_9	1	1	0	0	0	0	0	0	0		Fungal_trans_2,zf-B_box_ZFPL1,Zn_clus	Pfam		Fungal_trans_2,zf-B_box_ZFPL1,Zn_clus	PF11951.14,PF25993.1,PF00172.24	9.8e-13,0.026,0.003
AC1KRZ_002656	AOBS82_9	1	1	0	0	0	0	0	0	0		MFS_1,Sugar_tr	Pfam		MFS_1,Sugar_tr	PF07690.22,PF00083.31	7e-30,2.8e-64
AC1KRZ_002658	AOBS82_9	1	1	0	0	0	0	0	0	0		AcuH_dehydrog_dom,adh_short,adh_short_C2,KR,Polysacc_synt_2	Pfam		AcuH_dehydrog_dom,adh_short,adh_short_C2,KR,Polysacc_synt_2	PF28827.1,PF00106.32,PF13561.13,PF08659.17,PF02719.22	5.1e-07,5.5e-17,3.3e-08,2.3e-10,0.0049
AC1KRZ_002660	AOBS82_9	1	1	1	0	0	0	0	0	0							
AC1KRZ_002662	AOBS82_9	1	1	1	1	0	0	0	0	1							
AC1KRZ_002663	AOBS82_9	1	1	0	0	0	0	0	0	0		Fungal_trans_2,Phage_cement_3	Pfam		Fungal_trans_2,Phage_cement_3	PF11951.14,PF23968.2	1.5e-10,0.0079
AC1KRZ_002665	AOBS82_9	1	1	1	0	0	0	0	0	0							
AC1KRZ_002667	AOBS82_9	1	1	0	0	0	0	0	0	0		DUF554,MFS_1,Sugar_tr	Pfam		DUF554,MFS_1,Sugar_tr	PF04474.18,PF07690.22,PF00083.31	0.0015,5.6e-31,1.5e-82
AC1KRZ_002669	AOBS82_9	1	1	0	0	0	0	0	0	0		2OG-FeII_Oxy_2,DUF8748,Zn_ribbon_GRF,Zn_ribbon_GRF_2	Pfam		2OG-FeII_Oxy_2,DUF8748,Zn_ribbon_GRF,Zn_ribbon_GRF_2	PF13532.13,PF30834.1,PF06839.18,PF23549.2	2.5e-29,0.0018,2.7e-09,0.00014
AC1KRZ_002671	AOBS82_9	1	1	1	1	1	0	0	1	1							
AC1KRZ_002674	AOBS82_9	1	1	0	0	0	0	0	0	0		M20_dimer,Peptidase_M20,Peptidase_M28	Pfam		M20_dimer,Peptidase_M20,Peptidase_M28	PF07687.20,PF01546.34,PF04389.23	1.1e-08,9.7e-26,6e-06
AC1KRZ_002675	AOBS82_9	1	1	1	1	1	0	0	0	1							
AC1KRZ_002676	AOBS82_9	1	1	0	0	0	0	0	0	0		Abhydrolase_3,BD-FAE,COesterase,Peptidase_S9	Pfam		Abhydrolase_3,BD-FAE,COesterase,Peptidase_S9	PF07859.20,PF20434.6,PF00135.35,PF00326.28	4.7e-08,6.5e-13,1.4e-72,0.00036
AC1KRZ_002678	AOBS82_9	1	1	0	0	0	0	0	0	0							
AC1KRZ_002683	AOBS82_9	1	1	0	0	0	0	1	1	0							
AC1KRZ_002686	AOBS82_9	1	1	1	1	1	0	1	1	1							
AC1KRZ_002687	AOBS82_9	1	1	1	1	1	0	1	1	1							
AC1KRZ_002688	AOBS82_9	1	1	1	1	1	0	0	1	1							
AC1KRZ_002689	AOBS82_9	1	1	1	1	1	0	1	1	1							
AC1KRZ_002694	AOBS82_9	1	1	0	0	0	0	0	0	0		Bromodomain,DUF7877,RSC4_Ig_like	Pfam		Bromodomain,DUF7877,RSC4_Ig_like	PF00439.31,PF25289.2,PF22994.2	6.4e-41,0.15,2.5e-23
AC1KRZ_002699	AOBS82_9	1	1	0	0	0	0	0	0	0		DUF6649	Pfam		DUF6649	PF20354.3	9e-07
AC1KRZ_002701	AOBS82_9	1	1	0	0	0	0	0	0	0							
AC1KRZ_002705	AOBS82_9	1	1	1	1	1	0	1	1	1							
AC1KRZ_002709	AOBS82_9	1	1	0	0	0	0	0	0	1							
AC1KRZ_002711	AOBS82_9	1	1	0	0	0	0	0	0	0		ATG14,SPAM,Tad,ZapB	Pfam		ATG14,SPAM,Tad,ZapB	PF10186.15,PF02090.22,PF13400.12,PF06005.19	9.1e-19,0.01,7.8,0.00075
AC1KRZ_002713	AOBS82_9	1	1	0	0	0	0	0	0	0		Dsc3_N,Rad60-SLD,STI1-HOP_DP,TBK1_ULD,UBA,UBA_7,ubiquitin,Ubiquitin_2,UBQLN1	Pfam		Dsc3_N,Rad60-SLD,STI1-HOP_DP,TBK1_ULD,UBA,UBA_7,ubiquitin,Ubiquitin_2,UBQLN1	PF10302.16,PF11976.15,PF17830.7,PF18396.8,PF00627.38,PF22562.3,PF00240.30,PF14560.13,PF23195.2	0.00056,6.1e-12,0.039,0.0063,1.3e-09,0.0036,2.3e-22,0.0093,3.1e-08
AC1KRZ_002723	AOBS82_9	1	1	0	0	0	0	0	0	0		DUF8230_N,EMP24_GP25L,Oxysterol_BP,PH,PH_8	Pfam		DUF8230_N,EMP24_GP25L,Oxysterol_BP,PH,PH_8	PF26684.1,PF01105.30,PF01237.24,PF00169.36,PF15409.14	0.0036,4.8e-05,4.8e-118,1.7e-07,7.7e-35
AC1KRZ_002725	AOBS82_9	1	1	1	1	0	0	0	0	1							
AC1KRZ_002726	AOBS82_9	1	1	1	1	0	0	0	0	1							
AC1KRZ_002732	AOBS82_9	1	1	1	1	1	0	1	1	1							
AC1KRZ_002739	AOBS82_9	1	1	0	0	0	0	0	0	0		DcsG_N,GSH-S_ATP	Pfam		DcsG_N,GSH-S_ATP	PF27100.1,PF02955.22	0.014,2.1e-08
AC1KRZ_002740	AOBS82_9	1	1	0	0	0	0	0	0	0		PRELI	Pfam		PRELI	PF04707.21	6.1e-42
AC1KRZ_000268	AOBS82_9	1	1	0	0	0	0	0	0	0		AAA,AAA_11,AAA_14,AAA_16,AAA_17,AAA_18,AAA_19,AAA_2,AAA_22,AAA_24,AAA_25,AAA_28,AAA_3,AAA_30,AAA_33,AAA_5,AAA_7,AAA_lid_3,AAA_RNF213_4,ABC_tran,ATP-synt_ab,ATPase,ATPase_2,Bac_DnaA,bpMoxR,CDC48_N,DUF815,FlaEY_3rd,IPT,IstB_IS21,MCM,Mg_chelatase,NACHT,NPHP3_N,nSTAND3,nSTAND_NTPase5,NTPase_1,Parvo_NS1,PhoH,Rad17,RNA_helicase,RuvB_N,SRPRB,TIP49,TsaE,Viral_helicase1,YDL180W,Zeta_toxin	Pfam		AAA,AAA_11,AAA_14,AAA_16,AAA_17,AAA_18,AAA_19,AAA_2,AAA_22,AAA_24,AAA_25,AAA_28,AAA_3,AAA_30,AAA_33,AAA_5,AAA_7,AAA_lid_3,AAA_RNF213_4,ABC_tran,ATP-synt_ab,ATPase,ATPase_2,Bac_DnaA,bpMoxR,CDC48_N,DUF815,FlaEY_3rd,IPT,IstB_IS21,MCM,Mg_chelatase,NACHT,NPHP3_N,nSTAND3,nSTAND_NTPase5,NTPase_1,Parvo_NS1,PhoH,Rad17,RNA_helicase,RuvB_N,SRPRB,TIP49,TsaE,Viral_helicase1,YDL180W,Zeta_toxin	PF00004.36,PF13086.13,PF13173.13,PF13191.13,PF13207.13,PF13238.13,PF13245.13,PF07724.21,PF13401.13,PF13479.13,PF13481.13,PF13521.13,PF07726.18,PF13604.13,PF13671.13,PF07728.21,PF12775.14,PF17862.8,PF30683.1,PF00005.34,PF00006.32,PF06745.20,PF01637.25,PF00308.25,PF20030.6,PF02359.25,PF05673.20,PF27198.1,PF01745.23,PF01695.24,PF00493.30,PF01078.28,PF05729.19,PF24883.3,PF20720.4,PF25199.2,PF03266.22,PF01057.24,PF02562.23,PF03215.22,PF00910.29,PF05496.19,PF09439.17,PF06068.20,PF02367.24,PF01443.25,PF29779.1,PF06414.19	5.1e-64,0.0003,8.8e-06,4.8e-11,2.6e-05,2e-05,0.0002,1.6e-05,6.2e-10,0.0011,0.00063,3.1e-08,5.5e-05,8.7e-05,5.8e-07,3.4e-09,6.8e-06,2.1e-10,0.001,2.1e-05,0.0076,0.017,7.5e-05,0.0003,2.3e-05,0.0046,0.00063,0.012,0.013,4.6e-06,0.002,3.3e-06,0.0042,3.2e-05,2.9e-06,0.003,4.8e-05,0.00019,0.0072,2.5e-06,1.2e-06,3.8e-11,0.0062,2.2e-07,2.1e-05,0.0054,0.017,0.0061
AC1KRZ_000269	AOBS82_9	1	1	0	0	0	0	0	0	0		DUF7029,DUF7223	Pfam		DUF7029,DUF7223	PF22974.2,PF23865.2	2.7e-13,6.8e-10
AC1KRZ_000272	AOBS82_9	1	1	0	0	1	0	1	1	0							
AC1KRZ_000274	AOBS82_9	1	1	1	1	0	0	0	0	1							
AC1KRZ_000277	AOBS82_9	1	1	0	0	0	0	0	0	0		DUF8363,SLU7_N,SWIRM,zf-CCHC,zf-CCHC_3,zf-CCHC_4,zf-CCHC_5	Pfam		DUF8363,SLU7_N,SWIRM,zf-CCHC,zf-CCHC_3,zf-CCHC_4,zf-CCHC_5	PF27939.1,PF30379.1,PF04433.24,PF00098.29,PF13917.12,PF14392.12,PF14787.12	0.00044,3.8e-19,4.6e-16,6.9e-45,0.0013,6.1e-06,3.3e-05
AC1KRZ_000278	AOBS82_9	1	1	0	0	0	0	0	0	0		CBT1,DUF202,DUF6529,SPX,VTC	Pfam		CBT1,DUF202,DUF6529,SPX,VTC	PF29803.1,PF02656.21,PF20139.5,PF03105.25,PF09359.16	0.01,4.8e-14,0.0012,2.8e-08,1.3e-62
AC1KRZ_000287	AOBS82_9	1	1	1	1	1	0	1	1	1							
AC1KRZ_000295	AOBS82_9	1	1	0	0	0	0	0	0	0		DEAD,GbsR_C,Helicase_C,ResIII,SNF2-rel_dom	Pfam		DEAD,GbsR_C,Helicase_C,ResIII,SNF2-rel_dom	PF00270.36,PF27113.1,PF00271.38,PF04851.22,PF00176.30	1.1e-15,0.0009,1.4e-08,0.0006,0.0079
AC1KRZ_000297	AOBS82_9	1	1	0	0	0	0	0	0	0		Aminotran_1_2	Pfam		Aminotran_1_2	PF00155.28	2.8e-22
AC1KRZ_000300	AOBS82_9	1	1	0	0	0	0	0	0	0		DUF4006,DUF4148,SoxE_N,tRNA-synt_2_TM	Pfam		DUF4006,DUF4148,SoxE_N,tRNA-synt_2_TM	PF13179.14,PF13663.12,PF22852.1,PF16995.11	0.016,0.01,0.033,0.0056
AC1KRZ_000302	AOBS82_9	1	1	1	1	1	0	1	1	0							
AC1KRZ_000303	AOBS82_9	1	1	0	0	0	0	0	0	0		DUF2007,Pribosyltran,Pribosyltran_N,Pribosyl_synth	Pfam		DUF2007,Pribosyltran,Pribosyltran_N,Pribosyl_synth	PF09413.16,PF00156.34,PF13793.13,PF14572.13	0.0061,1.2e-05,3e-43,4.7e-34
AC1KRZ_000304	AOBS82_9	1	1	1	0	1	0	0	0	1							
AC1KRZ_000305	AOBS82_9	1	1	0	1	0	0	1	0	1							
AC1KRZ_000307	AOBS82_9	1	1	1	1	0	0	1	0	1							
AC1KRZ_000309	AOBS82_9	1	1	0	0	0	0	0	0	0		BMT,FYDLN_acid,Sigma70_ner,TFIIA	Pfam		BMT,FYDLN_acid,Sigma70_ner,TFIIA	PF12141.14,PF09538.16,PF04546.20,PF03153.19	5.4e-19,0.95,0.98,0.1
AC1KRZ_000311	AOBS82_9	1	1	0	0	0	0	0	0	0		DUF1501,DUF229,Phosphodiest,SGSH_C,Sulfatase,Sulfatase_C	Pfam		DUF1501,DUF229,Phosphodiest,SGSH_C,Sulfatase,Sulfatase_C	PF07394.18,PF02995.23,PF01663.28,PF16347.11,PF00884.29,PF14707.12	0.0018,4e-05,7e-09,9.7e-16,3.5e-40,0.0081
AC1KRZ_000313	AOBS82_9	1	1	1	1	1	0	0	1	0							
AC1KRZ_000315	AOBS82_9	1	1	0	0	0	0	0	0	0							
AC1KRZ_000316	AOBS82_9	1	1	0	0	0	0	0	0	0		Dsl1_C	Pfam		Dsl1_C	PF11989.15	0.016
AC1KRZ_000317	AOBS82_9	1	1	0	0	0	0	0	0	0		Renin_r	Pfam		Renin_r	PF07850.20	0.015
AC1KRZ_000320	AOBS82_9	1	1	1	0	0	0	0	0	0							
AC1KRZ_000321	AOBS82_9	1	1	0	0	0	0	0	0	0		MFS_1	Pfam		MFS_1	PF07690.22	1.3e-33
AC1KRZ_000323	AOBS82_9	1	1	0	0	0	0	0	0	0		AHD,Gal80p_C-like,GFO_IDH_MocA,GFO_IDH_MocA_C,GFO_IDH_MocA_C3	Pfam		AHD,Gal80p_C-like,GFO_IDH_MocA,GFO_IDH_MocA_C,GFO_IDH_MocA_C3	PF17793.7,PF22685.2,PF01408.29,PF02894.23,PF22725.2	0.018,0.0084,1.3e-16,1.3e-27,4.5e-18
AC1KRZ_000324	AOBS82_9	1	1	0	0	0	0	0	0	0		MFS_1,PG_binding_2,Sugar_tr,YnaG	Pfam		MFS_1,PG_binding_2,Sugar_tr,YnaG	PF07690.22,PF08823.17,PF00083.31,PF27331.1	3.6e-22,0.0043,2.2e-86,0.1
AC1KRZ_000325	AOBS82_9	1	1	0	0	0	0	0	0	0		DUF6152,PhyH	Pfam		DUF6152,PhyH	PF19649.5,PF05721.20	0.008,2e-32
AC1KRZ_000326	AOBS82_9	1	1	0	0	0	0	0	0	0		Beta-lactamase	Pfam		Beta-lactamase	PF00144.30	5.1e-32
AC1KRZ_000328	AOBS82_9	1	1	0	0	0	0	0	0	0		Gal_mutarotas_2,Glyco_hydro_31_2nd,Glyco_hydro_31_3rd	Pfam		Gal_mutarotas_2,Glyco_hydro_31_2nd,Glyco_hydro_31_3rd	PF13802.13,PF01055.33,PF21365.4	1.3e-25,1.2e-80,6e-27
AC1KRZ_000329	AOBS82_9	1	1	0	0	1	0	0	0	1							
AC1KRZ_000330	AOBS82_9	1	1	1	1	1	0	0	0	1							
AC1KRZ_000332	AOBS82_9	1	1	1	0	1	0	1	1	1							
AC1KRZ_000333	AOBS82_9	1	1	0	0	0	0	0	0	0							
AC1KRZ_000334	AOBS82_9	1	1	1	0	0	0	0	0	1							
AC1KRZ_000337	AOBS82_9	1	1	0	0	0	0	0	0	0		Peptidase_S66,Peptidase_S66C,T3SS_NleG	Pfam		Peptidase_S66,Peptidase_S66C,T3SS_NleG	PF02016.22,PF17676.8,PF06416.19	5.1e-27,1.5e-17,0.019
AC1KRZ_000338	AOBS82_9	1	1	0	0	0	0	0	0	0							
AC1KRZ_000342	AOBS82_9	1	1	0	0	0	0	0	0	0		PRTT-like_M	Pfam		PRTT-like_M	PF30880.1	4.6e-10
AC1KRZ_000344	AOBS82_9	1	1	0	0	0	0	0	0	1							
AC1KRZ_000345	AOBS82_9	1	1	0	0	0	0	0	0	0		MFS_1,Sugar_tr	Pfam		MFS_1,Sugar_tr	PF07690.22,PF00083.31	2.3e-18,1.4e-73
AC1KRZ_000346	AOBS82_9	1	1	0	0	0	0	0	0	0		FtsJ,Methyltr_RsmB-F,PGA2,Pre-PUA_NSUN2,PUA_NSUN2	Pfam		FtsJ,Methyltr_RsmB-F,PGA2,Pre-PUA_NSUN2,PUA_NSUN2	PF01728.26,PF01189.24,PF07543.18,PF25376.2,PF25378.2	0.0065,1.7e-40,0.0022,5.3e-23,1.4e-09
AC1KRZ_000347	AOBS82_9	1	1	0	0	0	0	0	0	0							
AC1KRZ_000348	AOBS82_9	1	1	1	1	1	0	0	1	1							
AC1KRZ_000349	AOBS82_9	1	1	0	0	0	0	0	0	0		AMP-binding,AMP-binding_C,AMP-binding_C_3	Pfam		AMP-binding,AMP-binding_C,AMP-binding_C_3	PF00501.35,PF13193.13,PF23562.3	8.5e-74,2e-15,0.01
AC1KRZ_000352	AOBS82_9	1	1	0	0	0	0	0	0	0		zf-C2H2,zf-C2H2_4,zf-C2H2_6,zf-C2H2_AHC1,zf-C2H2_STOP2_C,zf_DPOE_2,zf_ZIC	Pfam		zf-C2H2,zf-C2H2_4,zf-C2H2_6,zf-C2H2_AHC1,zf-C2H2_STOP2_C,zf_DPOE_2,zf_ZIC	PF00096.33,PF13894.13,PF13912.13,PF25909.1,PF23118.3,PF23250.2,PF18366.8	1.1e-08,7.8e-06,0.65,0.078,0.0013,0.016,0.024
AC1KRZ_000353	AOBS82_9	1	1	0	0	0	0	1	1	0							
AC1KRZ_000365	AOBS82_9	1	1	0	0	0	0	0	0	0		Ribosomal_L1	Pfam		Ribosomal_L1	PF00687.27	2.6e-50
AC1KRZ_000367	AOBS82_9	1	1	0	1	0	0	0	0	0							
AC1KRZ_000368	AOBS82_9	1	1	0	0	0	0	0	0	0		Myb_DNA-binding,Nop14,Presenilin,Zip	Pfam		Myb_DNA-binding,Nop14,Presenilin,Zip	PF00249.38,PF04147.18,PF01080.23,PF02535.29	0.00072,8.5,1.3,9.1
AC1KRZ_000371	AOBS82_9	1	1	0	0	0	0	0	0	1							
AC1KRZ_000373	AOBS82_9	1	1	0	1	1	0	0	0	0							
AC1KRZ_000374	AOBS82_9	1	1	0	0	0	0	0	0	0		GSKIP_dom	Pfam		GSKIP_dom	PF05303.18	3.9e-10
AC1KRZ_000381	AOBS82_9	1	1	1	1	1	0	1	1	1							
AC1KRZ_000385	AOBS82_9	1	1	1	0	0	0	0	0	1							
AC1KRZ_000387	AOBS82_9	1	1	0	0	0	0	0	0	0		Adaptin_N,Cnd1,HEAT,HEAT_2,HEAT_EZ,Vps35	Pfam		Adaptin_N,Cnd1,HEAT,HEAT_2,HEAT_EZ,Vps35	PF01602.27,PF12717.14,PF02985.29,PF13646.13,PF13513.13,PF03635.24	4.7e-82,2.3e-09,7e-05,1.6e-05,0.0066,0.0064
AC1KRZ_000390	AOBS82_9	1	1	0	0	0	0	0	0	0		DUF4783,zf-C2H2_assoc3,Zn_clus	Pfam		DUF4783,zf-C2H2_assoc3,Zn_clus	PF16022.12,PF16637.11,PF00172.24	0.0083,0.0057,8.6e-06
AC1KRZ_000391	AOBS82_9	1	1	0	0	1	0	0	0	1							
AC1KRZ_000393	AOBS82_9	1	1	0	0	0	0	0	0	0		CCDC192,CENP-F_leu_zip,CEP131_CC,CLIP1,CorA,Csm1_N,Kazrin,Kinesin,Microtub_bd,MPS2,nSTAND_NTPase5,Nucleoprot-TPR,PKcGMP_CC,XLF_CC	Pfam		CCDC192,CENP-F_leu_zip,CEP131_CC,CLIP1,CorA,Csm1_N,Kazrin,Kinesin,Microtub_bd,MPS2,nSTAND_NTPase5,Nucleoprot-TPR,PKcGMP_CC,XLF_CC	PF27954.1,PF10473.15,PF27681.1,PF27241.1,PF01544.24,PF18504.7,PF25986.1,PF00225.30,PF16796.12,PF17060.11,PF25199.2,PF25481.2,PF16808.11,PF21928.2	0.04,0.82,0.00056,0.36,0.38,2.4,1.6,5.2e-95,8.9e-17,0.0043,0.0073,0.27,0.0068,0.0047
AC1KRZ_000397	AOBS82_9	1	1	1	1	1	0	1	0	1							
AC1KRZ_000399	AOBS82_9	1	1	0	0	0	0	0	1	1							
AC1KRZ_000401	AOBS82_9	1	1	0	0	0	0	1	1	0							
AC1KRZ_000402	AOBS82_9	1	1	1	1	1	0	0	0	0							
AC1KRZ_000403	AOBS82_9	1	1	0	0	0	0	0	0	0		RabGAP-TBC,RabGap-TBC_2	Pfam		RabGAP-TBC,RabGap-TBC_2	PF00566.26,PF23436.2	2.3e-42,4.8e-21
AC1KRZ_000406	AOBS82_9	1	1	1	1	1	0	1	1	1							
AC1KRZ_000408	AOBS82_9	1	1	0	0	0	0	1	1	1							
AC1KRZ_000414	AOBS82_9	1	1	0	0	0	0	1	0	0							
AC1KRZ_000415	AOBS82_9	1	1	0	0	0	0	0	0	0		F-box,F-box-like	Pfam		F-box,F-box-like	PF00646.39,PF12937.13	0.0002,0.00011
AC1KRZ_000422	AOBS82_9	1	1	1	1	1	0	0	1	1							
AC1KRZ_000432	AOBS82_9	1	1	0	0	0	0	0	0	1							
AC1KRZ_000433	AOBS82_9	1	1	0	0	0	0	1	1	0							
AC1KRZ_000434	AOBS82_9	1	1	0	1	1	0	1	1	1							
AC1KRZ_000435	AOBS82_9	1	1	0	0	0	0	0	0	0		Transferase,TRI-like_N	Pfam		Transferase,TRI-like_N	PF02458.21,PF22664.2	4e-28,1.5e-18
AC1KRZ_000436	AOBS82_9	1	1	0	0	0	0	0	0	0		BEAN1_helical,Transferase,TRI-like_N	Pfam		BEAN1_helical,Transferase,TRI-like_N	PF28336.1,PF02458.21,PF22664.2	2.2e-05,1.9e-27,2e-18
AC1KRZ_000439	AOBS82_9	1	1	1	1	1	0	1	1	1							
AC1KRZ_000440	AOBS82_9	1	1	0	0	0	0	0	0	0		DENR_N,Peptidase_M16,Peptidase_M16_C,PreP_C,RQC	Pfam		DENR_N,Peptidase_M16,Peptidase_M16_C,PreP_C,RQC	PF21023.3,PF00675.26,PF05193.27,PF22516.2,PF09382.18	0.0051,6.1e-07,3.7e-24,0.00019,0.00081
AC1KRZ_000442	AOBS82_9	1	1	0	0	0	0	0	0	0		CDC45,RNA_polI_A14	Pfam		CDC45,RNA_polI_A14	PF02724.20,PF08203.17	4.6,0.0019
AC1KRZ_000445	AOBS82_9	1	1	1	1	1	0	0	1	0							
AC1KRZ_000447	AOBS82_9	1	1	0	0	0	0	0	0	0		Anticodon_1,Anticodon_3,ATG14,CCDC113_CCDC96_CC,DivIC,DUF1664,DUF601,FKBP15,LpxC,PEARLI-4,Sec10_N,Snapin_Pallidin,SYN8_N,Taxilin,tRNA-synt_1,tRNA-synt_1e,tRNA-synt_1g	Pfam		Anticodon_1,Anticodon_3,ATG14,CCDC113_CCDC96_CC,DivIC,DUF1664,DUF601,FKBP15,LpxC,PEARLI-4,Sec10_N,Snapin_Pallidin,SYN8_N,Taxilin,tRNA-synt_1,tRNA-synt_1e,tRNA-synt_1g	PF08264.20,PF19303.6,PF10186.15,PF13870.12,PF04977.21,PF07889.18,PF04642.17,PF23649.2,PF03331.20,PF05278.18,PF20667.4,PF14712.12,PF29057.1,PF09728.15,PF00133.29,PF01406.26,PF09334.18	1.4e-05,1.6e-09,0.47,0.82,4,0.046,0.009,3.8,0.075,0.013,0.022,0.86,0.00016,5.1e-60,1.2e-11,8.8e-06,8.2e-69
AC1KRZ_000453	AOBS82_9	1	1	0	0	0	0	0	0	0		ATG30_helical,DUF8810,Ferritin_C144_05,Helicase_C,PWI	Pfam		ATG30_helical,DUF8810,Ferritin_C144_05,Helicase_C,PWI	PF30211.1,PF31106.1,PF26021.1,PF00271.38,PF01480.23	0.00038,0.043,2.8e-64,3.4e-09,0.00083
AC1KRZ_000458	AOBS82_9	1	1	0	1	0	0	0	0	1							
AC1KRZ_000459	AOBS82_9	1	1	0	0	0	0	1	1	0							
AC1KRZ_000463	AOBS82_9	1	1	0	0	0	0	0	0	0		ABC1,FHA,Haspin_kinase,Kdo,Kinase-like,LSM14,Pkinase,Pkinase_fungal,PK_Tyr_Ser-Thr,UL97,YrbL-PhoP_reg	Pfam		ABC1,FHA,Haspin_kinase,Kdo,Kinase-like,LSM14,Pkinase,Pkinase_fungal,PK_Tyr_Ser-Thr,UL97,YrbL-PhoP_reg	PF03109.23,PF00498.32,PF12330.15,PF06293.21,PF14531.13,PF12701.14,PF00069.32,PF17667.8,PF07714.24,PF06734.20,PF10707.16	0.00046,6.8e-12,0.0069,0.0056,1e-06,0.012,5.3e-73,0.00088,3.7e-34,0.0027,0.0038
AC1KRZ_002749	AOBS82_9	1	1	1	1	1	0	1	1	1							
AC1KRZ_002751	AOBS82_9	1	1	0	0	0	0	0	0	0		Arteri_Gl,Bac_rhodopsin,FANC_SAP,GDT1,HeH,SAP,Tho1_MOS11_C	Pfam		Arteri_Gl,Bac_rhodopsin,FANC_SAP,GDT1,HeH,SAP,Tho1_MOS11_C	PF00951.24,PF01036.25,PF18081.8,PF01169.26,PF12949.14,PF02037.34,PF18592.7	0.00075,7.5e-40,0.0015,0.17,0.0055,2e-12,8.8e-05
AC1KRZ_002753	AOBS82_9	1	1	1	1	1	0	1	1	1							
AC1KRZ_002754	AOBS82_9	1	1	0	0	0	0	0	0	0		MFS_1,OATP,Sugar_tr,TRI12	Pfam		MFS_1,OATP,Sugar_tr,TRI12	PF07690.22,PF03137.27,PF00083.31,PF06609.19	8.5e-50,8.5e-05,3.4e-14,6.7e-08
AC1KRZ_002757	AOBS82_9	1	1	0	0	0	0	0	0	0		Capsule_synth,CDC45,DUF5327,Eapp_C,PNISR,PPP4R2,Presenilin,Prok-RING_4,RING_XB3-XBAT31,SNF2-rel_dom,zf-ANAPC11,zf-C3HC4,zf-C3HC4_2,zf-C3HC4_3,zf-C3HC4_4,zf-C3HC4_IRF-2BP1_2,zf-rbx1,zf-RING_2,zf-RING_4,zf-RING_5,zf-RING_UBOX,zf-UDP,zf_RING-like	Pfam		Capsule_synth,CDC45,DUF5327,Eapp_C,PNISR,PPP4R2,Presenilin,Prok-RING_4,RING_XB3-XBAT31,SNF2-rel_dom,zf-ANAPC11,zf-C3HC4,zf-C3HC4_2,zf-C3HC4_3,zf-C3HC4_4,zf-C3HC4_IRF-2BP1_2,zf-rbx1,zf-RING_2,zf-RING_4,zf-RING_5,zf-RING_UBOX,zf-UDP,zf_RING-like	PF05159.21,PF02724.20,PF17261.8,PF10238.16,PF15996.11,PF09184.17,PF01080.23,PF14447.13,PF24921.2,PF00176.30,PF12861.14,PF00097.32,PF13923.13,PF13920.13,PF15227.13,PF25454.2,PF12678.14,PF13639.13,PF14570.13,PF14634.13,PF13445.13,PF14569.13,PF25080.2	0.0031,0.00019,2.2,0.47,0.11,4.9,3.7,0.0025,6.1e-06,8.3e-40,0.083,1.6e-06,2.2e-06,7.8e-09,0.005,0.028,0.0068,5.2e-07,0.0033,0.00019,5e-05,0.033,0.011
AC1KRZ_002760	AOBS82_9	1	1	0	0	0	0	0	0	0		EXOSC1,New_glue,SR-25,TORC_N,VPS35L_N	Pfam		EXOSC1,New_glue,SR-25,TORC_N,VPS35L_N	PF10447.16,PF21827.2,PF10500.15,PF12884.13,PF27614.1	0.00055,0.078,0.00043,0.0028,0.005
AC1KRZ_002768	AOBS82_9	1	1	0	0	0	0	0	0	0		Gp_dh_N,Proteasome,Proteasome_A_N	Pfam		Gp_dh_N,Proteasome,Proteasome_A_N	PF00044.31,PF00227.32,PF10584.15	0.001,1.2e-50,2.1e-14
AC1KRZ_002770	AOBS82_9	1	1	1	1	1	0	0	0	1							
AC1KRZ_002778	AOBS82_9	1	1	1	1	0	0	0	0	1							
AC1KRZ_002782	AOBS82_9	1	1	0	0	1	0	1	1	1							
AC1KRZ_002783	AOBS82_9	1	1	0	0	0	0	0	0	0							
AC1KRZ_002785	AOBS82_9	1	1	0	0	0	0	0	0	0		Arc_Cdc45,EndIII_4Fe-2S,HHH,HhH-GPD,NUDIX_4	Pfam		Arc_Cdc45,EndIII_4Fe-2S,HHH,HhH-GPD,NUDIX_4	PF27767.1,PF10576.15,PF00633.30,PF00730.32,PF14815.13	0.013,7.2e-05,0.00048,1.2e-21,1.8e-09
AC1KRZ_002788	AOBS82_9	1	1	0	0	0	0	0	0	0		ASA1,Beta-prop_ACSF4,Beta-prop_CAF1B_HIR1,Beta-prop_DCAF12,Beta-prop_DCAF4,Beta-prop_EML,Beta-prop_EML_2,Beta-prop_HPS5,Beta-prop_IFT122_1st,Beta-prop_IFT140_1st,Beta-prop_IP5PC_F,Beta-prop_NOL10_N,Beta-prop_pof12,Beta-prop_RIG_2nd,Beta-prop_SCAP,Beta-prop_SPT8,Beta-prop_TEP1_2nd,Beta-prop_TEP1_C,Beta-prop_THOC3,Beta-prop_Vps41,Beta-prop_VPS8,Beta-prop_WDR36-Utp21_1st,Beta-prop_WDR36-Utp21_2nd,Beta-prop_WDR3_1st,Beta-prop_WDR3_2nd,Beta-prop_WDR41,Beta-prop_WDR5,Beta-prop_WDR75_1st,Beta-prop_WDR90_POC16_2nd,CFAP251_N,DSE1_N,DUF5944,EIF3I,NBCH_WD40,PAC11,PEP5_VPS11_N,VPS11_N,WD40,WD40_CDC20-Fz,WD40_Gbeta,WD40_MABP1-WDR62_1st,WD40_MABP1-WDR62_2nd,WD40_Prp19,WD40_WDHD1_1st,WDR55,WDR90_beta-prop_4th	Pfam		ASA1,Beta-prop_ACSF4,Beta-prop_CAF1B_HIR1,Beta-prop_DCAF12,Beta-prop_DCAF4,Beta-prop_EML,Beta-prop_EML_2,Beta-prop_HPS5,Beta-prop_IFT122_1st,Beta-prop_IFT140_1st,Beta-prop_IP5PC_F,Beta-prop_NOL10_N,Beta-prop_pof12,Beta-prop_RIG_2nd,Beta-prop_SCAP,Beta-prop_SPT8,Beta-prop_TEP1_2nd,Beta-prop_TEP1_C,Beta-prop_THOC3,Beta-prop_Vps41,Beta-prop_VPS8,Beta-prop_WDR36-Utp21_1st,Beta-prop_WDR36-Utp21_2nd,Beta-prop_WDR3_1st,Beta-prop_WDR3_2nd,Beta-prop_WDR41,Beta-prop_WDR5,Beta-prop_WDR75_1st,Beta-prop_WDR90_POC16_2nd,CFAP251_N,DSE1_N,DUF5944,EIF3I,NBCH_WD40,PAC11,PEP5_VPS11_N,VPS11_N,WD40,WD40_CDC20-Fz,WD40_Gbeta,WD40_MABP1-WDR62_1st,WD40_MABP1-WDR62_2nd,WD40_Prp19,WD40_WDHD1_1st,WDR55,WDR90_beta-prop_4th	PF29630.1,PF13570.14,PF24105.2,PF23760.2,PF23761.2,PF23409.2,PF23414.2,PF23756.2,PF23381.2,PF23383.2,PF23754.2,PF23098.2,PF25499.3,PF23775.2,PF24017.3,PF23798.2,PF25047.1,PF25048.2,PF25174.2,PF23411.2,PF23410.5,PF25171.2,PF25168.2,PF25173.2,PF25172.2,PF25178.1,PF25175.2,PF23869.2,PF23393.3,PF30552.1,PF29037.1,PF19369.5,PF24805.2,PF20426.5,PF30151.1,PF23341.2,PF23266.2,PF00400.39,PF24807.2,PF25391.2,PF24780.2,PF24782.3,PF24814.2,PF24817.2,PF24796.2,PF23342.2	2.3e-09,4.4e-05,2.5e-08,6.1e-05,4.2e-05,1.4e-15,4.4e-13,0.0021,2.5e-25,1.9e-05,4.5e-06,1.4e-05,0.015,0.0003,1e-05,0.00032,2.6e-21,6.8e-08,2.3e-23,0.0021,0.00039,2.6e-13,2.9e-08,4.2e-27,9.8e-22,6.8e-05,3.6e-24,1.1e-10,5.3e-09,1e-08,1.5e-07,0.01,6.3e-12,2.3e-11,0.005,0.0002,0.0044,1.2e-28,1.1e-16,6.9e-16,0.0011,6.1e-07,5.4e-20,9.6e-17,2.4e-15,8.2e-06
AC1KRZ_002791	AOBS82_9	1	1	1	1	1	0	0	0	1							
AC1KRZ_002794	AOBS82_9	1	1	0	0	0	0	0	0	1							
AC1KRZ_002795	AOBS82_9	1	1	1	1	1	0	1	1	1							
AC1KRZ_002799	AOBS82_9	1	1	0	0	0	0	0	0	0		CXorf58_MFI,eIF3m_C_helix,PCI	Pfam		CXorf58_MFI,eIF3m_C_helix,PCI	PF28678.1,PF18005.7,PF01399.34	0.00033,2.5e-07,2.3e-13
AC1KRZ_002801	AOBS82_9	1	1	1	1	0	0	0	1	1							
AC1KRZ_002807	AOBS82_9	1	1	1	1	1	0	1	1	1							
AC1KRZ_002816	AOBS82_9	1	1	1	1	1	0	0	1	1							
AC1KRZ_002817	AOBS82_9	1	1	1	1	1	0	0	1	1							
AC1KRZ_002818	AOBS82_9	1	1	1	1	0	0	1	0	0							
AC1KRZ_002820	AOBS82_9	1	1	0	0	0	0	0	0	0		AIF-1,ANTAR,CFAP251_C,DUF6471,EF-hand_1,EF-hand_5,EF-hand_6,EF-hand_7,EF-hand_8,EF-hand_9,EF-hand_FSTL1,EF_EFCAB10_C,RNB,ThsA_Macro,WHD_HA2	Pfam		AIF-1,ANTAR,CFAP251_C,DUF6471,EF-hand_1,EF-hand_5,EF-hand_6,EF-hand_7,EF-hand_8,EF-hand_9,EF-hand_FSTL1,EF_EFCAB10_C,RNB,ThsA_Macro,WHD_HA2	PF21008.4,PF03861.20,PF30551.1,PF20075.6,PF00036.39,PF13202.13,PF13405.13,PF13499.13,PF13833.13,PF14658.13,PF23564.2,PF24548.2,PF00773.26,PF20016.7,PF04408.30	0.0042,0.0089,1.7e-07,0.003,2.9e-15,3.9e-10,1.3e-17,6.1e-15,8.8e-09,0.0015,0.00087,0.00011,0.011,0.00053,0.0072
AC1KRZ_002822	AOBS82_9	1	1	0	0	0	0	0	0	0		MutS_II,MutS_III,MutS_IV,MutS_V	Pfam		MutS_II,MutS_III,MutS_IV,MutS_V	PF05188.24,PF05192.24,PF05190.24,PF00488.28	1.8e-05,1.2e-32,5.8e-11,1.3e-08
AC1KRZ_002828	AOBS82_9	1	1	1	0	1	0	1	1	1							
AC1KRZ_002832	AOBS82_9	1	1	0	0	0	0	0	0	0		DUF123	Pfam		DUF123	PF01986.24	0.0074
AC1KRZ_002835	AOBS82_9	1	1	0	0	0	0	0	0	0		Cecropin	Pfam		Cecropin	PF00272.25	0.014
AC1KRZ_002838	AOBS82_9	1	1	0	0	0	0	1	0	0							
AC1KRZ_002840	AOBS82_9	1	1	0	0	0	0	0	0	0		AAA_3,AAA_5,AAA_RNF213_3,MCM,MCM_lid,MCM_N,MCM_OB,Mg_chelatase,Sigma54_activat	Pfam		AAA_3,AAA_5,AAA_RNF213_3,MCM,MCM_lid,MCM_N,MCM_OB,Mg_chelatase,Sigma54_activat	PF07726.18,PF07728.21,PF30694.1,PF00493.30,PF17855.8,PF14551.12,PF17207.10,PF01078.28,PF00158.33	0.00026,9.9e-08,0.0022,1.6e-106,1.7e-05,7.5e-11,7.5e-35,3.4e-09,0.0056
AC1KRZ_002841	AOBS82_9	1	1	0	0	0	0	0	0	0		AAA,AAA_14,AAA_16,AAA_17,AAA_18,AAA_2,AAA_22,AAA_24,AAA_25,AAA_28,AAA_3,AAA_33,AAA_5,AAA_7,AAA_lid_3,ABC_tran,ATPase_2,IstB_IS21,Mg_chelatase,NACHT,NB-ARC,NPHP3_N,nSTAND3,nSTAND6,Parvo_NS1,PEX-1N,PEX-2N,Rad17,ResIII,RNA_helicase,RuvB_N,Sigma54_activat,TIP49,TrwB_AAD_bind,TsaE	Pfam		AAA,AAA_14,AAA_16,AAA_17,AAA_18,AAA_2,AAA_22,AAA_24,AAA_25,AAA_28,AAA_3,AAA_33,AAA_5,AAA_7,AAA_lid_3,ABC_tran,ATPase_2,IstB_IS21,Mg_chelatase,NACHT,NB-ARC,NPHP3_N,nSTAND3,nSTAND6,Parvo_NS1,PEX-1N,PEX-2N,Rad17,ResIII,RNA_helicase,RuvB_N,Sigma54_activat,TIP49,TrwB_AAD_bind,TsaE	PF00004.36,PF13173.13,PF13191.13,PF13207.13,PF13238.13,PF07724.21,PF13401.13,PF13479.13,PF13481.13,PF13521.13,PF07726.18,PF13671.13,PF07728.21,PF12775.14,PF17862.8,PF00005.34,PF01637.25,PF01695.24,PF01078.28,PF05729.19,PF00931.29,PF24883.3,PF20720.4,PF25201.1,PF01057.24,PF09262.18,PF09263.17,PF03215.22,PF04851.22,PF00910.29,PF05496.19,PF00158.33,PF06068.20,PF10412.16,PF02367.24	1.4e-48,1.3e-05,2.1e-11,0.0061,0.0031,0.00033,2.5e-06,0.00066,0.0015,0.0026,0.0014,2.7e-06,2.1e-07,4.7e-05,8.3e-20,0.0016,0.00016,0.00013,0.00022,2.8e-06,0.00017,7.8e-05,2e-08,0.00043,0.0052,8.3e-23,6.3e-06,0.016,0.0043,1.2e-06,1.7e-09,0.013,3.4e-05,0.016,0.00027
AC1KRZ_002844	AOBS82_9	1	1	0	0	0	0	0	0	0		Big_7,HECT	Pfam		Big_7,HECT	PF17957.8,PF00632.31	0.011,1.3e-97
AC1KRZ_002850	AOBS82_9	1	1	0	0	0	0	0	0	0							
AC1KRZ_002853	AOBS82_9	1	1	0	0	0	0	0	0	0		Csm1_N,DUF8221,Ly49	Pfam		Csm1_N,DUF8221,Ly49	PF18504.7,PF26666.1,PF08391.17	0.098,3.7e-06,1.6
AC1KRZ_002855	AOBS82_9	1	1	1	1	1	0	0	1	0							
AC1KRZ_002858	AOBS82_9	1	1	0	0	0	0	0	0	0		DUF8400,Nup35_RRM_2,RBD_DEAH11,RBD_RDR6,RRM_1,RRM_10,RRM_11,RRM_7,RRM_ACIN1,RRM_MUD2_C,RRM_Nup35,RRM_RdRP1_2,SET_assoc	Pfam		DUF8400,Nup35_RRM_2,RBD_DEAH11,RBD_RDR6,RRM_1,RRM_10,RRM_11,RRM_7,RRM_ACIN1,RRM_MUD2_C,RRM_Nup35,RRM_RdRP1_2,SET_assoc	PF28442.1,PF14605.13,PF24475.2,PF24572.2,PF00076.29,PF22976.3,PF28441.1,PF16367.12,PF28976.1,PF29326.1,PF05172.20,PF26250.1,PF11767.15	0.016,0.00019,5.3e-05,0.0084,4.3e-40,0.00019,4.7e-06,3.2e-08,0.011,0.00015,3.1e-05,2.4e-06,0.015
AC1KRZ_002871	AOBS82_9	1	1	1	1	1	0	0	0	1							
AC1KRZ_002872	AOBS82_9	1	1	0	0	0	0	0	0	0		HDA2-3,Helicase_C,Phage_T1_holin,SNF2-rel_dom,SSURE,ZGRF1-like_N	Pfam		HDA2-3,Helicase_C,Phage_T1_holin,SNF2-rel_dom,SSURE,ZGRF1-like_N	PF11496.15,PF00271.38,PF27028.1,PF00176.30,PF11966.14,PF10382.15	3.8e-09,5.7e-24,0.0069,1.8e-39,0.015,0.00016
AC1KRZ_002873	AOBS82_9	1	1	1	0	1	0	0	1	0							
AC1KRZ_002878	AOBS82_9	1	1	0	1	1	0	0	1	0							
AC1KRZ_002882	AOBS82_9	1	1	1	1	1	0	0	1	0							
AC1KRZ_002883	AOBS82_9	1	1	0	0	0	0	0	0	0		Beta-prop_RSE1_1st	Pfam		Beta-prop_RSE1_1st	PF10433.16	3.8e-14
AC1KRZ_002887	AOBS82_9	1	1	0	0	1	0	1	1	1							
AC1KRZ_002888	AOBS82_9	1	1	0	0	0	0	0	0	0		CO_dh,DXP_synthase_N,TPP_enzyme_C,TPP_enzyme_M,TPP_enzyme_N	Pfam		CO_dh,DXP_synthase_N,TPP_enzyme_C,TPP_enzyme_M,TPP_enzyme_N	PF02552.23,PF13292.12,PF02775.27,PF00205.29,PF02776.24	0.00021,0.014,3.1e-32,1.8e-36,9.8e-37
AC1KRZ_002889	AOBS82_9	1	1	1	1	1	0	1	1	1							
AC1KRZ_002890	AOBS82_9	1	1	0	0	0	0	0	0	0							
AC1KRZ_002891	AOBS82_9	1	1	0	0	0	0	0	0	0		AAA,AAA_14,AAA_16,AAA_17,AAA_18,AAA_19,AAA_2,AAA_22,AAA_24,AAA_25,AAA_28,AAA_3,AAA_33,AAA_5,AAA_7,AAA_lid_3,ATPase,bpMoxR,DUF815,IstB_IS21,Mg_chelatase,NACHT,nSTAND3,nSTAND6,nSTAND_NTPase5,Parvo_NS1,PEX6_4th,PEX6_N,Rad17,RNA_helicase,RuvB_N,TIP49,TsaE,Vps4_C	Pfam		AAA,AAA_14,AAA_16,AAA_17,AAA_18,AAA_19,AAA_2,AAA_22,AAA_24,AAA_25,AAA_28,AAA_3,AAA_33,AAA_5,AAA_7,AAA_lid_3,ATPase,bpMoxR,DUF815,IstB_IS21,Mg_chelatase,NACHT,nSTAND3,nSTAND6,nSTAND_NTPase5,Parvo_NS1,PEX6_4th,PEX6_N,Rad17,RNA_helicase,RuvB_N,TIP49,TsaE,Vps4_C	PF00004.36,PF13173.13,PF13191.13,PF13207.13,PF13238.13,PF13245.13,PF07724.21,PF13401.13,PF13479.13,PF13481.13,PF13521.13,PF07726.18,PF13671.13,PF07728.21,PF12775.14,PF17862.8,PF06745.20,PF20030.6,PF05673.20,PF01695.24,PF01078.28,PF05729.19,PF20720.4,PF25201.1,PF25199.2,PF01057.24,PF23315.2,PF23120.2,PF03215.22,PF00910.29,PF05496.19,PF06068.20,PF02367.24,PF09336.17	5.3e-62,0.0015,9.6e-07,0.006,0.015,0.0052,0.00045,0.00025,0.014,0.0037,0.0011,0.0086,0.01,2.2e-05,0.00093,3.3e-06,0.0037,0.0034,0.0088,0.0034,0.00078,0.0039,4.8e-05,0.0086,0.0041,0.00014,1.7e-16,0.0016,5.5e-05,8.7e-05,1.3e-05,0.00025,5.9e-06,0.00019
AC1KRZ_002895	AOBS82_9	1	1	1	1	1	0	1	0	1							
AC1KRZ_002898	AOBS82_9	1	1	1	1	1	0	1	1	1							
AC1KRZ_002899	AOBS82_9	1	1	1	0	1	0	0	1	1							
AC1KRZ_002906	AOBS82_9	1	1	0	0	0	0	0	0	0		DNA_pol_phi	Pfam		DNA_pol_phi	PF04931.19	0.02
AC1KRZ_002909	AOBS82_9	1	1	1	0	0	0	0	0	0							
AC1KRZ_002911	AOBS82_9	1	1	1	0	0	0	0	0	1							
AC1KRZ_002912	AOBS82_9	1	1	0	1	0	0	0	0	1							
AC1KRZ_002913	AOBS82_9	1	1	0	0	0	0	0	0	0		GreA_GreB,ILVD_EDD_N,ILV_EDD_C,PEP-utilizers_C	Pfam		GreA_GreB,ILVD_EDD_N,ILV_EDD_C,PEP-utilizers_C	PF01272.26,PF00920.28,PF24877.2,PF02896.25	0.0041,7.5e-96,5.8e-55,0.02
AC1KRZ_002914	AOBS82_9	1	1	0	0	0	0	0	1	0							
AC1KRZ_002915	AOBS82_9	1	1	0	0	0	0	0	0	0							
AC1KRZ_002919	AOBS82_9	1	1	1	1	1	0	0	0	1							
AC1KRZ_002921	AOBS82_9	1	1	0	0	0	0	0	0	0		Impact_N,NEJ1_C,Pam17	Pfam		Impact_N,NEJ1_C,Pam17	PF01205.26,PF29964.1,PF08566.16	3.7e-20,0.0078,0.00083
AC1KRZ_002926	AOBS82_9	1	1	0	0	0	0	0	0	0		ATG30_helical,COQ9	Pfam		ATG30_helical,COQ9	PF30211.1,PF08511.17	0.013,0.0049
AC1KRZ_002930	AOBS82_9	1	1	0	0	0	0	0	0	0		Nup35_RRM_2,RRM_1,RRM_11,RRM_3,RRM_7,RRM_PARP14_3	Pfam		Nup35_RRM_2,RRM_1,RRM_11,RRM_3,RRM_7,RRM_PARP14_3	PF14605.13,PF00076.29,PF28441.1,PF08777.18,PF16367.12,PF23085.2	0.0066,9.1e-33,0.0017,0.0056,9.8e-13,3.3e-06
AC1KRZ_002940	AOBS82_9	1	1	1	1	1	0	1	1	1							
AC1KRZ_002944	AOBS82_9	1	1	1	0	0	0	0	0	0							
AC1KRZ_002950	AOBS82_9	1	1	1	1	1	0	0	0	1							
AC1KRZ_002953	AOBS82_9	1	1	0	0	0	0	0	0	0		DEAD,Helicase_C	Pfam		DEAD,Helicase_C	PF00270.36,PF00271.38	0.0013,4.9e-15
AC1KRZ_002955	AOBS82_9	1	1	0	0	0	0	1	0	1							
AC1KRZ_002956	AOBS82_9	1	1	0	0	0	0	0	0	0		BolA,C2CH-3rd_BIRD-IDD,C2HC_ASCIZ,Zap1_zf1,zf-C2H2,zf-C2H2_11,zf-C2H2_4,zf-C2H2_6,zf-C2H2_ATbp_3rd,zf-C2H2_jaz,zf-C2H2_STOP2_C,zf-C2HE,zf-H2C2_2,zf-H2C2_5,Zn_ribbon_SprT	Pfam		BolA,C2CH-3rd_BIRD-IDD,C2HC_ASCIZ,Zap1_zf1,zf-C2H2,zf-C2H2_11,zf-C2H2_4,zf-C2H2_6,zf-C2H2_ATbp_3rd,zf-C2H2_jaz,zf-C2H2_STOP2_C,zf-C2HE,zf-H2C2_2,zf-H2C2_5,Zn_ribbon_SprT	PF01722.24,PF22995.3,PF24759.1,PF21816.4,PF00096.33,PF16622.12,PF13894.13,PF13912.13,PF30020.1,PF12171.15,PF23118.3,PF16278.12,PF13465.13,PF13909.13,PF17283.9	0.019,0.0016,0.025,0.0031,1.4e-10,0.0024,1e-08,0.0022,0.0031,0.022,0.011,0.033,1.2e-10,2.9,1.6
AC1KRZ_002963	AOBS82_9	1	1	1	0	1	0	1	1	0							
AC1KRZ_002967	AOBS82_9	1	1	0	0	0	0	0	0	0		DUF7553,Fasciclin,Nlp-28-30	Pfam		DUF7553,Fasciclin,Nlp-28-30	PF24430.2,PF02469.28,PF30535.1	0.017,6.9e-40,0.04
AC1KRZ_002971	AOBS82_9	1	1	0	0	0	0	0	0	0		Bromodomain,EPL1,Myc_N,PHD,PHD-1st_NSD,PHD_2,Prok-RING_1,SLX1_C,zf-HC5HC2H,zf-HC5HC2H_2,zf-RING-like	Pfam		Bromodomain,EPL1,Myc_N,PHD,PHD-1st_NSD,PHD_2,Prok-RING_1,SLX1_C,zf-HC5HC2H,zf-HC5HC2H_2,zf-RING-like	PF00439.31,PF10513.15,PF01056.24,PF00628.36,PF23011.3,PF13831.13,PF14446.13,PF21202.4,PF13771.13,PF13832.13,PF08746.18	1.4e-16,1.3e-18,5.9e-07,5.1e-09,0.00018,1.2e-15,0.0016,0.51,3.4e-23,1.1e-32,0.084
AC1KRZ_002972	AOBS82_9	1	1	0	1	0	0	0	0	1							
AC1KRZ_002973	AOBS82_9	1	1	0	0	0	0	1	0	0							
AC1KRZ_002976	AOBS82_9	1	1	0	0	0	0	0	1	0							
AC1KRZ_002979	AOBS82_9	1	1	0	0	0	0	0	0	0		ANAPC2,Cullin_AB,FBO_C,TPR_ANAPC2	Pfam		ANAPC2,Cullin_AB,FBO_C,TPR_ANAPC2	PF08672.18,PF26557.1,PF19270.5,PF25773.2	4.2e-23,1.3e-13,2.1e-23,3e-40
AC1KRZ_002980	AOBS82_9	1	1	0	0	0	0	0	0	0		Rcr1-2	Pfam		Rcr1-2	PF12273.14	1.2e-06
AC1KRZ_002981	AOBS82_9	1	1	0	1	0	0	0	0	0							
AC1KRZ_002997	AOBS82_9	1	1	0	0	0	0	0	0	0		Glyco_hydro81C,Glyco_hydro_81	Pfam		Glyco_hydro81C,Glyco_hydro_81	PF17652.8,PF03639.20	2.2e-78,1.1e-71
AC1KRZ_002999	AOBS82_9	1	1	1	1	1	0	1	1	1							
AC1KRZ_003004	AOBS82_9	1	1	0	0	0	0	0	0	0		Anticodon_1,Ribosomal_TL5_C,tRNA-synt_1,tRNA-synt_1b,tRNA-synt_1c,tRNA-synt_1e,tRNA-synt_1g,tRNA-synt_1_2	Pfam		Anticodon_1,Ribosomal_TL5_C,tRNA-synt_1,tRNA-synt_1b,tRNA-synt_1c,tRNA-synt_1e,tRNA-synt_1g,tRNA-synt_1_2	PF08264.20,PF14693.12,PF00133.29,PF00579.32,PF00749.28,PF01406.26,PF09334.18,PF13603.13	6.1e-20,0.0045,6e-121,0.0028,0.0013,0.00011,2.2e-16,2.8e-10
AC1KRZ_003006	AOBS82_9	1	1	1	1	1	0	1	1	1							
AC1KRZ_003007	AOBS82_9	1	1	0	0	0	0	0	0	0		AAA_16,AAA_19,AAA_22,ABC_tran,DEAD,HA2_C,Helicase_C,INTS1_R4,nSTAND3,nSTAND_NTPase5,OB_NTP_bind,RsgA_GTPase,T2SSE,TEX15,WHD_HA2	Pfam		AAA_16,AAA_19,AAA_22,ABC_tran,DEAD,HA2_C,Helicase_C,INTS1_R4,nSTAND3,nSTAND_NTPase5,OB_NTP_bind,RsgA_GTPase,T2SSE,TEX15,WHD_HA2	PF13191.13,PF13245.13,PF13401.13,PF00005.34,PF00270.36,PF21010.3,PF00271.38,PF22928.3,PF20720.4,PF25199.2,PF07717.23,PF03193.23,PF00437.27,PF15326.12,PF04408.30	0.023,0.0063,2.9e-07,9.5e-06,3e-08,7.6e-13,4.8e-12,0.045,0.00065,0.012,2.1e-11,0.0013,0.0024,0.0017,1.4e-11
AC1KRZ_003008	AOBS82_9	1	1	0	0	0	0	0	0	0		Actin,MreB_Mbl,PilM_2	Pfam		Actin,MreB_Mbl,PilM_2	PF00022.27,PF06723.20,PF11104.15	1.9e-139,3.1e-07,0.017
AC1KRZ_003010	AOBS82_9	1	1	0	0	0	0	0	1	0							
AC1KRZ_003012	AOBS82_9	1	1	0	0	0	0	0	0	0		Fungal_trans,Fungal_trans_2,GTP_EFTU,GTP_EFTU_D2,MMR_HSR1,RsgA_GTPase	Pfam		Fungal_trans,Fungal_trans_2,GTP_EFTU,GTP_EFTU_D2,MMR_HSR1,RsgA_GTPase	PF04082.24,PF11951.14,PF00009.34,PF03144.32,PF01926.30,PF03193.23	1.5e-16,0.0024,1.9e-09,0.0037,0.011,0.0074
AC1KRZ_003017	AOBS82_9	1	1	1	1	1	0	1	0	1							
AC1KRZ_003020	AOBS82_9	1	1	0	0	0	0	0	0	0		DREV,Methyltransf_11,Methyltransf_12,Methyltransf_23,Methyltransf_25,Methyltransf_31,Methyltransf_9,MTS,RrnaAD	Pfam		DREV,Methyltransf_11,Methyltransf_12,Methyltransf_23,Methyltransf_25,Methyltransf_31,Methyltransf_9,MTS,RrnaAD	PF05219.18,PF08241.19,PF08242.19,PF13489.13,PF13649.13,PF13847.13,PF08003.18,PF05175.21,PF00398.27	0.0071,1e-13,2.2e-11,9.3e-06,1.9e-11,1.1e-05,0.00073,0.0012,6.2e-05
AC1KRZ_003028	AOBS82_9	1	1	0	0	0	0	0	0	0		ABC1,APH,Choline_kinase,Kdo,Pkinase,Pkinase_fungal,PK_Tyr_Ser-Thr	Pfam		ABC1,APH,Choline_kinase,Kdo,Pkinase,Pkinase_fungal,PK_Tyr_Ser-Thr	PF03109.23,PF01636.30,PF01633.27,PF06293.21,PF00069.32,PF17667.8,PF07714.24	2.5e-05,1.1e-08,0.0021,0.0023,6.2e-54,7.5e-05,1.1e-18
AC1KRZ_003030	AOBS82_9	1	1	0	0	0	0	0	0	0							
AC1KRZ_003031	AOBS82_9	1	1	0	0	0	0	1	0	0							
AC1KRZ_003032	AOBS82_9	1	1	0	0	0	0	0	0	0		AF_1314_N,AlaDh_PNT_C,Amino_oxidase,Cyt-b5,DAO,FAD_binding_2,FAD_binding_3,FAD_oxidored,GIDA,HI0933_like,NAD_binding_8,NAD_binding_9,Pyr_redox,Pyr_redox_2,Pyr_redox_3,Thi4	Pfam		AF_1314_N,AlaDh_PNT_C,Amino_oxidase,Cyt-b5,DAO,FAD_binding_2,FAD_binding_3,FAD_oxidored,GIDA,HI0933_like,NAD_binding_8,NAD_binding_9,Pyr_redox,Pyr_redox_2,Pyr_redox_3,Thi4	PF29717.1,PF01262.28,PF01593.31,PF00173.34,PF01266.31,PF00890.31,PF01494.26,PF12831.14,PF01134.29,PF03486.21,PF13450.13,PF13454.13,PF00070.34,PF07992.21,PF13738.13,PF01946.24	0.015,0.0046,0.00057,1.9e-21,5.3e-15,3e-74,0.00025,2.3e-11,1.7e-05,1.3e-12,1.1e-09,0.006,8.8e-05,1.2e-07,7.2e-05,8.5e-06
AC1KRZ_003034	AOBS82_9	1	1	0	0	0	0	0	0	0		Phosphodiest,SGSH_C,Sulfatase	Pfam		Phosphodiest,SGSH_C,Sulfatase	PF01663.28,PF16347.11,PF00884.29	0.00013,8.2e-08,2.4e-38
AC1KRZ_003035	AOBS82_9	1	1	0	0	0	0	0	0	0		Fungal_trans	Pfam		Fungal_trans	PF04082.24	8.1e-19
AC1KRZ_003036	AOBS82_9	1	1	1	0	0	0	0	0	1							
AC1KRZ_003040	AOBS82_9	1	1	0	0	0	0	0	0	0		DUF229,Phosphodiest,SGSH_C,Sulfatase,Sulfatase_C	Pfam		DUF229,Phosphodiest,SGSH_C,Sulfatase,Sulfatase_C	PF02995.23,PF01663.28,PF16347.11,PF00884.29,PF14707.12	0.0041,2.1e-06,6.8e-11,3.4e-61,0.00033
AC1KRZ_003044	AOBS82_9	1	1	1	0	0	0	0	0	0							
AC1KRZ_003045	AOBS82_9	1	1	1	0	0	0	0	0	0							
AC1KRZ_003047	AOBS82_9	1	1	1	1	1	0	1	0	1							
AC1KRZ_003048	AOBS82_9	1	1	1	1	1	0	1	1	1							
AC1KRZ_003050	AOBS82_9	1	1	0	0	0	0	0	0	0		AAA,AAA_16,AAA_21,AAA_22,AAA_23,AAA_25,AAA_28,AAA_29,AAA_30,ABC_ATPase,ABC_tran,ABC_tran_Xtn,ATG38_C,CATSPERD-E_C,DAP3,MMR_HSR1,NACHT,NB-ARC,nSTAND3,nSTAND6,nSTAND_NTPase5,RsgA_GTPase,SMC_N	Pfam		AAA,AAA_16,AAA_21,AAA_22,AAA_23,AAA_25,AAA_28,AAA_29,AAA_30,ABC_ATPase,ABC_tran,ABC_tran_Xtn,ATG38_C,CATSPERD-E_C,DAP3,MMR_HSR1,NACHT,NB-ARC,nSTAND3,nSTAND6,nSTAND_NTPase5,RsgA_GTPase,SMC_N	PF00004.36,PF13191.13,PF13304.13,PF13401.13,PF13476.13,PF13481.13,PF13521.13,PF13555.13,PF13604.13,PF09818.16,PF00005.34,PF12848.14,PF29379.1,PF22850.2,PF10236.16,PF01926.30,PF05729.19,PF00931.29,PF20720.4,PF25201.1,PF25199.2,PF03193.23,PF02463.26	0.00044,6.2e-07,6e-10,1.1e-05,2.4e-07,0.0093,8e-05,3.9e-07,0.00017,0.0012,8.7e-41,6e-07,0.0095,0.009,0.0012,0.0002,0.00097,0.0075,0.099,0.0011,0.0036,5.3e-06,5.2e-12
AC1KRZ_003056	AOBS82_9	1	1	0	0	0	0	0	0	0		LSM	Pfam		LSM	PF01423.29	9.9e-22
AC1KRZ_003058	AOBS82_9	1	1	1	1	1	0	0	1	1							
AC1KRZ_003059	AOBS82_9	1	1	1	1	1	0	0	0	1							
AC1KRZ_003060	AOBS82_9	1	1	0	0	0	0	0	0	0		DUF4754,RabGAP-TBC	Pfam		DUF4754,RabGAP-TBC	PF15946.11,PF00566.26	0.007,1.2e-09
AC1KRZ_003065	AOBS82_9	1	1	0	0	0	0	0	0	0		BUD22,DDHD,DUF8028,Flavoprotein,GlpR,Hid1,KOKOPELLI,Macoilin,MTA_R1,NAD_binding_7,PAP1,PhiKZ_gp35,RRM_1,RRM_11,TP_0598_N	Pfam		BUD22,DDHD,DUF8028,Flavoprotein,GlpR,Hid1,KOKOPELLI,Macoilin,MTA_R1,NAD_binding_7,PAP1,PhiKZ_gp35,RRM_1,RRM_11,TP_0598_N	PF09073.16,PF02862.23,PF26071.1,PF02441.26,PF28211.1,PF12722.13,PF28834.1,PF09726.15,PF17226.8,PF13241.13,PF08601.16,PF25616.2,PF00076.29,PF28441.1,PF29788.1	7.6,5.6,0.06,7.5e-55,2.1,8,0.44,0.77,0.00095,0.011,0.22,4.4,7.5e-24,2.9e-08,0.18
AC1KRZ_003067	AOBS82_9	1	1	1	1	1	0	0	0	1							
AC1KRZ_003068	AOBS82_9	1	1	0	0	0	0	0	0	0		ANM3_C2H2_Zf,NAM-associated,WetA_C	Pfam		ANM3_C2H2_Zf,NAM-associated,WetA_C	PF21137.4,PF14303.13,PF28419.1	0.0026,0.051,1.4e-06
AC1KRZ_003072	AOBS82_9	1	1	0	0	0	0	0	0	0		Ciart,PAP1,PGA28-like_dom,RIFIN,S100PBPR	Pfam		Ciart,PAP1,PGA28-like_dom,RIFIN,S100PBPR	PF15673.11,PF08601.16,PF29052.1,PF02009.22,PF15427.12	5.4,3.7,0.28,1.4,0.2
AC1KRZ_003073	AOBS82_9	1	1	1	1	1	0	1	1	1							
AC1KRZ_003078	AOBS82_9	1	1	0	0	0	0	0	0	0							
AC1KRZ_003079	AOBS82_9	1	1	0	0	0	0	0	0	0		C8orf90,FHA,RPA43_OB	Pfam		C8orf90,FHA,RPA43_OB	PF29333.1,PF00498.32,PF17875.8	0.014,2.1e-07,0.02
AC1KRZ_003080	AOBS82_9	1	1	1	1	1	0	1	1	1							
AC1KRZ_003082	AOBS82_9	1	1	1	1	1	0	0	0	1							
AC1KRZ_003083	AOBS82_9	1	1	1	0	0	0	0	0	0							
AC1KRZ_003086	AOBS82_9	1	1	1	0	0	0	0	0	1							
AC1KRZ_003089	AOBS82_9	1	1	0	0	0	0	0	0	0		Abhydrolase_1,Abhydrolase_5,Abhydrolase_6,AGAO-like_N2,Hydrolase_4,Peptidase_S15	Pfam		Abhydrolase_1,Abhydrolase_5,Abhydrolase_6,AGAO-like_N2,Hydrolase_4,Peptidase_S15	PF00561.27,PF12695.14,PF12697.14,PF21994.2,PF12146.16,PF02129.25	2.4e-17,0.015,0.00012,0.011,2.5e-07,0.00027
AC1KRZ_003090	AOBS82_9	1	1	0	0	0	0	0	0	0		PTR2	Pfam		PTR2	PF00854.28	3e-85
AC1KRZ_003091	AOBS82_9	1	1	1	1	0	0	0	0	1							
AC1KRZ_003092	AOBS82_9	1	1	1	1	0	0	0	0	1							
AC1KRZ_003093	AOBS82_9	1	1	0	0	0	0	0	0	0		TauD	Pfam		TauD	PF02668.23	1.6e-46
AC1KRZ_003095	AOBS82_9	1	1	0	0	0	0	0	0	0		MFS_1,Sugar_tr,YrvL	Pfam		MFS_1,Sugar_tr,YrvL	PF07690.22,PF00083.31,PF14184.12	3.1e-17,3.2e-88,0.038
AC1KRZ_003100	AOBS82_9	1	1	0	0	0	0	0	0	0		Hva1_TUDOR	Pfam		Hva1_TUDOR	PF11160.14	5.3e-15
AC1KRZ_003103	AOBS82_9	1	1	0	0	0	0	0	0	0		Acetyltransf_1,Acetyltransf_10,Acetyltransf_6,Acetyltransf_7,Acetyltransf_9,Acetyltransf_CG,FeeM,FR47	Pfam		Acetyltransf_1,Acetyltransf_10,Acetyltransf_6,Acetyltransf_7,Acetyltransf_9,Acetyltransf_CG,FeeM,FR47	PF00583.32,PF13673.14,PF13480.14,PF13508.14,PF13527.14,PF14542.13,PF21926.3,PF08445.17	5.5e-15,4.9e-15,0.001,5.2e-14,5e-05,2.8e-06,0.017,0.0039
AC1KRZ_003108	AOBS82_9	1	1	1	0	1	0	1	0	1							
AC1KRZ_003113	AOBS82_9	1	1	0	0	0	0	0	0	0		AA_permease,Glug,Small_Trp_rich	Pfam		AA_permease,Glug,Small_Trp_rich	PF00324.28,PF07581.18,PF27910.1	1.6e-67,0.089,0.93
AC1KRZ_003114	AOBS82_9	1	1	0	0	1	0	1	1	1							
AC1KRZ_003115	AOBS82_9	1	1	0	0	0	0	0	0	0		Arf,DO-GTPase2,G-alpha,GTP_EFTU,Gtr1_RagA,MMR_HSR1,Ras,Roc,SRPRB	Pfam		Arf,DO-GTPase2,G-alpha,GTP_EFTU,Gtr1_RagA,MMR_HSR1,Ras,Roc,SRPRB	PF00025.28,PF19993.6,PF00503.27,PF00009.34,PF04670.19,PF01926.30,PF00071.29,PF08477.20,PF09439.17	2.4e-44,0.019,4.5e-11,2.7e-09,5.3e-07,7.8e-06,1.9e-13,1.4e-11,7.3e-10
AC1KRZ_003116	AOBS82_9	1	1	0	0	0	0	0	0	0							
AC1KRZ_003120	AOBS82_9	1	1	0	0	0	0	0	0	0		BcGHD,DUF2264_C	Pfam		BcGHD,DUF2264_C	PF10022.16,PF20938.4	3.3e-127,9.5e-48
AC1KRZ_003123	AOBS82_9	1	1	1	1	1	0	0	0	1							
AC1KRZ_003125	AOBS82_9	1	1	0	1	1	0	0	1	1							
AC1KRZ_003128	AOBS82_9	1	1	0	0	0	0	0	0	0		FAT,HEAT_ATR,PI3_PI4_kinase,Rnk_N,SUKH-4	Pfam		FAT,HEAT_ATR,PI3_PI4_kinase,Rnk_N,SUKH-4	PF02259.30,PF23593.2,PF00454.34,PF14760.12,PF14435.12	0.0013,0.00031,8.3e-38,0.011,0.0055
AC1KRZ_003133	AOBS82_9	1	1	1	1	1	0	1	1	1							
AC1KRZ_003134	AOBS82_9	1	1	0	0	0	0	0	0	0		Cullin,Cullin_AB,Cullin_Nedd8,DUF7049,NSRP1_N,Phenol_monoox	Pfam		Cullin,Cullin_AB,Cullin_Nedd8,DUF7049,NSRP1_N,Phenol_monoox	PF00888.30,PF26557.1,PF10557.16,PF23132.3,PF09745.15,PF04663.20	1.6e-125,7.2e-42,5.1e-24,0.017,1.1,0.0029
AC1KRZ_003142	AOBS82_9	1	1	0	0	0	0	0	0	0		Ams2-SPT21_N,GATA,SAGA-Tad1,Zn_ribbon_9	Pfam		Ams2-SPT21_N,GATA,SAGA-Tad1,Zn_ribbon_9	PF25823.2,PF00320.34,PF12767.13,PF02591.21	3.6e-43,0.00012,0.85,0.0078
AC1KRZ_003144	AOBS82_9	1	1	0	0	0	0	1	0	0							
AC1KRZ_003148	AOBS82_9	1	1	0	1	0	0	0	0	0							
AC1KRZ_003154	AOBS82_9	1	1	0	0	0	0	0	0	0		CDI,CEP162_coil_mid,DUF7179,Fzo_mitofusin,GAS,LSU,RhoGAP,Sec10_N,Seryl_tRNA_N	Pfam		CDI,CEP162_coil_mid,DUF7179,Fzo_mitofusin,GAS,LSU,RhoGAP,Sec10_N,Seryl_tRNA_N	PF02234.25,PF27944.1,PF23804.2,PF04799.19,PF13851.12,PF24980.2,PF00620.33,PF20667.4,PF02403.28	0.02,0.95,0.002,0.23,0.083,0.012,2.7e-15,0.0025,0.018
AC1KRZ_003159	AOBS82_9	1	1	1	1	1	0	1	0	1							
AC1KRZ_003160	AOBS82_9	1	1	0	0	0	0	0	1	0							
AC1KRZ_003162	AOBS82_9	1	1	0	0	0	0	0	0	0		Fusion_gly	Pfam		Fusion_gly	PF00523.24	0.0031
AC1KRZ_003164	AOBS82_9	1	1	1	1	1	0	1	1	1							
AC1KRZ_003167	AOBS82_9	1	1	1	1	1	0	0	0	1							
AC1KRZ_003169	AOBS82_9	1	1	0	0	0	0	0	0	0		EF-G_D2,EFG_C,EFG_III,EFG_IV,EFL1,GTP_EFTU,GTP_EFTU_D2	Pfam		EF-G_D2,EFG_C,EFG_III,EFG_IV,EFL1,GTP_EFTU,GTP_EFTU_D2	PF22042.3,PF00679.31,PF14492.13,PF03764.25,PF25118.2,PF00009.34,PF03144.32	4.5e-05,2e-15,3.8e-08,0.0011,3.6e-07,1.2e-28,9.3e-06
AC1KRZ_003170	AOBS82_9	1	1	0	0	0	0	0	0	0		AAA_15,AAA_16,AAA_21,Dynamin_M,Dynamin_N,LIS_MGM1,MMR_HSR1,PduV-EutP	Pfam		AAA_15,AAA_16,AAA_21,Dynamin_M,Dynamin_N,LIS_MGM1,MMR_HSR1,PduV-EutP	PF13175.13,PF13191.13,PF13304.13,PF01031.26,PF00350.30,PF24550.2,PF01926.30,PF10662.16	0.0068,0.0035,0.004,4.8e-15,1.7e-46,1.9e-20,1e-05,0.0084
AC1KRZ_003173	AOBS82_9	1	1	0	0	0	0	0	0	0		ABC1,APH,Choline_kinase,Pkinase,Pkinase_fungal,PK_Tyr_Ser-Thr,UL97,VP1-like_C,YrbL-PhoP_reg	Pfam		ABC1,APH,Choline_kinase,Pkinase,Pkinase_fungal,PK_Tyr_Ser-Thr,UL97,VP1-like_C,YrbL-PhoP_reg	PF03109.23,PF01636.30,PF01633.27,PF00069.32,PF17667.8,PF07714.24,PF06734.20,PF21416.3,PF10707.16	0.0014,3.2e-05,0.00091,1.1e-41,0.00064,1.9e-26,1.1e-06,0.011,0.0043
AC1KRZ_003179	AOBS82_9	1	1	1	1	1	0	1	1	1							
AC1KRZ_003183	AOBS82_9	1	1	0	0	0	0	0	0	0		Dabb,FAD_binding_1,Flavodoxin_1,Flavodoxin_3,NAD_binding_1	Pfam		Dabb,FAD_binding_1,Flavodoxin_1,Flavodoxin_3,NAD_binding_1	PF07876.19,PF00667.27,PF00258.31,PF12641.13,PF00175.27	4.9e-15,3.1e-32,1.4e-26,1.7e-05,2.6e-12
AC1KRZ_003184	AOBS82_9	1	1	0	0	0	0	0	1	0							
AC1KRZ_003186	AOBS82_9	1	1	1	1	1	0	1	1	0							
AC1KRZ_003189	AOBS82_9	1	1	1	1	1	0	1	1	1							
AC1KRZ_003190	AOBS82_9	1	1	1	0	1	0	1	1	1							
AC1KRZ_003204	AOBS82_9	1	1	0	0	0	0	0	0	0		DUF5127,GtaA_6_Hairpin	Pfam		DUF5127,GtaA_6_Hairpin	PF17168.11,PF16335.11	4.8e-17,1.2e-126
AC1KRZ_003205	AOBS82_9	1	1	1	1	1	0	0	1	0							
AC1KRZ_003207	AOBS82_9	1	1	0	0	0	0	0	0	0		RRG8	Pfam		RRG8	PF17068.12	2.8e-08
AC1KRZ_003210	AOBS82_9	1	1	0	0	0	0	1	0	0							
AC1KRZ_003212	AOBS82_9	1	1	0	0	0	0	0	0	0		DUF421,Polyoma_coat	Pfam		DUF421,Polyoma_coat	PF04239.18,PF00718.29	2.1e-11,0.015
AC1KRZ_003213	AOBS82_9	1	1	1	1	0	0	0	1	0							
AC1KRZ_003214	AOBS82_9	1	1	0	0	0	0	0	0	0		DUF7268,Na_H_Exchanger,YddC,YrhC	Pfam		DUF7268,Na_H_Exchanger,YddC,YrhC	PF23930.2,PF00999.27,PF29813.1,PF14143.12	0.017,2.6e-45,0.19,0.02
AC1KRZ_003215	AOBS82_9	1	1	0	0	0	0	0	0	0		Fungal_trans	Pfam		Fungal_trans	PF04082.24	5.4e-14
AC1KRZ_003216	AOBS82_9	1	1	0	0	0	0	0	0	0		WAR1_C	Pfam		WAR1_C	PF29050.1	4.4e-05
AC1KRZ_003217	AOBS82_9	1	1	0	0	0	0	0	0	0		WAR1_C,Zn_clus	Pfam		WAR1_C,Zn_clus	PF29050.1,PF00172.24	8e-05,1.5e-07
AC1KRZ_003218	AOBS82_9	1	1	0	0	0	0	0	0	0		WAR1_C,Zn_clus	Pfam		WAR1_C,Zn_clus	PF29050.1,PF00172.24	0.00073,0.0002
AC1KRZ_003219	AOBS82_9	1	1	0	0	0	0	0	0	0		Rota_NS53,WAR1_C,Zn_clus	Pfam		Rota_NS53,WAR1_C,Zn_clus	PF00981.23,PF29050.1,PF00172.24	0.0064,4.9e-07,1.6e-07
AC1KRZ_003220	AOBS82_9	1	1	0	0	0	0	0	0	0		DUF8432,MFS_1,Sugar_tr,TRI12	Pfam		DUF8432,MFS_1,Sugar_tr,TRI12	PF28536.1,PF07690.22,PF00083.31,PF06609.19	0.014,4.3e-26,3.6e-10,1.4e-14
AC1KRZ_003222	AOBS82_9	1	1	1	1	1	0	1	1	1							
AC1KRZ_003224	AOBS82_9	1	1	1	1	0	0	0	0	1							
AC1KRZ_003226	AOBS82_9	1	1	0	0	0	0	0	0	0		adh_short,adh_short_C2,DUF1776,Epimerase,KR,Methyltransf_12,SDR	Pfam		adh_short,adh_short_C2,DUF1776,Epimerase,KR,Methyltransf_12,SDR	PF00106.32,PF13561.13,PF08643.17,PF01370.28,PF08659.17,PF08242.19,PF23441.1	1.8e-52,6.4e-56,0.00013,0.0014,2e-12,0.0088,5.8e-08
AC1KRZ_003227	AOBS82_9	1	1	1	1	1	0	1	0	0							
AC1KRZ_003231	AOBS82_9	1	1	0	0	0	0	0	0	0							
AC1KRZ_003235	AOBS82_9	1	1	0	0	0	0	0	0	0		API5	Pfam		API5	PF05918.18	0.044
AC1KRZ_003237	AOBS82_9	1	1	1	1	1	0	1	1	1							
AC1KRZ_003241	AOBS82_9	1	1	1	1	1	0	1	1	1							
AC1KRZ_003244	AOBS82_9	1	1	1	1	1	0	0	0	0							
AC1KRZ_003246	AOBS82_9	1	1	0	0	0	0	0	0	0		DUF1295,ERG4_ERG24,ICMT,SGBP_N,Stb3	Pfam		DUF1295,ERG4_ERG24,ICMT,SGBP_N,Stb3	PF06966.18,PF01222.23,PF04140.20,PF29074.1,PF10330.15	9e-05,1.8e-114,0.0012,1.1,3.5e-19
AC1KRZ_003249	AOBS82_9	1	1	0	0	0	0	1	0	0							
AC1KRZ_003251	AOBS82_9	1	1	0	1	0	0	1	0	1							
AC1KRZ_003253	AOBS82_9	1	1	1	1	1	0	1	1	1							
AC1KRZ_003254	AOBS82_9	1	1	1	1	1	0	1	1	1							
AC1KRZ_003255	AOBS82_9	1	1	1	1	1	0	1	1	1							
AC1KRZ_003260	AOBS82_9	1	1	0	0	1	0	0	0	1							
AC1KRZ_003261	AOBS82_9	1	1	0	0	0	0	0	0	0		Beta-prop_EIPR1,Beta-prop_EML_2,Beta-prop_IFT122_1st,Beta-prop_RIG_2nd,Beta-prop_TEP1_2nd,Beta-prop_THOC3,Beta-prop_WDR3_1st,Beta-prop_WDR5,DNAI3_WD,DSE1_N,MIOS_a-sol,WD40,WD40_CDC20-Fz,WD40_Prp19	Pfam		Beta-prop_EIPR1,Beta-prop_EML_2,Beta-prop_IFT122_1st,Beta-prop_RIG_2nd,Beta-prop_TEP1_2nd,Beta-prop_THOC3,Beta-prop_WDR3_1st,Beta-prop_WDR5,DNAI3_WD,DSE1_N,MIOS_a-sol,WD40,WD40_CDC20-Fz,WD40_Prp19	PF23609.2,PF23414.2,PF23381.2,PF23775.2,PF25047.1,PF25174.2,PF25173.2,PF25175.2,PF28639.1,PF29037.1,PF21719.4,PF00400.39,PF24807.2,PF24814.2	0.01,0.00091,0.00016,3.2e-06,0.00013,2.8e-08,1.6e-08,2.4e-07,1.2e-06,0.00049,2.3e-20,1.6e-06,3.9e-06,0.00068
AC1KRZ_003262	AOBS82_9	1	1	1	1	1	0	1	1	1							
AC1KRZ_003265	AOBS82_9	1	1	0	0	0	0	0	0	0		Phage_TTP_14	Pfam		Phage_TTP_14	PF23806.2	0.0075
AC1KRZ_003269	AOBS82_9	1	1	1	0	0	0	0	0	0							
AC1KRZ_003270	AOBS82_9	1	1	0	0	0	0	0	0	0		Glutaredoxin,Stu2_CTS,Thioredoxin_2,TraF	Pfam		Glutaredoxin,Stu2_CTS,Thioredoxin_2,TraF	PF00462.31,PF21042.3,PF13098.14,PF13728.13	7.5e-16,0.049,0.00098,0.0045
AC1KRZ_003272	AOBS82_9	1	1	1	1	1	0	0	0	1							
AC1KRZ_003274	AOBS82_9	1	1	1	1	1	0	0	1	1							
AC1KRZ_003275	AOBS82_9	1	1	0	1	0	0	0	0	0							
AC1KRZ_003276	AOBS82_9	1	1	1	1	1	0	0	1	1							
AC1KRZ_003278	AOBS82_9	1	1	0	0	0	0	0	0	0		DUF4727,MutS_I,MutS_II,MutS_III	Pfam		DUF4727,MutS_I,MutS_II,MutS_III	PF15856.12,PF01624.26,PF05188.24,PF05192.24	0.012,1.9e-16,7.9e-10,1.1e-28
AC1KRZ_003284	AOBS82_9	1	1	0	0	0	0	0	0	0		Aminotran_1_2,Cys_Met_Meta_PP	Pfam		Aminotran_1_2,Cys_Met_Meta_PP	PF00155.28,PF01053.27	7.1e-24,0.0013
AC1KRZ_003285	AOBS82_9	1	1	0	0	0	0	0	1	0							
AC1KRZ_003286	AOBS82_9	1	1	0	0	0	0	0	0	0		Transposase_1	Pfam		Transposase_1	PF01359.25	0.001
AC1KRZ_003287	AOBS82_9	1	1	0	0	0	0	0	0	0		DUF2070,DUF6057,DUF805,Herpes_LMP1,Holin_BlyA,MARVEL,OppC_N,WTF	Pfam		DUF2070,DUF6057,DUF805,Herpes_LMP1,Holin_BlyA,MARVEL,OppC_N,WTF	PF09843.15,PF19529.5,PF05656.21,PF05297.17,PF05102.17,PF01284.29,PF12911.13,PF03303.19	7.5,1.1,6.1,9.2,0.025,0.007,0.13,8.1
AC1KRZ_003290	AOBS82_9	1	1	0	0	0	0	0	0	0		ArgoL1,ArgoL2,ArgoMid,ArgoN,PAZ,Piwi	Pfam		ArgoL1,ArgoL2,ArgoMid,ArgoN,PAZ,Piwi	PF08699.16,PF16488.11,PF16487.11,PF16486.12,PF02170.29,PF02171.24	1e-13,3.2e-13,7.1e-11,3.7e-11,4.9e-16,1.5e-79
AC1KRZ_003293	AOBS82_9	1	1	1	1	1	0	0	0	1							
AC1KRZ_003294	AOBS82_9	1	1	0	0	0	0	0	0	0		ApbA,DAO,FAD_binding_2,FAD_binding_3,FAD_oxidored,GIDA,GMC_oxred_C,GMC_oxred_N,HI0933_like,NAD_binding_8,Pyr_redox_2,Pyr_redox_3,Thi4,ThiF	Pfam		ApbA,DAO,FAD_binding_2,FAD_binding_3,FAD_oxidored,GIDA,GMC_oxred_C,GMC_oxred_N,HI0933_like,NAD_binding_8,Pyr_redox_2,Pyr_redox_3,Thi4,ThiF	PF02558.23,PF01266.31,PF00890.31,PF01494.26,PF12831.14,PF01134.29,PF05199.20,PF00732.26,PF03486.21,PF13450.13,PF07992.21,PF13738.13,PF01946.24,PF00899.28	0.0012,3.7e-09,1.1e-12,2.1e-05,2.9e-06,0.00015,1e-27,1.1e-55,1.9e-05,4.1e-07,6.8e-08,0.02,3.4e-05,0.011
AC1KRZ_003301	AOBS82_9	1	1	0	0	0	0	0	0	0		AAA,AAA_11,AAA_14,AAA_16,AAA_18,AAA_2,AAA_22,AAA_25,AAA_28,AAA_33,AAA_5,AAA_lid_3,ATAD2_C,Bromodomain,IstB_IS21,Mg_chelatase,NACHT,NB-ARC,NPHP3_N,nSTAND3,nSTAND_NTPase5,Parvo_NS1,RNA_helicase,RuvB_N,Sigma54_activat,TIP49,Torsin	Pfam		AAA,AAA_11,AAA_14,AAA_16,AAA_18,AAA_2,AAA_22,AAA_25,AAA_28,AAA_33,AAA_5,AAA_lid_3,ATAD2_C,Bromodomain,IstB_IS21,Mg_chelatase,NACHT,NB-ARC,NPHP3_N,nSTAND3,nSTAND_NTPase5,Parvo_NS1,RNA_helicase,RuvB_N,Sigma54_activat,TIP49,Torsin	PF00004.36,PF13086.13,PF13173.13,PF13191.13,PF13238.13,PF07724.21,PF13401.13,PF13481.13,PF13521.13,PF13671.13,PF07728.21,PF17862.8,PF31015.1,PF00439.31,PF01695.24,PF01078.28,PF05729.19,PF00931.29,PF24883.3,PF20720.4,PF25199.2,PF01057.24,PF00910.29,PF05496.19,PF00158.33,PF06068.20,PF06309.18	1.5e-50,0.059,0.011,1.9e-07,0.0023,2.3e-06,1.5e-05,0.0016,0.00046,0.0062,1.2e-05,8.4e-12,2.9e-10,3.4e-05,7.9e-05,0.001,0.00081,0.00022,1.1e-06,1.8e-05,0.013,0.0022,5.9e-05,0.0012,0.0043,0.0051,0.0096
AC1KRZ_003303	AOBS82_9	1	1	0	0	0	0	1	0	0							
AC1KRZ_003304	AOBS82_9	1	1	1	1	1	0	1	0	1							
AC1KRZ_003305	AOBS82_9	1	1	1	0	1	0	0	1	0							
AC1KRZ_003306	AOBS82_9	1	1	0	0	0	0	0	0	0		Arabinose_Iso_C,AvrPtoB_bdg,DUF4226,EF-G_D2,EFG_C,EFG_III,EFG_IV,GTP_EFTU,GTP_EFTU_D2,MMR_HSR1,RF3_C	Pfam		Arabinose_Iso_C,AvrPtoB_bdg,DUF4226,EF-G_D2,EFG_C,EFG_III,EFG_IV,GTP_EFTU,GTP_EFTU_D2,MMR_HSR1,RF3_C	PF11762.15,PF16847.11,PF10774.16,PF22042.3,PF00679.31,PF14492.13,PF03764.25,PF00009.34,PF03144.32,PF01926.30,PF16658.12	0.0086,0.0026,0.0062,7.5e-14,2.6e-19,1.7e-19,0.00028,2.7e-62,1e-11,5.6e-05,6.8e-08
AC1KRZ_003314	AOBS82_9	1	1	0	0	0	0	0	0	0		Abhydro_lipase	Pfam		Abhydro_lipase	PF04083.23	0.011
AC1KRZ_003321	AOBS82_9	1	1	0	0	0	0	0	0	0		DUF722,DUF8054_M,DUF8489,HAT_PRP39_C,HAT_PRP39_N,HAT_Syf1_CNRKL1_N,Nup35_RRM_2,RBD_DEAH11,RRM_1,RRM_10,RRM_11,RRM_occluded,RRM_PARP14_3,Suf,TPR_14	Pfam		DUF722,DUF8054_M,DUF8489,HAT_PRP39_C,HAT_PRP39_N,HAT_Syf1_CNRKL1_N,Nup35_RRM_2,RBD_DEAH11,RRM_1,RRM_10,RRM_11,RRM_occluded,RRM_PARP14_3,Suf,TPR_14	PF05263.18,PF26238.1,PF28977.1,PF23241.2,PF23240.2,PF23233.2,PF14605.13,PF24475.2,PF00076.29,PF22976.3,PF28441.1,PF16842.12,PF23085.2,PF05843.21,PF13428.13	0.018,0.0086,8.5e-06,2.3e-07,5.8e-10,8.9e-09,1.1e-05,0.00035,6.1e-50,0.00043,0.0001,3e-32,4.7e-12,1e-15,0.0031
AC1KRZ_003324	AOBS82_9	1	1	1	1	1	0	0	1	1							
AC1KRZ_003335	AOBS82_9	1	1	1	1	1	0	0	0	1							
AC1KRZ_003336	AOBS82_9	1	1	0	0	0	0	0	0	0							
AC1KRZ_003340	AOBS82_9	1	1	1	1	1	0	1	1	1							
AC1KRZ_003342	AOBS82_9	1	1	1	0	1	0	0	0	1							
AC1KRZ_003343	AOBS82_9	1	1	1	0	1	0	1	1	1							
AC1KRZ_003351	AOBS82_9	1	1	0	0	0	0	0	0	0		KAT3	Pfam		KAT3	PF29847.1	0.34
AC1KRZ_003353	AOBS82_9	1	1	0	0	0	0	0	0	0							
AC1KRZ_003354	AOBS82_9	1	1	1	1	1	0	0	0	1							
AC1KRZ_003363	AOBS82_9	1	1	1	1	1	0	1	0	1							
AC1KRZ_003367	AOBS82_9	1	1	1	1	1	0	0	0	1							
AC1KRZ_003369	AOBS82_9	1	1	0	1	1	0	1	0	1							
AC1KRZ_003375	AOBS82_9	1	1	1	0	1	0	0	0	1							
AC1KRZ_003376	AOBS82_9	1	1	0	0	0	0	0	0	0		PapA_C	Pfam		PapA_C	PF16911.11	0.0083
AC1KRZ_003377	AOBS82_9	1	1	0	0	0	0	0	0	0		DNMK,DUF7018,Mob1_phocein	Pfam		DNMK,DUF7018,Mob1_phocein	PF21448.4,PF22872.2,PF03637.23	0.012,0.0074,0.006
AC1KRZ_003381	AOBS82_9	1	1	0	0	0	0	0	0	0		Sec1,SKIP35_N	Pfam		Sec1,SKIP35_N	PF00995.29,PF28568.1	5.3e-110,0.0082
AC1KRZ_003386	AOBS82_9	1	1	0	0	0	0	0	0	0		AAA_22,DEAD,Efg1,Flavi_DEAD,Helicase_C,ResIII	Pfam		AAA_22,DEAD,Efg1,Flavi_DEAD,Helicase_C,ResIII	PF13401.13,PF00270.36,PF10153.15,PF07652.21,PF00271.38,PF04851.22	0.003,2.9e-37,1.6,0.002,9.6e-23,6.9e-12
AC1KRZ_003389	AOBS82_9	1	1	0	0	0	0	0	0	1							
AC1KRZ_003394	AOBS82_9	1	1	1	0	1	0	1	0	1							
AC1KRZ_003399	AOBS82_9	1	1	0	0	0	0	0	0	0		DEP,NAT,RGS,WHD_Fungal_DR	Pfam		DEP,NAT,RGS,WHD_Fungal_DR	PF00610.28,PF04768.21,PF00615.25,PF25889.1	3.8e-10,1.7e-22,2.3e-22,1.3e-46
AC1KRZ_003401	AOBS82_9	1	1	1	1	1	0	1	1	1							
AC1KRZ_003402	AOBS82_9	1	1	0	0	0	0	0	0	0		EthD,Fungal_trans	Pfam		EthD,Fungal_trans	PF07110.18,PF04082.24	1.3e-18,5.9e-14
AC1KRZ_003403	AOBS82_9	1	1	0	1	0	0	0	0	1							
AC1KRZ_003404	AOBS82_9	1	1	0	0	0	0	0	0	0		MFS_1,MFS_4,OppC_N,Sugar_tr	Pfam		MFS_1,MFS_4,OppC_N,Sugar_tr	PF07690.22,PF06779.21,PF12911.13,PF00083.31	8.5e-16,3.8e-06,0.021,4e-81
AC1KRZ_003406	AOBS82_9	1	1	1	1	1	0	0	0	1							
AC1KRZ_003407	AOBS82_9	1	1	0	0	0	0	0	0	0		Adeno_E1B_55K,Pect-lyase_RHGA_epim,Phage_tail_beta	Pfam		Adeno_E1B_55K,Pect-lyase_RHGA_epim,Phage_tail_beta	PF01696.24,PF12708.13,PF27114.1	0.013,7.5e-07,4.5e-05
AC1KRZ_003410	AOBS82_9	1	1	0	0	0	0	0	0	0		BtrH_N,G_glu_transpept,ZT_dimer	Pfam		BtrH_N,G_glu_transpept,ZT_dimer	PF14399.13,PF01019.28,PF16916.12	0.0048,1.5e-151,0.015
AC1KRZ_003411	AOBS82_9	1	1	0	0	0	0	0	0	0		Acyl_transf_3,adh_short,adh_short_C2,DAO,KR,MFS_1,NAD_binding_10,Sugar_tr	Pfam		Acyl_transf_3,adh_short,adh_short_C2,DAO,KR,MFS_1,NAD_binding_10,Sugar_tr	PF01757.29,PF00106.32,PF13561.13,PF01266.31,PF08659.17,PF07690.22,PF13460.13,PF00083.31	1.9e-16,1.9e-23,6.3e-16,8.8e-13,1.8e-06,3.3e-22,0.0074,2.8e-89
AC1KRZ_003412	AOBS82_9	1	1	1	0	0	0	0	0	0							
AC1KRZ_003413	AOBS82_9	1	1	0	0	0	0	0	0	1							
AC1KRZ_003414	AOBS82_9	1	1	0	0	0	0	0	0	0		Dak2	Pfam		Dak2	PF02734.23	2.7e-40
AC1KRZ_003415	AOBS82_9	1	1	0	1	1	0	0	0	1							
AC1KRZ_003417	AOBS82_9	1	1	0	0	0	0	0	0	0		DUF8750,rhaM	Pfam		DUF8750,rhaM	PF30850.1,PF05336.20	0.00068,3.1e-25
AC1KRZ_003418	AOBS82_9	1	1	0	1	0	0	0	0	1							
AC1KRZ_003419	AOBS82_9	1	1	1	0	1	0	0	0	1							
AC1KRZ_003424	AOBS82_9	1	1	0	0	0	0	0	0	1							
AC1KRZ_003430	AOBS82_9	1	1	0	0	0	0	0	1	0							
AC1KRZ_003431	AOBS82_9	1	1	0	0	0	0	0	0	0		YBL028C_N	Pfam		YBL028C_N	PF10338.16	5.9e-13
AC1KRZ_003436	AOBS82_9	1	1	0	0	0	0	0	0	0		ACP_syn_III,ketoacyl-synt,Thiolase_C,Thiolase_C_1,Thiolase_N	Pfam		ACP_syn_III,ketoacyl-synt,Thiolase_C,Thiolase_C_1,Thiolase_N	PF08545.17,PF00109.33,PF02803.25,PF22691.3,PF00108.30	8.2e-05,0.00025,8.4e-45,0.0014,4.5e-64
AC1KRZ_003437	AOBS82_9	1	1	0	0	0	0	0	0	0		AIRS,AIRS_C,ATP-grasp,ATP-grasp_2,ATP-grasp_3,ATPgrasp_ST,CPSase_L_D2,GARS_A,GARS_C,GARS_N,RNH203	Pfam		AIRS,AIRS_C,ATP-grasp,ATP-grasp_2,ATP-grasp_3,ATPgrasp_ST,CPSase_L_D2,GARS_A,GARS_C,GARS_N,RNH203	PF00586.30,PF02769.28,PF02222.28,PF08442.16,PF02655.20,PF14397.12,PF02786.23,PF01071.25,PF02843.23,PF02844.22,PF31260.1	3.4e-24,5.2e-33,7e-07,0.0027,0.00034,0.0068,2.4e-06,2.1e-83,7.9e-29,2e-39,0.015
AC1KRZ_003439	AOBS82_9	1	1	0	0	0	0	0	0	0		DUF229,DUF6684,Metalloenzyme,Phosphodiest,PIGO_PIGG,Sulfatase	Pfam		DUF229,DUF6684,Metalloenzyme,Phosphodiest,PIGO_PIGG,Sulfatase	PF02995.23,PF20389.4,PF01676.24,PF01663.28,PF19316.5,PF00884.29	0.0084,0.2,3.5e-06,2.1e-17,3.4e-17,2.1e-06
AC1KRZ_003440	AOBS82_9	1	1	0	1	0	0	0	0	0							
AC1KRZ_003444	AOBS82_9	1	1	1	1	1	0	0	0	0							
AC1KRZ_003449	AOBS82_9	1	1	0	0	0	0	0	0	0		Acetyltransf_1,Acetyltransf_10,DUF2071,DUF2721,Pho86	Pfam		Acetyltransf_1,Acetyltransf_10,DUF2071,DUF2721,Pho86	PF00583.32,PF13673.14,PF09844.15,PF11026.14,PF11124.15	3.4e-06,0.0069,0.00011,0.0073,0.0023
AC1KRZ_003458	AOBS82_9	1	1	1	1	1	0	0	1	1							
AC1KRZ_003462	AOBS82_9	1	1	1	1	1	0	0	1	1							
AC1KRZ_003463	AOBS82_9	1	1	0	0	0	0	0	0	0		Aminotran_5	Pfam		Aminotran_5	PF00266.26	3.6e-19
AC1KRZ_003467	AOBS82_9	1	1	0	0	0	0	0	0	0		ANAPC4_WD40,ASA1,Astro_capsid_p,Beta-prop_ACSF4,Beta-prop_Aladin,Beta-prop_CAF1B_HIR1,Beta-prop_EIPR1,Beta-prop_EML,Beta-prop_EML_2,Beta-prop_HPS5,Beta-prop_IFT122_1st,Beta-prop_NUP159_NUP214,Beta-prop_RIG_2nd,Beta-prop_SPT8,Beta-prop_TEP1_2nd,Beta-prop_THOC3,Beta-prop_Vps41,Beta-prop_WDR19_1st,Beta-prop_WDR36-Utp21_1st,Beta-prop_WDR36-Utp21_2nd,Beta-prop_WDR3_1st,Beta-prop_WDR3_2nd,Beta-prop_WDR41,Beta-prop_WDR5,Beta-prop_WDR75_1st,Beta-prop_WDR90_POC16_2nd,CDC45,CFAP251_N,DNA_pol_phi,DUF2457,EIF3I,NBCH_WD40,NOA36,Nop14,PBP1_TM,Sigma70_ner,TRM82_WD,WD40,WD40_CDC20-Fz,WD40_Gbeta,WD40_MABP1-WDR62_2nd,WD40_Prp19,WD40_RFWD3,WD40_WDHD1_1st,WDR55,WDR90_beta-prop_4th	Pfam		ANAPC4_WD40,ASA1,Astro_capsid_p,Beta-prop_ACSF4,Beta-prop_Aladin,Beta-prop_CAF1B_HIR1,Beta-prop_EIPR1,Beta-prop_EML,Beta-prop_EML_2,Beta-prop_HPS5,Beta-prop_IFT122_1st,Beta-prop_NUP159_NUP214,Beta-prop_RIG_2nd,Beta-prop_SPT8,Beta-prop_TEP1_2nd,Beta-prop_THOC3,Beta-prop_Vps41,Beta-prop_WDR19_1st,Beta-prop_WDR36-Utp21_1st,Beta-prop_WDR36-Utp21_2nd,Beta-prop_WDR3_1st,Beta-prop_WDR3_2nd,Beta-prop_WDR41,Beta-prop_WDR5,Beta-prop_WDR75_1st,Beta-prop_WDR90_POC16_2nd,CDC45,CFAP251_N,DNA_pol_phi,DUF2457,EIF3I,NBCH_WD40,NOA36,Nop14,PBP1_TM,Sigma70_ner,TRM82_WD,WD40,WD40_CDC20-Fz,WD40_Gbeta,WD40_MABP1-WDR62_2nd,WD40_Prp19,WD40_RFWD3,WD40_WDHD1_1st,WDR55,WDR90_beta-prop_4th	PF12894.14,PF29630.1,PF12226.15,PF13570.14,PF25460.2,PF24105.2,PF23609.2,PF23409.2,PF23414.2,PF23756.2,PF23381.2,PF16755.12,PF23775.2,PF23798.2,PF25047.1,PF25174.2,PF23411.2,PF23389.2,PF25171.2,PF25168.2,PF25173.2,PF25172.2,PF25178.1,PF25175.2,PF23869.2,PF23393.3,PF02724.20,PF30552.1,PF04931.19,PF10446.15,PF24805.2,PF20426.5,PF06524.18,PF04147.18,PF14812.12,PF04546.20,PF30361.1,PF00400.39,PF24807.2,PF25391.2,PF24782.3,PF24814.2,PF23419.3,PF24817.2,PF24796.2,PF23342.2	2.5e-08,0.0025,0.22,0.016,0.0014,6.3e-15,1.2e-07,1.4e-06,2e-15,0.00015,1.6e-23,0.0088,8.7e-08,1.2e-07,3.4e-15,2.6e-27,7.6e-08,0.021,1.3e-10,4.1e-09,2.4e-26,4.3e-15,6.5e-12,8e-38,4.3e-06,1.2e-06,0.43,2.4e-06,1.4,0.093,1.3e-10,0.00087,1.7,0.029,3.5,1.5,2.1e-06,6.6e-27,5.3e-23,1.4e-13,3.6e-10,5.2e-23,0.0024,2.4e-18,3.9e-14,0.00072
AC1KRZ_003468	AOBS82_9	1	1	1	1	1	0	1	1	1							
AC1KRZ_003473	AOBS82_9	1	1	0	0	0	0	0	0	0		ALN,MFS_1,PARP,Sugar_tr	Pfam		ALN,MFS_1,PARP,Sugar_tr	PF17696.6,PF07690.22,PF00644.27,PF00083.31	0.29,2.5e-28,0.0063,1.2e-93
AC1KRZ_003474	AOBS82_9	1	1	1	0	1	0	1	1	1							
AC1KRZ_003475	AOBS82_9	1	1	0	0	0	0	0	0	0		Ank,Ank_4	Pfam		Ank,Ank_4	PF00023.37,PF13637.13	0.016,0.0072
AC1KRZ_003478	AOBS82_9	1	1	0	0	0	0	0	0	0							
AC1KRZ_003480	AOBS82_9	1	1	0	0	0	0	1	0	0							
AC1KRZ_003483	AOBS82_9	1	1	1	1	1	0	0	0	1							
AC1KRZ_003488	AOBS82_9	1	1	1	1	1	0	1	1	1							
AC1KRZ_003495	AOBS82_9	1	1	0	0	0	0	0	1	0							
AC1KRZ_003499	AOBS82_9	1	1	1	1	1	0	1	1	1							
AC1KRZ_003500	AOBS82_9	1	1	1	0	1	0	1	1	1							
AC1KRZ_003503	AOBS82_9	1	1	0	0	0	0	0	0	0		ANAPC4_WD40,Beta-prop_Aladin,Beta-prop_CAF1B_HIR1,Beta-prop_EML_2,Beta-prop_IFT122_1st,Beta-prop_IFT140_1st,Beta-prop_RIG_2nd,Beta-prop_SCAP,Beta-prop_TEP1_2nd,Beta-prop_THOC3,Beta-prop_Vps41,Beta-prop_WDR36-Utp21_1st,Beta-prop_WDR36-Utp21_2nd,Beta-prop_WDR3_1st,Beta-prop_WDR3_2nd,Beta-prop_WDR5,CRT10,DSE1_N,EIF3I,WD40,WD40_CDC20-Fz,WD40_Gbeta,WD40_MABP1-WDR62_2nd,WD40_Prp19,WD40_WDHD1_1st,WDR55	Pfam		ANAPC4_WD40,Beta-prop_Aladin,Beta-prop_CAF1B_HIR1,Beta-prop_EML_2,Beta-prop_IFT122_1st,Beta-prop_IFT140_1st,Beta-prop_RIG_2nd,Beta-prop_SCAP,Beta-prop_TEP1_2nd,Beta-prop_THOC3,Beta-prop_Vps41,Beta-prop_WDR36-Utp21_1st,Beta-prop_WDR36-Utp21_2nd,Beta-prop_WDR3_1st,Beta-prop_WDR3_2nd,Beta-prop_WDR5,CRT10,DSE1_N,EIF3I,WD40,WD40_CDC20-Fz,WD40_Gbeta,WD40_MABP1-WDR62_2nd,WD40_Prp19,WD40_WDHD1_1st,WDR55	PF12894.14,PF25460.2,PF24105.2,PF23414.2,PF23381.2,PF23383.2,PF23775.2,PF24017.3,PF25047.1,PF25174.2,PF23411.2,PF25171.2,PF25168.2,PF25173.2,PF25172.2,PF25175.2,PF08728.16,PF29037.1,PF24805.2,PF00400.39,PF24807.2,PF25391.2,PF24782.3,PF24814.2,PF24817.2,PF24796.2	0.00048,0.01,2.7e-05,1e-09,3.3e-08,4.5e-06,2.3e-06,0.0086,7e-05,8.7e-09,6.6e-05,3.9e-06,1.9e-06,4.7e-12,0.00088,2.7e-09,1.4e-17,0.0073,0.019,2e-08,2.2e-05,0.0041,0.014,9.4e-06,1.8e-12,1.1e-08
AC1KRZ_003512	AOBS82_9	1	1	1	1	1	0	1	1	1							
AC1KRZ_003514	AOBS82_9	1	1	0	0	0	0	0	0	0							
AC1KRZ_003518	AOBS82_9	1	1	0	0	0	0	0	0	0		MIT_C	Pfam		MIT_C	PF16565.12	0.0078
AC1KRZ_003521	AOBS82_9	1	1	1	1	1	0	0	0	0							
AC1KRZ_003523	AOBS82_9	1	1	0	0	0	0	0	0	0		DUF6264,MRAP,RTA1	Pfam		DUF6264,MRAP,RTA1	PF19779.5,PF15183.12,PF04479.19	0.2,0.0044,1.4e-54
AC1KRZ_003524	AOBS82_9	1	1	1	0	0	0	1	0	1							
AC1KRZ_003528	AOBS82_9	1	1	1	1	1	0	1	0	1							
AC1KRZ_003529	AOBS82_9	1	1	1	1	1	0	0	0	1							
AC1KRZ_003530	AOBS82_9	1	1	1	1	1	0	1	1	1							
AC1KRZ_003531	AOBS82_9	1	1	1	1	1	0	1	1	1							
AC1KRZ_000464	AOBS82_9	1	1	1	1	0	0	1	1	1							
AC1KRZ_000465	AOBS82_9	1	1	0	0	0	0	0	0	0		DAHP_synth_1	Pfam		DAHP_synth_1	PF00793.27	9.4e-97
AC1KRZ_000467	AOBS82_9	1	1	1	1	1	0	1	1	1							
AC1KRZ_000468	AOBS82_9	1	1	0	0	0	0	0	0	0							
AC1KRZ_000478	AOBS82_9	1	1	1	1	1	0	0	0	1							
AC1KRZ_000482	AOBS82_9	1	1	0	0	0	0	0	0	0		Anti-Pycsar_Apyc1,ATP18_TPR,BKACE,DUF7754,ECSIT_N,Exog_C,HTH_63,Lactamase_B,Lactamase_B_2,MSC6_N,Mtf2,PPR,PPR_1,PPR_2,PPR_3,PPR_long,SOV1_C,TPR_24,TPR_ZFYVE26	Pfam		Anti-Pycsar_Apyc1,ATP18_TPR,BKACE,DUF7754,ECSIT_N,Exog_C,HTH_63,Lactamase_B,Lactamase_B_2,MSC6_N,Mtf2,PPR,PPR_1,PPR_2,PPR_3,PPR_long,SOV1_C,TPR_24,TPR_ZFYVE26	PF23023.2,PF29978.1,PF05853.19,PF24937.1,PF06239.18,PF18026.7,PF20575.5,PF00753.34,PF12706.14,PF29070.1,PF19189.7,PF01535.27,PF12854.14,PF13041.13,PF13812.13,PF17177.11,PF29834.1,PF23276.3,PF25569.2	1.4e-07,0.002,0.0021,0.0038,2.3e-05,0.0013,0.004,1.6e-07,4e-24,1.6e-26,0.00022,4.8e-26,6e-32,8.7e-56,4.9e-38,1.2e-20,0.00011,1.5e-18,0.0031
AC1KRZ_000483	AOBS82_9	1	1	0	0	0	0	0	0	0		ACAS_N,AMP-binding,AMP-binding_C,DUF3948,His_Phos_2	Pfam		ACAS_N,AMP-binding,AMP-binding_C,DUF3948,His_Phos_2	PF16177.12,PF00501.35,PF13193.13,PF13134.11,PF00328.28	4.9e-11,7.3e-37,1.2e-05,0.016,2.3e-27
AC1KRZ_000489	AOBS82_9	1	1	1	1	1	0	0	1	1							
AC1KRZ_000492	AOBS82_9	1	1	1	1	1	0	0	1	1							
AC1KRZ_000498	AOBS82_9	1	1	0	0	0	0	0	0	0		7tm_6	Pfam		7tm_6	PF02949.26	0.015
AC1KRZ_000512	AOBS82_9	1	1	0	0	0	0	1	0	0							
AC1KRZ_000513	AOBS82_9	1	1	0	0	0	0	0	0	0		Met_asp_mut_E,Xol-1_N	Pfam		Met_asp_mut_E,Xol-1_N	PF06368.18,PF09108.17	0.011,0.015
AC1KRZ_000514	AOBS82_9	1	1	1	1	1	0	0	0	0							
AC1KRZ_000517	AOBS82_9	1	1	0	0	0	0	0	1	0							
AC1KRZ_000523	AOBS82_9	1	1	0	0	0	0	0	0	1							
AC1KRZ_000525	AOBS82_9	1	1	1	1	1	0	0	1	1							
AC1KRZ_000527	AOBS82_9	1	1	0	0	0	0	0	0	0		GEN1_C,XPG_I,XPG_N	Pfam		GEN1_C,XPG_I,XPG_N	PF18380.8,PF00867.24,PF00752.24	1.4e-15,5.7e-22,1.9e-07
AC1KRZ_000531	AOBS82_9	1	1	1	1	1	0	0	0	1							
AC1KRZ_000532	AOBS82_9	1	1	1	1	1	0	0	0	1							
AC1KRZ_000533	AOBS82_9	1	1	0	0	0	0	0	0	0		3Beta_HSD,adh_short,Epimerase,GDP_Man_Dehyd,NAD_binding_10,NAD_binding_4,NmrA,Polysacc_synt_2,Response_reg,RmlD_sub_bind,Sacchrp_dh_NADP	Pfam		3Beta_HSD,adh_short,Epimerase,GDP_Man_Dehyd,NAD_binding_10,NAD_binding_4,NmrA,Polysacc_synt_2,Response_reg,RmlD_sub_bind,Sacchrp_dh_NADP	PF01073.26,PF00106.32,PF01370.28,PF16363.12,PF13460.13,PF07993.19,PF05368.20,PF02719.22,PF00072.31,PF04321.24,PF03435.25	1.9e-14,0.0048,1.9e-20,2.2e-07,8.3e-15,2.4e-14,1.5e-05,0.012,0.0096,0.0072,0.00046
AC1KRZ_000541	AOBS82_9	1	1	0	0	1	0	0	0	1							
AC1KRZ_000542	AOBS82_9	1	1	0	0	0	0	0	0	0		CENP-O,DnaJ	Pfam		CENP-O,DnaJ	PF09496.16,PF00226.37	0.0021,1.5e-20
AC1KRZ_000545	AOBS82_9	1	1	0	1	0	0	0	0	0							
AC1KRZ_000548	AOBS82_9	1	1	0	0	0	0	0	0	0		Gig2-like,PhyH	Pfam		Gig2-like,PhyH	PF07350.20,PF05721.20	9.8e-129,8e-05
AC1KRZ_000551	AOBS82_9	1	1	1	1	1	0	1	1	1							
AC1KRZ_000553	AOBS82_9	1	1	0	0	0	0	0	0	0		2OG-FeII_Oxy,Haspin_kinase,Pkinase,PK_Tyr_Ser-Thr	Pfam		2OG-FeII_Oxy,Haspin_kinase,Pkinase,PK_Tyr_Ser-Thr	PF03171.27,PF12330.15,PF00069.32,PF07714.24	0.0031,0.0017,1.7e-63,3.8e-31
AC1KRZ_000554	AOBS82_9	1	1	0	0	0	0	0	0	0		EBP,Exo5,FAD_binding_8,Ferric_reduct,K1-lyase_N,NAD_binding_1,NAD_binding_6,YfhO	Pfam		EBP,Exo5,FAD_binding_8,Ferric_reduct,K1-lyase_N,NAD_binding_1,NAD_binding_6,YfhO	PF05241.18,PF09810.16,PF08022.19,PF01794.26,PF24145.2,PF00175.27,PF08030.18,PF09586.17	5.7,1.2e-56,7.6e-14,6.2e-20,0.015,0.014,1.1e-12,0.082
AC1KRZ_000557	AOBS82_9	1	1	0	0	0	0	0	0	0		Arm_vescicular,Astrin_C,ATG16,BEGAIN_coil,CEP135_TSGA10_CC,CEP89,CLIP1,DUF1840,DUF4407,Fib_alpha,Filament,FKBP15,FliD_N,Kazrin,LEKR1,LemA,LIP-1,ODF2_C,SIL1_FES1_HPBP1_C,SPC25_N,T4SS_LegC2C7,TPR_MLP1_2,TSC22,Uso1_p115_C,Uso1_p115_head	Pfam		Arm_vescicular,Astrin_C,ATG16,BEGAIN_coil,CEP135_TSGA10_CC,CEP89,CLIP1,DUF1840,DUF4407,Fib_alpha,Filament,FKBP15,FliD_N,Kazrin,LEKR1,LemA,LIP-1,ODF2_C,SIL1_FES1_HPBP1_C,SPC25_N,T4SS_LegC2C7,TPR_MLP1_2,TSC22,Uso1_p115_C,Uso1_p115_head	PF18770.8,PF30852.1,PF08614.17,PF27583.1,PF30378.1,PF28159.1,PF27241.1,PF08895.17,PF14362.12,PF08702.16,PF00038.27,PF23649.2,PF02465.24,PF25986.1,PF30842.1,PF04011.18,PF25526.2,PF27605.1,PF28415.2,PF29997.1,PF28175.1,PF07926.18,PF01166.24,PF04871.19,PF04869.21	0.0032,2.3e-05,0.083,0.00011,0.056,1.8e-05,0.0011,0.042,0.039,4,0.11,0.0038,0.96,0.3,4.2,0.4,0.091,3.6e-05,0.00045,6.2,0.55,0.75,0.11,5.8e-12,3.7e-82
AC1KRZ_000558	AOBS82_9	1	1	1	1	1	0	1	1	1							
AC1KRZ_000560	AOBS82_9	1	1	1	1	0	0	1	0	1							
AC1KRZ_000562	AOBS82_9	1	1	0	0	0	0	0	0	0		DUF7907	Pfam		DUF7907	PF25484.2	2.5e-07
AC1KRZ_000563	AOBS82_9	1	1	0	0	0	0	0	0	0		CDC45,Nop,NOP5NT	Pfam		CDC45,Nop,NOP5NT	PF02724.20,PF01798.24,PF08156.19	0.67,6.1e-80,4.8e-13
AC1KRZ_000567	AOBS82_9	1	1	1	0	0	0	0	0	0							
AC1KRZ_000570	AOBS82_9	1	1	1	0	1	0	0	0	1							
AC1KRZ_000577	AOBS82_9	1	1	0	0	0	0	0	0	0		DUF4293,MFS_1,YpfM	Pfam		DUF4293,MFS_1,YpfM	PF14126.12,PF07690.22,PF28148.1	0.036,0.0068,0.013
AC1KRZ_000583	AOBS82_9	1	1	1	1	1	0	1	1	1							
AC1KRZ_000584	AOBS82_9	1	1	0	0	0	0	0	0	0		ANAPC4_WD40,ASA1,Beta-prop_ACSF4,Beta-prop_Aladin,Beta-prop_CAF1B_HIR1,Beta-prop_DCAF12,Beta-prop_DCAF4,Beta-prop_EIPR1,Beta-prop_EML,Beta-prop_EML_2,Beta-prop_IFT122_1st,Beta-prop_IFT140_1st,Beta-prop_IP5PC_F,Beta-prop_NOL10_N,Beta-prop_Nup120_160,Beta-prop_pof12,Beta-prop_RIG_2nd,Beta-prop_SCAP,Beta-prop_SPT8,Beta-prop_TEP1_2nd,Beta-prop_TEP1_C,Beta-prop_THOC3,Beta-prop_Vps41,Beta-prop_VPS8,Beta-prop_WDR36-Utp21_1st,Beta-prop_WDR36-Utp21_2nd,Beta-prop_WDR3_1st,Beta-prop_WDR3_2nd,Beta-prop_WDR41,Beta-prop_WDR5,Beta-prop_WDR75_1st,Beta-prop_WDR90_POC16_2nd,CFAP251_N,DSE1_N,EIF3I,NBCH_WD40,PAC11,Striatin,TRM82_WD,WD40,WD40_CDC20-Fz,WD40_Gbeta,WD40_MABP1-WDR62_1st,WD40_MABP1-WDR62_2nd,WD40_Prp19,WD40_RFWD3,WD40_WDHD1_1st,WDR54,WDR55,WDR90_beta-prop_4th	Pfam		ANAPC4_WD40,ASA1,Beta-prop_ACSF4,Beta-prop_Aladin,Beta-prop_CAF1B_HIR1,Beta-prop_DCAF12,Beta-prop_DCAF4,Beta-prop_EIPR1,Beta-prop_EML,Beta-prop_EML_2,Beta-prop_IFT122_1st,Beta-prop_IFT140_1st,Beta-prop_IP5PC_F,Beta-prop_NOL10_N,Beta-prop_Nup120_160,Beta-prop_pof12,Beta-prop_RIG_2nd,Beta-prop_SCAP,Beta-prop_SPT8,Beta-prop_TEP1_2nd,Beta-prop_TEP1_C,Beta-prop_THOC3,Beta-prop_Vps41,Beta-prop_VPS8,Beta-prop_WDR36-Utp21_1st,Beta-prop_WDR36-Utp21_2nd,Beta-prop_WDR3_1st,Beta-prop_WDR3_2nd,Beta-prop_WDR41,Beta-prop_WDR5,Beta-prop_WDR75_1st,Beta-prop_WDR90_POC16_2nd,CFAP251_N,DSE1_N,EIF3I,NBCH_WD40,PAC11,Striatin,TRM82_WD,WD40,WD40_CDC20-Fz,WD40_Gbeta,WD40_MABP1-WDR62_1st,WD40_MABP1-WDR62_2nd,WD40_Prp19,WD40_RFWD3,WD40_WDHD1_1st,WDR54,WDR55,WDR90_beta-prop_4th	PF12894.14,PF29630.1,PF13570.14,PF25460.2,PF24105.2,PF23760.2,PF23761.2,PF23609.2,PF23409.2,PF23414.2,PF23381.2,PF23383.2,PF23754.2,PF23098.2,PF11715.17,PF25499.3,PF23775.2,PF24017.3,PF23798.2,PF25047.1,PF25048.2,PF25174.2,PF23411.2,PF23410.5,PF25171.2,PF25168.2,PF25173.2,PF25172.2,PF25178.1,PF25175.2,PF23869.2,PF23393.3,PF30552.1,PF29037.1,PF24805.2,PF20426.5,PF30151.1,PF08232.18,PF30361.1,PF00400.39,PF24807.2,PF25391.2,PF24780.2,PF24782.3,PF24814.2,PF23419.3,PF24817.2,PF21031.3,PF24796.2,PF23342.2	0.0042,2.4e-05,0.0041,2.3e-05,1.2e-13,0.065,1.1e-05,3.8e-09,3.4e-13,4.9e-16,7.5e-29,0.00012,2.3e-06,8e-06,0.0069,3.9e-06,8.9e-06,4.6e-09,0.00074,1.1e-17,3.6e-14,8.9e-34,0.0045,8.9e-09,1.8e-16,7.3e-13,6.5e-35,3.2e-26,5.5e-12,7.2e-41,4.6e-10,1e-13,1.4e-06,7.5e-12,1.9e-13,1.4e-06,0.00092,2.7e-32,0.00074,6.4e-34,2.4e-27,1.7e-17,2.4e-08,2.4e-12,4.6e-29,0.0033,2.4e-24,5.6e-05,9.4e-19,1.3e-05
AC1KRZ_000587	AOBS82_9	1	1	0	0	0	0	0	0	0		DUF4404,DUF8711,HAM1_C,HAM1_N,YtxH	Pfam		DUF4404,DUF8711,HAM1_C,HAM1_N,YtxH	PF14357.12,PF30729.1,PF14613.13,PF19343.6,PF12732.13	0.019,0.2,6.5e-09,2.9e-93,0.015
AC1KRZ_000592	AOBS82_9	1	1	0	0	0	0	0	0	0		DUF6732,DUF7315,F59B103_C,MFS_1,OATP,Sugar_tr,TRI12	Pfam		DUF6732,DUF7315,F59B103_C,MFS_1,OATP,Sugar_tr,TRI12	PF20506.4,PF23997.3,PF28839.1,PF07690.22,PF03137.27,PF00083.31,PF06609.19	0.018,0.028,0.018,1.7e-43,0.019,1e-11,1.7e-11
AC1KRZ_000593	AOBS82_9	1	1	0	0	0	0	0	0	0		Adeno_terminal,bZIP_1,bZIP_2,DUF3425,Par-4_C,T4SS_LegC2C7,TPR	Pfam		Adeno_terminal,bZIP_1,bZIP_2,DUF3425,Par-4_C,T4SS_LegC2C7,TPR	PF02459.21,PF00170.27,PF07716.21,PF11905.14,PF30854.1,PF28175.1,PF25785.2	0.0094,3.9e-09,0.013,1.2e-06,0.26,0.0026,0.00064
AC1KRZ_000594	AOBS82_9	1	1	1	0	0	0	0	0	0							
AC1KRZ_000601	AOBS82_9	1	1	1	1	1	0	0	1	0							
AC1KRZ_000602	AOBS82_9	1	1	0	0	0	0	1	0	0							
AC1KRZ_000603	AOBS82_9	1	1	0	0	0	0	0	0	0							
AC1KRZ_000607	AOBS82_9	1	1	1	1	1	0	0	0	1							
AC1KRZ_000615	AOBS82_9	1	1	0	0	0	0	1	0	0							
AC1KRZ_000624	AOBS82_9	1	1	1	1	1	0	1	1	1							
AC1KRZ_000625	AOBS82_9	1	1	0	0	0	0	0	0	0		Actin_micro,C1_4,C2CH-3rd_BIRD-IDD,C2H2-zf_KIN17,DnaJ,DUF7128,SCO1756_N,zf-C17orf113,zf-C2H2,zf-C2H2_14,zf-C2H2_2,zf-C2H2_4,zf-C2H2_6,zf-C2H2_jaz,Zf-C2H2_ZNF451_2nd,zf-C2HE,zf-met,Zn_ribbon_TFIIS,ZUO1-like_ZHD	Pfam		Actin_micro,C1_4,C2CH-3rd_BIRD-IDD,C2H2-zf_KIN17,DnaJ,DUF7128,SCO1756_N,zf-C17orf113,zf-C2H2,zf-C2H2_14,zf-C2H2_2,zf-C2H2_4,zf-C2H2_6,zf-C2H2_jaz,Zf-C2H2_ZNF451_2nd,zf-C2HE,zf-met,Zn_ribbon_TFIIS,ZUO1-like_ZHD	PF17003.13,PF07975.19,PF22995.3,PF25095.2,PF00226.37,PF23447.2,PF31167.1,PF25431.2,PF00096.33,PF23330.2,PF12756.14,PF13894.13,PF13912.13,PF12171.15,PF23102.2,PF16278.12,PF12874.14,PF01096.24,PF21884.3	0.0031,0.022,0.0049,7.6,1e-24,0.0035,0.1,0.0014,1.7e-07,0.21,3.2e-06,7e-06,0.11,5.4e-11,4.1e-06,0.042,1.4e-09,0.0064,6.6e-15
AC1KRZ_000627	AOBS82_9	1	1	0	0	0	0	0	0	0		Chromo	Pfam		Chromo	PF00385.31	0.0041
AC1KRZ_000628	AOBS82_9	1	1	1	1	1	0	1	1	1							
AC1KRZ_000630	AOBS82_9	1	1	0	0	1	0	1	1	0							
AC1KRZ_000635	AOBS82_9	1	1	0	0	0	0	0	0	0		F-box,F-box-like,Transglut_core2,YccV-like	Pfam		F-box,F-box-like,Transglut_core2,YccV-like	PF00646.39,PF12937.13,PF13369.13,PF08755.17	5.1e-07,9.6e-10,1.3e-18,7.8e-29
AC1KRZ_000650	AOBS82_9	1	1	0	0	0	0	0	0	0		DAO,FAD_binding_3,FMO-like,HI0933_like,Lys_Orn_oxgnase,NAD_binding_7,NAD_binding_8,NAD_binding_9,Pyr_redox,Pyr_redox_2,Pyr_redox_3,Shikimate_DH,Thi4	Pfam		DAO,FAD_binding_3,FMO-like,HI0933_like,Lys_Orn_oxgnase,NAD_binding_7,NAD_binding_8,NAD_binding_9,Pyr_redox,Pyr_redox_2,Pyr_redox_3,Shikimate_DH,Thi4	PF01266.31,PF01494.26,PF00743.26,PF03486.21,PF13434.13,PF13241.13,PF13450.13,PF13454.13,PF00070.34,PF07992.21,PF13738.13,PF01488.27,PF01946.24	0.0013,0.0028,1.9e-42,0.00013,7.9e-08,0.0054,1.9e-06,0.0013,0.0083,1.5e-13,7e-23,0.0021,0.00074
AC1KRZ_000651	AOBS82_9	1	1	0	0	0	0	0	0	0		p450	Pfam		p450	PF00067.28	2.7e-65
AC1KRZ_000655	AOBS82_9	1	1	1	0	1	0	0	1	0							
AC1KRZ_000659	AOBS82_9	1	1	0	0	0	0	0	0	0		DUF2304,MFS_1,Sugar_tr	Pfam		DUF2304,MFS_1,Sugar_tr	PF10066.15,PF07690.22,PF00083.31	0.0031,1.3e-30,2.8e-92
AC1KRZ_000661	AOBS82_9	1	1	0	0	0	0	0	1	0							
AC1KRZ_000663	AOBS82_9	1	1	0	0	0	0	0	0	0		DEAD,DEXQc_Suv3,Helicase_C,SUV3_C,Suv3_C_1	Pfam		DEAD,DEXQc_Suv3,Helicase_C,SUV3_C,Suv3_C_1	PF00270.36,PF22527.3,PF00271.38,PF12513.16,PF18147.7	0.0015,9.2e-69,1.2e-12,3.6e-12,2.4e-08
AC1KRZ_000664	AOBS82_9	1	1	0	0	0	0	0	0	0		EF-hand_1,Msy1,RB_A	Pfam		EF-hand_1,Msy1,RB_A	PF00036.39,PF25886.1,PF01858.23	0.015,8e-30,0.012
AC1KRZ_000665	AOBS82_9	1	1	1	0	1	0	0	0	1							
AC1KRZ_000669	AOBS82_9	1	1	1	1	1	0	1	1	1							
AC1KRZ_003544	AOBS82_9	1	1	0	0	0	0	0	0	0		Glyco_hydro_106,MFS_1,Sugar_tr	Pfam		Glyco_hydro_106,MFS_1,Sugar_tr	PF17132.10,PF07690.22,PF00083.31	2e-07,6.9e-10,3.6e-43
AC1KRZ_003545	AOBS82_9	1	1	0	0	0	0	0	0	0		Acetyltransf_1,Acetyltransf_10,Acetyltransf_7,Acetyltransf_9	Pfam		Acetyltransf_1,Acetyltransf_10,Acetyltransf_7,Acetyltransf_9	PF00583.32,PF13673.14,PF13508.14,PF13527.14	1.5e-06,5.8e-05,1.1e-05,7.1e-05
AC1KRZ_003546	AOBS82_9	1	1	0	0	0	0	0	0	0		Glyco_hydro_99	Pfam		Glyco_hydro_99	PF16317.12	1.4e-05
AC1KRZ_003550	AOBS82_9	1	1	0	0	1	0	0	0	0							
AC1KRZ_003551	AOBS82_9	1	1	1	0	0	0	0	0	0							
AC1KRZ_003552	AOBS82_9	1	1	0	0	0	0	0	0	0		PhyH	Pfam		PhyH	PF05721.20	3e-09
AC1KRZ_003554	AOBS82_9	1	1	0	0	1	0	0	0	1							
AC1KRZ_003559	AOBS82_9	1	1	0	0	0	0	0	0	0		Sulfotransfer_4	Pfam		Sulfotransfer_4	PF17784.8	8e-57
AC1KRZ_003565	AOBS82_9	1	1	1	1	0	0	0	0	0							
AC1KRZ_003567	AOBS82_9	1	1	0	0	0	0	0	0	0							
AC1KRZ_003569	AOBS82_9	1	1	0	0	0	0	0	0	0		DUF3431	Pfam		DUF3431	PF11913.14	7.4e-85
AC1KRZ_003570	AOBS82_9	1	1	1	1	0	0	1	0	1							
AC1KRZ_003571	AOBS82_9	1	1	0	0	0	0	0	0	0		EI24	Pfam		EI24	PF07264.18	1.3e-07
AC1KRZ_003574	AOBS82_9	1	1	0	0	1	0	1	0	0							
AC1KRZ_003576	AOBS82_9	1	1	0	0	0	0	0	0	0		AAA_22,DEAD,DEAD_2,Helicase_C_2,PhoH,ResIII	Pfam		AAA_22,DEAD,DEAD_2,Helicase_C_2,PhoH,ResIII	PF13401.13,PF00270.36,PF06733.22,PF13307.13,PF02562.23,PF04851.22	0.0062,4.3e-05,2.2e-45,4.5e-51,0.00049,0.018
AC1KRZ_003580	AOBS82_9	1	1	1	0	1	0	0	0	1							
AC1KRZ_003583	AOBS82_9	1	1	1	1	1	0	1	1	1							
AC1KRZ_003588	AOBS82_9	1	1	1	1	1	0	1	1	1							
AC1KRZ_003590	AOBS82_9	1	1	1	1	1	0	0	0	1							
AC1KRZ_003591	AOBS82_9	1	1	0	0	0	0	0	0	0		ABC1,APH,Kdo,Maelstrom,Pkinase,PK_Tyr_Ser-Thr,Spo16_C,WaaY	Pfam		ABC1,APH,Kdo,Maelstrom,Pkinase,PK_Tyr_Ser-Thr,Spo16_C,WaaY	PF03109.23,PF01636.30,PF06293.21,PF13017.13,PF00069.32,PF07714.24,PF21698.4,PF06176.17	0.00011,0.00028,1.1e-06,0.0026,0.00086,0.00029,0.0054,0.0027
AC1KRZ_003592	AOBS82_9	1	1	0	0	1	0	1	1	1							
AC1KRZ_003596	AOBS82_9	1	1	0	0	0	0	0	0	0		NPF	Pfam		NPF	PF16601.11	0.01
AC1KRZ_003597	AOBS82_9	1	1	1	1	1	0	0	0	1							
AC1KRZ_003603	AOBS82_9	1	1	0	0	0	0	0	0	0		Myb_DNA-binding,Myb_DNA-bind_6,Reb1_MybAD,tRNA-synt_2,tRNA_anti-codon	Pfam		Myb_DNA-binding,Myb_DNA-bind_6,Reb1_MybAD,tRNA-synt_2,tRNA_anti-codon	PF00249.38,PF13921.13,PF21559.4,PF00152.26,PF01336.32	2.3e-23,4e-16,3.1e-06,2e-69,3.4e-11
AC1KRZ_003604	AOBS82_9	1	1	0	0	0	0	0	0	0		DUF1501,DUF229,Phosphodiest,SGSH_C,Sulfatase,Sulfatase_C,Thioredox_DsbH	Pfam		DUF1501,DUF229,Phosphodiest,SGSH_C,Sulfatase,Sulfatase_C,Thioredox_DsbH	PF07394.18,PF02995.23,PF01663.28,PF16347.11,PF00884.29,PF14707.12,PF03190.22	0.0005,0.00044,1.5e-05,1.9e-15,2.1e-26,0.00028,0.0051
AC1KRZ_003611	AOBS82_9	1	1	1	1	1	0	0	1	1							
AC1KRZ_003612	AOBS82_9	1	1	0	0	0	0	0	0	0		HpcH_HpaI,PGM_PMM_II	Pfam		HpcH_HpaI,PGM_PMM_II	PF03328.21,PF02879.24	5.5e-35,0.017
AC1KRZ_003615	AOBS82_9	1	1	1	1	1	0	1	1	1							
AC1KRZ_003618	AOBS82_9	1	1	0	0	0	0	0	0	0		ATG23,CCDC138_cc,COG6_N,FapA,GAIN_A,LUZP2,Phage_Y01A,UPF0184,YbfN	Pfam		ATG23,CCDC138_cc,COG6_N,FapA,GAIN_A,LUZP2,Phage_Y01A,UPF0184,YbfN	PF29650.1,PF21037.3,PF06419.18,PF03961.20,PF18619.7,PF30756.1,PF25693.2,PF03670.18,PF13982.13	0.00036,0.0042,0.002,0.0055,0.002,7.8e-05,0.0099,0.0042,0.0053
AC1KRZ_003620	AOBS82_9	1	1	1	1	1	0	1	1	1							
AC1KRZ_003621	AOBS82_9	1	1	0	0	0	0	1	0	0							
AC1KRZ_003624	AOBS82_9	1	1	0	0	0	0	0	0	0		Beta-prop_ATRN-LZTR1,Beta-prop_Calicin,Beta-prop_FBX42,Beta-prop_TYW4,Kelch_1,Kelch_FKB95,Kelch_KLHDC2_KLHL20_DRC7	Pfam		Beta-prop_ATRN-LZTR1,Beta-prop_Calicin,Beta-prop_FBX42,Beta-prop_TYW4,Kelch_1,Kelch_FKB95,Kelch_KLHDC2_KLHL20_DRC7	PF24981.2,PF13964.13,PF13415.13,PF13418.13,PF01344.32,PF25210.2,PF24681.2	2.1e-18,4.4e-05,1.3e-19,7.4e-06,0.0036,0.0013,9.5e-29
AC1KRZ_003625	AOBS82_9	1	1	0	0	0	0	1	1	0							
AC1KRZ_003626	AOBS82_9	1	1	0	0	0	0	0	0	0		DUF7783,RasGEF,RasGEF_N,SH3_1,SH3_2	Pfam		DUF7783,RasGEF,RasGEF_N,SH3_1,SH3_2	PF25006.2,PF00617.25,PF00618.26,PF00018.35,PF07653.24	2e-08,2.5e-58,1.5e-15,0.0014,0.0039
AC1KRZ_003630	AOBS82_9	1	1	0	0	0	0	0	0	0		ALIX_LYPXL_bnd,BRO1,DASH_Dad2,PGA2,SKA2,Stm1_N,Tcf25	Pfam		ALIX_LYPXL_bnd,BRO1,DASH_Dad2,PGA2,SKA2,Stm1_N,Tcf25	PF13949.12,PF03097.25,PF08654.16,PF07543.18,PF16740.11,PF09598.16,PF04910.21	8.4e-35,1.8e-59,0.012,0.11,0.24,0.001,5.4e-50
AC1KRZ_003636	AOBS82_9	1	1	0	0	0	0	0	0	0		3HCDH_N,adh_short,adh_short_C2,F420_oxidored	Pfam		3HCDH_N,adh_short,adh_short_C2,F420_oxidored	PF02737.25,PF00106.32,PF13561.13,PF03807.24	0.014,1.7e-21,1.6e-13,0.00096
AC1KRZ_003638	AOBS82_9	1	1	1	0	0	0	0	0	0							
AC1KRZ_003641	AOBS82_9	1	1	1	1	0	0	0	0	0							
AC1KRZ_003644	AOBS82_9	1	1	1	1	0	0	1	1	0							
AC1KRZ_003653	AOBS82_9	1	1	0	0	0	0	0	0	0		YOL036W_C	Pfam		YOL036W_C	PF29045.1	2.3e-17
AC1KRZ_003657	AOBS82_9	1	1	1	1	1	0	0	0	1							
AC1KRZ_003660	AOBS82_9	1	1	0	0	0	0	0	0	0		ANKFN1_mid,DUF5658,DUF6057,EMP70,MHYT,Peptidase_A8,Peptidase_S10	Pfam		ANKFN1_mid,DUF5658,DUF6057,EMP70,MHYT,Peptidase_A8,Peptidase_S10	PF31008.1,PF18902.6,PF19529.5,PF02990.22,PF03707.22,PF01252.24,PF00450.29	3.5e-08,3.3,0.026,5.2,3e-21,7.8,4.6e-72
AC1KRZ_003661	AOBS82_9	1	1	0	0	0	0	0	0	0		2-Hacid_dh_C,3HCDH_N,AlaDh_PNT_C,DAO,FAD_binding_2,FAD_oxidored,GIDA,HI0933_like,Lys_Orn_oxgnase,NAD_binding_8,Pyr_redox,Pyr_redox_2,Pyr_redox_3,Pyr_redox_dim,Thi4	Pfam		2-Hacid_dh_C,3HCDH_N,AlaDh_PNT_C,DAO,FAD_binding_2,FAD_oxidored,GIDA,HI0933_like,Lys_Orn_oxgnase,NAD_binding_8,Pyr_redox,Pyr_redox_2,Pyr_redox_3,Pyr_redox_dim,Thi4	PF02826.26,PF02737.25,PF01262.28,PF01266.31,PF00890.31,PF12831.14,PF01134.29,PF03486.21,PF13434.13,PF13450.13,PF00070.34,PF07992.21,PF13738.13,PF02852.29,PF01946.24	0.032,0.037,0.0013,2.6e-06,0.00013,2.1e-07,0.00011,4.2e-05,7.2e-05,0.00064,4.4e-24,6.8e-62,2.3e-13,1.5e-32,0.014
AC1KRZ_003662	AOBS82_9	1	1	0	0	0	0	1	0	0							
AC1KRZ_003666	AOBS82_9	1	1	0	0	0	0	0	0	0		SOG2	Pfam		SOG2	PF10428.15	1.8e-41
AC1KRZ_003668	AOBS82_9	1	1	0	0	0	0	0	0	0		MPP6	Pfam		MPP6	PF10175.16	3e-08
AC1KRZ_003669	AOBS82_9	1	1	0	0	0	0	1	1	0							
AC1KRZ_003670	AOBS82_9	1	1	0	0	0	0	0	0	1							
AC1KRZ_003671	AOBS82_9	1	1	1	1	1	0	1	1	1							
AC1KRZ_003672	AOBS82_9	1	1	1	1	1	0	1	1	1							
AC1KRZ_003674	AOBS82_9	1	1	1	1	1	0	0	0	1							
AC1KRZ_003675	AOBS82_9	1	1	1	1	1	0	1	0	1							
AC1KRZ_003678	AOBS82_9	1	1	0	0	0	0	0	0	1							
AC1KRZ_003680	AOBS82_9	1	1	0	0	0	0	0	0	0		CFEM,PGA28-like_dom,US29	Pfam		CFEM,PGA28-like_dom,US29	PF05730.17,PF29052.1,PF25728.2	7.1e-08,0.037,0.095
AC1KRZ_003693	AOBS82_9	1	1	1	0	1	0	0	0	0							
AC1KRZ_003696	AOBS82_9	1	1	0	0	0	0	0	0	0		RWD,SH3_ISE2,UQ_con	Pfam		RWD,SH3_ISE2,UQ_con	PF05773.28,PF25446.2,PF00179.32	0.0036,0.016,2.3e-38
AC1KRZ_003699	AOBS82_9	1	1	0	0	0	0	0	0	0							
AC1KRZ_003702	AOBS82_9	1	1	0	0	0	0	0	0	0		Nbl1_Borealin_N	Pfam		Nbl1_Borealin_N	PF10444.15	0.013
AC1KRZ_003704	AOBS82_9	1	1	0	0	1	0	0	0	1							
AC1KRZ_003707	AOBS82_9	1	1	0	0	0	0	0	1	0							
AC1KRZ_003709	AOBS82_9	1	1	0	0	0	0	0	0	0		Plug_translocon	Pfam		Plug_translocon	PF10559.15	0.0031
AC1KRZ_003713	AOBS82_9	1	1	0	0	0	0	0	0	1							
AC1KRZ_003714	AOBS82_9	1	1	0	0	0	0	0	0	0		Phosphodiest,SelB_WH1,SGSH_C,Sulfatase,Sulfatase_C	Pfam		Phosphodiest,SelB_WH1,SGSH_C,Sulfatase,Sulfatase_C	PF01663.28,PF22153.3,PF16347.11,PF00884.29,PF14707.12	0.00018,0.0077,2.7e-10,2.8e-54,0.0007
AC1KRZ_003716	AOBS82_9	1	1	1	1	1	0	1	1	1							
AC1KRZ_003718	AOBS82_9	1	1	1	1	1	0	0	0	0							
AC1KRZ_003719	AOBS82_9	1	1	1	1	1	0	1	0	1							
AC1KRZ_003723	AOBS82_9	1	1	0	0	0	0	0	1	0							
AC1KRZ_003724	AOBS82_9	1	1	1	1	1	0	0	0	1							
AC1KRZ_003725	AOBS82_9	1	1	0	0	0	0	1	1	0							
AC1KRZ_003727	AOBS82_9	1	1	1	1	1	0	1	1	1							
AC1KRZ_003730	AOBS82_9	1	1	0	0	0	0	0	0	0		CLIC-like_N,Glutaredoxin,GST_C_5,GST_N,GST_N_2,GST_N_3	Pfam		CLIC-like_N,Glutaredoxin,GST_C_5,GST_N,GST_N_2,GST_N_3	PF22441.3,PF00462.31,PF16865.11,PF02798.27,PF13409.13,PF13417.13	0.00011,0.0022,0.0057,4e-13,7.8e-17,4.5e-13
AC1KRZ_003737	AOBS82_9	1	1	0	0	0	0	1	1	0							
AC1KRZ_003740	AOBS82_9	1	1	0	0	0	0	0	0	0		Aldedh,LuxC,Reov_VP3_MTase1	Pfam		Aldedh,LuxC,Reov_VP3_MTase1	PF00171.28,PF05893.20,PF20831.3	2.9e-128,1.7e-05,0.011
AC1KRZ_003741	AOBS82_9	1	1	1	1	1	0	0	0	1							
AC1KRZ_003742	AOBS82_9	1	1	0	0	0	0	0	0	0							
AC1KRZ_003749	AOBS82_9	1	1	0	0	0	0	0	0	0		ANAPC4_WD40,Beta-prop_ACSF4,Beta-prop_Aladin,Beta-prop_CAF1B_HIR1,Beta-prop_EML,Beta-prop_EML_2,Beta-prop_HPS5,Beta-prop_IFT122_1st,Beta-prop_IFT140_1st,Beta-prop_NOL10_N,Beta-prop_THOC3,Beta-prop_VPS8,Beta-prop_WDR19_1st,Beta-prop_WDR35_TULP_N,Beta-prop_WDR36-Utp21_1st,Beta-prop_WDR36-Utp21_2nd,Beta-prop_WDR3_1st,Beta-prop_WDR3_2nd,Beta-prop_WDR5,Beta-prop_WDR75_1st,Beta-prop_WDR90_POC16_2nd,NBCH_WD40,WD40,WD40_CDC20-Fz,WD40_Gbeta,WD40_MABP1-WDR62_2nd,WD40_Prp19,WD40_WDHD1_1st,WDR55	Pfam		ANAPC4_WD40,Beta-prop_ACSF4,Beta-prop_Aladin,Beta-prop_CAF1B_HIR1,Beta-prop_EML,Beta-prop_EML_2,Beta-prop_HPS5,Beta-prop_IFT122_1st,Beta-prop_IFT140_1st,Beta-prop_NOL10_N,Beta-prop_THOC3,Beta-prop_VPS8,Beta-prop_WDR19_1st,Beta-prop_WDR35_TULP_N,Beta-prop_WDR36-Utp21_1st,Beta-prop_WDR36-Utp21_2nd,Beta-prop_WDR3_1st,Beta-prop_WDR3_2nd,Beta-prop_WDR5,Beta-prop_WDR75_1st,Beta-prop_WDR90_POC16_2nd,NBCH_WD40,WD40,WD40_CDC20-Fz,WD40_Gbeta,WD40_MABP1-WDR62_2nd,WD40_Prp19,WD40_WDHD1_1st,WDR55	PF12894.14,PF13570.14,PF25460.2,PF24105.2,PF23409.2,PF23414.2,PF23756.2,PF23381.2,PF23383.2,PF23098.2,PF25174.2,PF23410.5,PF23389.2,PF24797.2,PF25171.2,PF25168.2,PF25173.2,PF25172.2,PF25175.2,PF23869.2,PF23393.3,PF20426.5,PF00400.39,PF24807.2,PF25391.2,PF24782.3,PF24814.2,PF24817.2,PF24796.2	2.9e-16,0.0023,5.1e-06,3.8e-06,2.1e-06,1.5e-25,3.2e-07,2.9e-21,3.4e-05,1.9e-08,1e-28,5.2e-08,2.2e-08,2.9e-05,1.6e-11,5.5e-06,1.2e-16,1.2e-08,5.7e-23,0.00062,1.8e-06,0.0004,2.3e-18,7e-16,5.9e-05,2.4e-06,2.3e-19,6.3e-16,2.7e-17
AC1KRZ_003750	AOBS82_9	1	1	0	0	0	0	0	0	0		CwfJ_C_1,CwfJ_C_2,HIT,zf-CCHC,zf-CCHC_2	Pfam		CwfJ_C_1,CwfJ_C_2,HIT,zf-CCHC,zf-CCHC_2	PF04677.21,PF04676.20,PF01230.30,PF00098.29,PF13696.12	6.1e-25,5.6e-14,0.0064,0.0055,6.5e-10
AC1KRZ_003758	AOBS82_9	1	1	1	1	1	0	0	0	1							
AC1KRZ_003760	AOBS82_9	1	1	0	0	0	0	0	0	0		Med14	Pfam		Med14	PF08638.17	0.0087
AC1KRZ_003761	AOBS82_9	1	1	0	1	1	0	1	1	1							
AC1KRZ_003767	AOBS82_9	1	1	0	0	0	0	0	0	0		SUZ	Pfam		SUZ	PF12752.13	3.9e-10
AC1KRZ_003773	AOBS82_9	1	1	1	1	1	0	1	1	1							
AC1KRZ_003775	AOBS82_9	1	1	0	0	0	0	0	0	0		Adaptin_N,Arm,ARM_TBCD_2nd,CheX,Cnd1,Cohesin_HEAT,ECM29_N,GNC1_N,HEAT,HEAT_2,HEAT_ECM29,HEAT_EF3_GNC1,HEAT_EF3_N,HEAT_EZ,HEAT_GCN1,HEAT_GCN1_2,HEAT_GCN1_C,HEAT_GCN1_C_2,HEAT_IPO9_c,HEAT_Maestro,HEAT_MROH2B_C,IBN_N,IFRD,Importin_rep_6,Ltn1_1st,MMS19_C,MMS19_N,ParcG,PDS5,RIX1,RPN2_N,RTP1_C1,Rv2240c,TOR1L1_N,TPR_DNAAF5,TPR_IMB1,TPR_IPO5,Tti2,UME,UTP20_C,Vac14_Fab1_bd	Pfam		Adaptin_N,Arm,ARM_TBCD_2nd,CheX,Cnd1,Cohesin_HEAT,ECM29_N,GNC1_N,HEAT,HEAT_2,HEAT_ECM29,HEAT_EF3_GNC1,HEAT_EF3_N,HEAT_EZ,HEAT_GCN1,HEAT_GCN1_2,HEAT_GCN1_C,HEAT_GCN1_C_2,HEAT_IPO9_c,HEAT_Maestro,HEAT_MROH2B_C,IBN_N,IFRD,Importin_rep_6,Ltn1_1st,MMS19_C,MMS19_N,ParcG,PDS5,RIX1,RPN2_N,RTP1_C1,Rv2240c,TOR1L1_N,TPR_DNAAF5,TPR_IMB1,TPR_IPO5,Tti2,UME,UTP20_C,Vac14_Fab1_bd	PF01602.27,PF00514.30,PF25767.2,PF13690.12,PF12717.14,PF12765.14,PF13001.14,PF24993.2,PF02985.29,PF13646.13,PF24492.2,PF24984.2,PF24987.2,PF13513.13,PF23271.2,PF26715.1,PF25786.1,PF25801.2,PF25018.2,PF21047.4,PF23227.2,PF03810.26,PF05004.20,PF18829.8,PF22958.3,PF12460.15,PF14500.12,PF10274.16,PF20168.5,PF08167.19,PF21505.4,PF10363.16,PF27150.1,PF24714.2,PF25757.2,PF25574.2,PF25780.2,PF10521.15,PF08064.19,PF23099.2,PF12755.14	4.1e-06,1.1e-06,0.0083,0.015,1.1e-10,0.0012,0.00014,0.00088,3.4e-13,2.4e-13,9.4e-08,4.9e-06,3.4e-10,4.5e-25,9.9e-23,0.0056,4.5e-07,0.00015,0.00017,0.00059,3.4e-08,2.3e-08,3.6e-07,2.9e-05,1.2e-09,3.2e-05,1.4e-07,9.2e-08,1.6e-05,2.4e-07,0.0088,6.6e-05,0.029,6.6e-19,1.5e-09,7.3e-19,1.4e-29,0.004,4.2e-05,0.013,3.5e-08
AC1KRZ_003778	AOBS82_9	1	1	0	0	0	0	0	0	0							
AC1KRZ_003779	AOBS82_9	1	1	0	0	0	0	1	0	0							
AC1KRZ_003782	AOBS82_9	1	1	1	0	1	0	0	0	1							
AC1KRZ_003785	AOBS82_9	1	1	0	0	0	0	0	0	0		ACBP4_C,CEP131_C,CpG_bind_C,DUF3537,FKBP15,Phage_T4_Y05D,Rab11-FIP3,Rod_CreS	Pfam		ACBP4_C,CEP131_C,CpG_bind_C,DUF3537,FKBP15,Phage_T4_Y05D,Rab11-FIP3,Rod_CreS	PF24922.1,PF27695.1,PF12269.14,PF12056.14,PF23649.2,PF26901.1,PF25450.2,PF19220.7	1.7,5.1,1.2,0.016,1.3,3.1,6.4,2.5
AC1KRZ_003787	AOBS82_9	1	1	0	1	1	0	0	0	1							
AC1KRZ_003789	AOBS82_9	1	1	0	0	0	0	0	0	0		CC1_STRIPAK,CTE_SPB4,CTT_SPB4,DEAD,Flavi_DEAD,Helicase_C,ResIII	Pfam		CC1_STRIPAK,CTE_SPB4,CTT_SPB4,DEAD,Flavi_DEAD,Helicase_C,ResIII	PF27557.1,PF13959.12,PF23681.2,PF00270.36,PF07652.21,PF00271.38,PF04851.22	2.2,5.3e-13,2.7e-09,8.3e-43,0.00072,1.1e-22,3.8e-08
AC1KRZ_003792	AOBS82_9	1	1	0	0	0	0	0	0	0		CENP-B_dimeris,GramPos_pilinD1,PHM7_cyt,RRM_1,RRM_10,RRM_11,RRM_5,RRM_7,RRM_MUD2_C	Pfam		CENP-B_dimeris,GramPos_pilinD1,PHM7_cyt,RRM_1,RRM_10,RRM_11,RRM_5,RRM_7,RRM_MUD2_C	PF09026.15,PF16555.12,PF14703.13,PF00076.29,PF22976.3,PF28441.1,PF13893.13,PF16367.12,PF29326.1	0.058,1.2,5.3e-05,5.8e-65,0.00018,4.3e-12,8.3e-05,7e-05,0.0039
AC1KRZ_003793	AOBS82_9	1	1	1	0	1	0	0	0	0							
AC1KRZ_003797	AOBS82_9	1	1	0	0	0	0	1	0	1							
AC1KRZ_003798	AOBS82_9	1	1	0	0	1	0	0	0	1							
AC1KRZ_003799	AOBS82_9	1	1	0	0	0	0	1	1	0							
AC1KRZ_003801	AOBS82_9	1	1	1	0	1	0	0	0	1							
AC1KRZ_003804	AOBS82_9	1	1	0	0	0	0	0	0	0		Apc5_N,MutS5_N,MutS_III,MutS_IV,MutS_V,nSTAND_NTPase5	Pfam		Apc5_N,MutS5_N,MutS_III,MutS_IV,MutS_V,nSTAND_NTPase5	PF21371.3,PF27035.1,PF05192.24,PF05190.24,PF00488.28,PF25199.2	0.011,9.9e-27,6.2e-22,0.0095,1.5e-46,0.013
AC1KRZ_003806	AOBS82_9	1	1	1	0	1	0	0	0	1							
AC1KRZ_003807	AOBS82_9	1	1	1	1	1	0	1	1	1							
AC1KRZ_003809	AOBS82_9	1	1	0	0	0	0	0	0	0		DUF1478,DUF1494,DUF3336,Patatin,RabGAP-TBC	Pfam		DUF1478,DUF1494,DUF3336,Patatin,RabGAP-TBC	PF07349.16,PF07379.16,PF11815.14,PF01734.28,PF00566.26	0.0048,0.001,3.3e-39,2.5e-23,0.00014
AC1KRZ_003810	AOBS82_9	1	1	1	1	1	0	1	0	1							
AC1KRZ_003813	AOBS82_9	1	1	0	0	0	0	0	0	0		Casc1_N,DUF5843,Herpes_DNAp_acc,MAJIN,RR_TM4-6,SR-25,TP_0598_N	Pfam		Casc1_N,DUF5843,Herpes_DNAp_acc,MAJIN,RR_TM4-6,SR-25,TP_0598_N	PF15927.11,PF19161.6,PF04929.18,PF15077.12,PF06459.18,PF10500.15,PF29788.1	6.5,0.76,3.9,0.22,0.56,0.034,2.2
AC1KRZ_003815	AOBS82_9	1	1	1	1	1	0	1	0	1							
AC1KRZ_003816	AOBS82_9	1	1	0	0	0	0	0	0	0							
AC1KRZ_003820	AOBS82_9	1	1	0	0	0	0	0	0	0		ABM	Pfam		ABM	PF03992.23	3.8e-12
AC1KRZ_003824	AOBS82_9	1	1	1	1	1	0	1	1	1							
AC1KRZ_003825	AOBS82_9	1	1	1	1	1	0	0	1	1							
AC1KRZ_003828	AOBS82_9	1	1	1	1	1	0	0	1	1							
AC1KRZ_003834	AOBS82_9	1	1	0	0	0	0	0	0	0		CLIPPER,Flagellin_D3,Lactonase	Pfam		CLIPPER,Flagellin_D3,Lactonase	PF01345.25,PF08884.17,PF10282.16	0.013,0.00045,0.00041
AC1KRZ_003836	AOBS82_9	1	1	0	0	0	0	0	0	0		DUF2975,Sulfotransfer_3,Sulfotransfer_4	Pfam		DUF2975,Sulfotransfer_3,Sulfotransfer_4	PF11188.14,PF13469.13,PF17784.8	0.11,0.0027,2.1e-49
AC1KRZ_003838	AOBS82_9	1	1	0	0	0	0	0	0	0		Sulfotransfer_3,Sulfotransfer_4	Pfam		Sulfotransfer_3,Sulfotransfer_4	PF13469.13,PF17784.8	0.0011,6.3e-57
AC1KRZ_003841	AOBS82_9	1	1	0	0	0	0	0	0	0		RabGAP-TBC,RabGap-TBC_2	Pfam		RabGAP-TBC,RabGap-TBC_2	PF00566.26,PF23436.2	8.3e-35,1.9e-08
AC1KRZ_003842	AOBS82_9	1	1	0	1	1	0	0	1	1							
AC1KRZ_003843	AOBS82_9	1	1	0	0	0	0	0	0	0		AAA_24,AAA_25,AAA_31,ArsA_ATPase,CbiA,CBP_BcsQ,CNBH_CNNM2_C,cNMP_binding,Cupin_2,Fer4_NifH,nSTAND_NTPase5,ParA,PhoH,RIIa,Ropporin_N,SRP54	Pfam		AAA_24,AAA_25,AAA_31,ArsA_ATPase,CbiA,CBP_BcsQ,CNBH_CNNM2_C,cNMP_binding,Cupin_2,Fer4_NifH,nSTAND_NTPase5,ParA,PhoH,RIIa,Ropporin_N,SRP54	PF13479.13,PF13481.13,PF13614.13,PF02374.22,PF01656.30,PF06564.19,PF25562.3,PF00027.36,PF07883.18,PF00142.25,PF25199.2,PF10609.16,PF02562.23,PF02197.23,PF30489.1,PF00448.29	0.018,0.0037,3.3e-12,8.2e-112,4e-12,0.00086,0.0072,1.9e-41,0.015,2.1e-05,0.0048,8.2e-05,0.0059,6.7e-13,0.0018,0.00031
AC1KRZ_003844	AOBS82_9	1	1	1	1	1	0	0	1	1							
AC1KRZ_003845	AOBS82_9	1	1	1	1	1	0	0	1	1							
AC1KRZ_003846	AOBS82_9	1	1	0	0	0	0	0	0	0		AMPK1_CBM,CBM53,CBM_48,DnaJ_C_2,X25_BaPul_like	Pfam		AMPK1_CBM,CBM53,CBM_48,DnaJ_C_2,X25_BaPul_like	PF16561.12,PF16760.11,PF02922.25,PF27439.2,PF22058.3	3.7e-22,0.0038,0.00031,0.014,0.0028
AC1KRZ_003847	AOBS82_9	1	1	0	0	0	0	0	0	0		Cyclase,Herpes_U44,Phage_base_V	Pfam		Cyclase,Herpes_U44,Phage_base_V	PF04199.20,PF04533.20,PF04717.19	1.5e-13,0.023,0.012
AC1KRZ_003848	AOBS82_9	1	1	0	0	0	0	0	0	0							
AC1KRZ_003852	AOBS82_9	1	1	0	0	0	0	0	0	1							
AC1KRZ_003853	AOBS82_9	1	1	1	1	1	0	1	0	1							
AC1KRZ_003863	AOBS82_9	1	1	1	1	1	0	1	1	1							
AC1KRZ_003864	AOBS82_9	1	1	1	0	1	0	0	0	1							
AC1KRZ_003865	AOBS82_9	1	1	1	1	1	0	0	0	1							
AC1KRZ_003866	AOBS82_9	1	1	0	1	0	0	0	0	1							
AC1KRZ_003869	AOBS82_9	1	1	0	0	0	0	0	0	0		TFIIS_M	Pfam		TFIIS_M	PF07500.20	3.6e-21
AC1KRZ_003871	AOBS82_9	1	1	0	0	0	0	0	0	0		Sec1	Pfam		Sec1	PF00995.29	1e-128
AC1KRZ_003873	AOBS82_9	1	1	0	0	0	0	0	0	0		ADIP,CCDC113_CCDC96_CC,CCDC39,CENP-Q,COG5_N,DivIC,DUF4094,DUF4200,Fez1,FKBP15,FUT8_N_cat,GMNC_CC,HI_1622_C,Lebercilin,LEKR1,McrA_N,ODF2_C,Rv0250c,SHE3,Spc29,TMF_DNA_bd,ZapB,ZapB_rel	Pfam		ADIP,CCDC113_CCDC96_CC,CCDC39,CENP-Q,COG5_N,DivIC,DUF4094,DUF4200,Fez1,FKBP15,FUT8_N_cat,GMNC_CC,HI_1622_C,Lebercilin,LEKR1,McrA_N,ODF2_C,Rv0250c,SHE3,Spc29,TMF_DNA_bd,ZapB,ZapB_rel	PF11559.14,PF13870.12,PF24161.2,PF13094.12,PF10392.16,PF04977.21,PF13334.12,PF13863.12,PF06818.21,PF23649.2,PF19745.6,PF30869.1,PF27549.1,PF15619.12,PF30842.1,PF30443.1,PF27605.1,PF29599.1,PF17078.11,PF17082.11,PF12329.14,PF06005.19,PF28907.1	1.3,0.76,0.011,1.1,0.11,0.57,0.14,1.6,0.18,6.2,0.99,0.54,0.57,0.022,0.24,4.3,0.079,0.012,0.089,0.014,3.6,0.047,0.68
AC1KRZ_003875	AOBS82_9	1	1	0	0	0	0	0	0	0		DUF4097,DUF7330	Pfam		DUF4097,DUF7330	PF13349.13,PF24016.2	9.6e-06,2.7e-08
AC1KRZ_003877	AOBS82_9	1	1	0	0	0	0	0	0	0		DUF1405,DUF5489,DUF6442,MFS_1,Sugar_tr,YmaG	Pfam		DUF1405,DUF5489,DUF6442,MFS_1,Sugar_tr,YmaG	PF07187.17,PF17592.7,PF20040.5,PF07690.22,PF00083.31,PF29611.1	0.014,0.011,0.31,2.8e-09,1.5e-87,4.8
AC1KRZ_003878	AOBS82_9	1	1	0	0	0	0	0	0	0		DUF229,Phosphodiest,SGSH_C,Sulfatase,Sulfatase_C	Pfam		DUF229,Phosphodiest,SGSH_C,Sulfatase,Sulfatase_C	PF02995.23,PF01663.28,PF16347.11,PF00884.29,PF14707.12	9e-05,1.5e-05,5.9e-11,2.2e-60,0.0039
AC1KRZ_003881	AOBS82_9	1	1	0	0	1	0	0	0	0							
AC1KRZ_003887	AOBS82_9	1	1	1	1	1	0	0	0	0							
AC1KRZ_003888	AOBS82_9	1	1	0	0	0	0	0	0	0		AAA,AAA_11,AAA_14,AAA_16,AAA_17,AAA_18,AAA_19,AAA_2,AAA_22,AAA_23,AAA_24,AAA_25,AAA_29,AAA_3,AAA_33,AAA_5,AAA_7,AAA_PrkA,ABC_tran,ChlI,DUF87,IstB_IS21,Lon_C,Lon_lid,LON_substr_bdg,Mg_chelatase,Mt_ATP_synt,NACHT,NB-ARC,NPHP3_N,nSTAND3,NTPase_1,Rad17,RNA_helicase,RsgA_GTPase,RuvB_N,SMC_N,TIP49,TsaE	Pfam		AAA,AAA_11,AAA_14,AAA_16,AAA_17,AAA_18,AAA_19,AAA_2,AAA_22,AAA_23,AAA_24,AAA_25,AAA_29,AAA_3,AAA_33,AAA_5,AAA_7,AAA_PrkA,ABC_tran,ChlI,DUF87,IstB_IS21,Lon_C,Lon_lid,LON_substr_bdg,Mg_chelatase,Mt_ATP_synt,NACHT,NB-ARC,NPHP3_N,nSTAND3,NTPase_1,Rad17,RNA_helicase,RsgA_GTPase,RuvB_N,SMC_N,TIP49,TsaE	PF00004.36,PF13086.13,PF13173.13,PF13191.13,PF13207.13,PF13238.13,PF13245.13,PF07724.21,PF13401.13,PF13476.13,PF13479.13,PF13481.13,PF13555.13,PF07726.18,PF13671.13,PF07728.21,PF12775.14,PF08298.18,PF00005.34,PF13541.13,PF01935.24,PF01695.24,PF05362.20,PF22667.3,PF02190.23,PF01078.28,PF15704.11,PF05729.19,PF00931.29,PF24883.3,PF20720.4,PF03266.22,PF03215.22,PF00910.29,PF03193.23,PF05496.19,PF02463.26,PF06068.20,PF02367.24	4.2e-27,0.9,0.00017,1.7e-06,0.011,0.0049,0.01,2.5e-06,3.3e-05,0.63,0.0059,0.0071,0.014,0.00017,0.0011,6.9e-11,0.01,0.023,0.00045,9.1e-11,0.96,0.0029,2.6e-73,3.2e-16,1.1e-29,0.0027,0.0037,0.0035,0.0073,0.00066,5.1e-05,0.0013,0.0039,0.00087,0.00096,1.7e-05,0.0051,0.0057,0.00091
AC1KRZ_003889	AOBS82_9	1	1	1	1	1	0	0	1	1							
AC1KRZ_003891	AOBS82_9	1	1	0	0	0	0	0	0	0		RNase_PH	Pfam		RNase_PH	PF01138.28	2.2e-31
AC1KRZ_003893	AOBS82_9	1	1	1	1	1	0	0	0	1							
AC1KRZ_003894	AOBS82_9	1	1	0	0	0	0	0	0	0		ARM_TT21,ARM_TT21_C,CFAP70_TPR_C,HAT,HAT_PRP39_C,HAT_PRP39_N,HAT_Syf1_CNRKL1_C,HAT_Syf1_CNRKL1_N,HAT_Syf1_M,Mad3_BUB1_I,NRDE-2,PRP6_TPR,QIL1,SHNi-TPR,Suf,TPR_10,TPR_12,TPR_14,TPR_15,TPR_16,TPR_19,TPR_2,TPR_21,TPR_4,TPR_8,TPR_IF140_C,TPR_MalT,UTP6_C	Pfam		ARM_TT21,ARM_TT21_C,CFAP70_TPR_C,HAT,HAT_PRP39_C,HAT_PRP39_N,HAT_Syf1_CNRKL1_C,HAT_Syf1_CNRKL1_N,HAT_Syf1_M,Mad3_BUB1_I,NRDE-2,PRP6_TPR,QIL1,SHNi-TPR,Suf,TPR_10,TPR_12,TPR_14,TPR_15,TPR_16,TPR_19,TPR_2,TPR_21,TPR_4,TPR_8,TPR_IF140_C,TPR_MalT,UTP6_C	PF25058.2,PF25063.1,PF29407.1,PF02184.23,PF23241.2,PF23240.2,PF23231.2,PF23233.2,PF23220.2,PF08311.19,PF08424.16,PF29376.1,PF15884.11,PF10516.16,PF05843.21,PF13374.13,PF13424.13,PF13428.13,PF13429.13,PF13432.13,PF14559.13,PF07719.24,PF09976.16,PF07721.21,PF13181.13,PF24760.2,PF17874.8,PF24892.2	7e-07,1.5e-05,1.4e-05,3.3,2.4e-23,2.1e-30,1.4e-153,2.2e-62,2.8e-74,2.9e-09,4e-07,4.8e-14,0.0077,7.3e-05,8.2e-20,1.6e-07,3.9e-06,4.2e-19,6.6e-07,1e-05,2.6e-06,3.3e-05,0.00032,0.49,0.0015,0.011,0.0044,9.9e-07
AC1KRZ_003895	AOBS82_9	1	1	0	0	0	0	0	0	0							
AC1KRZ_003896	AOBS82_9	1	1	1	1	1	0	1	1	1							
AC1KRZ_003897	AOBS82_9	1	1	0	0	0	0	0	1	0							
AC1KRZ_003901	AOBS82_9	1	1	0	0	0	0	0	0	0							
AC1KRZ_003906	AOBS82_9	1	1	0	0	0	0	0	0	0		Anticodon_1,Beta-prop_EML,Beta-prop_IFT122_1st,Beta-prop_NWD2_C,Beta-prop_WDR19_1st,Beta-prop_WDR3_1st,Beta-prop_WDR75_2nd,DUF5915,Rav1p_C,WD40	Pfam		Anticodon_1,Beta-prop_EML,Beta-prop_IFT122_1st,Beta-prop_NWD2_C,Beta-prop_WDR19_1st,Beta-prop_WDR3_1st,Beta-prop_WDR75_2nd,DUF5915,Rav1p_C,WD40	PF08264.20,PF23409.2,PF23381.2,PF23586.3,PF23389.2,PF25173.2,PF23769.2,PF19302.6,PF12234.14,PF00400.39	1.1e-11,0.00051,6.9e-05,0.0085,0.00023,7.2e-05,0.00015,6.3e-07,3e-35,0.00083
AC1KRZ_003911	AOBS82_9	1	1	0	0	0	0	0	0	0		RasGEF,RasGEF_N	Pfam		RasGEF,RasGEF_N	PF00617.25,PF00618.26	4.5e-44,3.6e-10
AC1KRZ_003913	AOBS82_9	1	1	1	1	1	0	1	0	1							
AC1KRZ_003917	AOBS82_9	1	1	1	1	1	0	1	1	1							
AC1KRZ_003921	AOBS82_9	1	1	0	0	0	0	0	0	0		Leuk-A4-hydro_C,RWD,UQ_con	Pfam		Leuk-A4-hydro_C,RWD,UQ_con	PF09127.18,PF05773.28,PF00179.32	0.017,0.0005,7.3e-53
AC1KRZ_003923	AOBS82_9	1	1	0	1	0	0	0	0	0							
AC1KRZ_003926	AOBS82_9	1	1	0	0	0	0	0	0	0		SKN1_KRE6_Sbg1	Pfam		SKN1_KRE6_Sbg1	PF03935.23	1.8e-179
AC1KRZ_003927	AOBS82_9	1	1	0	0	0	0	0	0	0		NAD_binding_8,NAD_binding_9,Phage_Coat_A,Pyr_redox_2,SKN1_KRE6_Sbg1	Pfam		NAD_binding_8,NAD_binding_9,Phage_Coat_A,Pyr_redox_2,SKN1_KRE6_Sbg1	PF13450.13,PF13454.13,PF05357.19,PF07992.21,PF03935.23	0.00017,0.011,0.012,2.6e-09,8.8e-137
AC1KRZ_003932	AOBS82_9	1	1	1	1	0	0	1	0	1							
AC1KRZ_003933	AOBS82_9	1	1	0	0	0	0	0	0	0							
AC1KRZ_003934	AOBS82_9	1	1	0	0	0	0	0	0	0		DBINO,DUF7236,HDA2-3,Helicase_C,HpsJ,ResIII,SNF2-rel_dom	Pfam		DBINO,DUF7236,HDA2-3,Helicase_C,HpsJ,ResIII,SNF2-rel_dom	PF13892.12,PF23883.1,PF11496.15,PF00271.38,PF28006.1,PF04851.22,PF00176.30	3e-05,0.00048,8.6e-10,5.7e-27,5.2,1.1e-10,8.1e-86
AC1KRZ_003940	AOBS82_9	1	1	1	1	1	0	0	0	1							
AC1KRZ_003944	AOBS82_9	1	1	1	1	1	0	0	1	0							
AC1KRZ_003954	AOBS82_9	1	1	0	0	0	0	0	0	0		Cir_N,DUF3417	Pfam		Cir_N,DUF3417	PF10197.15,PF11897.14	0.0071,0.0022
AC1KRZ_003956	AOBS82_9	1	1	0	0	0	0	0	0	0		Beta-prop_ACSF4,PIR,PQQ,PQQ_2	Pfam		Beta-prop_ACSF4,PIR,PQQ,PQQ_2	PF13570.14,PF00399.25,PF01011.29,PF13360.14	8.1e-07,6.2e-05,4.9e-12,1.7e-17
AC1KRZ_003957	AOBS82_9	1	1	0	0	0	0	0	0	0		2OG-FeII_Oxy_5,PhyH	Pfam		2OG-FeII_Oxy_5,PhyH	PF13759.13,PF05721.20	0.0032,3.4e-21
AC1KRZ_003958	AOBS82_9	1	1	0	0	0	0	0	0	0		MFS_1,Sugar_tr	Pfam		MFS_1,Sugar_tr	PF07690.22,PF00083.31	7.1e-13,3.6e-80
AC1KRZ_003959	AOBS82_9	1	1	0	0	0	0	0	0	0		2OG-FeII_Oxy_5,Mannosidase_ig,PHL,PhyH,TM140	Pfam		2OG-FeII_Oxy_5,Mannosidase_ig,PHL,PhyH,TM140	PF13759.13,PF17786.8,PF20474.4,PF05721.20,PF14985.12	0.0043,0.011,0.0037,5.1e-22,0.022
AC1KRZ_003960	AOBS82_9	1	1	0	0	0	0	0	0	0		Fungal_trans_2	Pfam		Fungal_trans_2	PF11951.14	1.4e-08
AC1KRZ_003961	AOBS82_9	1	1	0	0	0	0	0	0	0		DUF805,GT2_TM_C,MFS_1,Orf78,Sugar_tr,TMEM40	Pfam		DUF805,GT2_TM_C,MFS_1,Orf78,Sugar_tr,TMEM40	PF05656.21,PF26629.1,PF07690.22,PF06024.18,PF00083.31,PF15817.10	3.2,5.1,1.7e-30,0.029,7.5e-73,0.29
AC1KRZ_003962	AOBS82_9	1	1	1	1	1	0	0	0	1							
AC1KRZ_003963	AOBS82_9	1	1	0	0	0	0	0	0	0		Beta-TrCP_D,C2	Pfam		Beta-TrCP_D,C2	PF12125.14,PF00168.37	0.016,3.5e-12
AC1KRZ_003964	AOBS82_9	1	1	1	0	1	0	0	0	1							
AC1KRZ_003968	AOBS82_9	1	1	0	0	1	0	1	1	1							
AC1KRZ_003970	AOBS82_9	1	1	0	0	0	0	0	0	0		ABC1,Acyl-CoA_dh_1,APH,ATG1-like_MIT1,ATG1-like_MIT2,Pkinase,Pkinase_fungal,PK_Tyr_Ser-Thr	Pfam		ABC1,Acyl-CoA_dh_1,APH,ATG1-like_MIT1,ATG1-like_MIT2,Pkinase,Pkinase_fungal,PK_Tyr_Ser-Thr	PF03109.23,PF00441.30,PF01636.30,PF12063.15,PF21127.5,PF00069.32,PF17667.8,PF07714.24	2.2e-06,0.0017,0.0049,1.8e-15,9.6e-16,7e-66,5.5e-06,2.8e-44
AC1KRZ_003971	AOBS82_9	1	1	0	0	0	0	0	0	0		CFEM,Inhibitor_I67	Pfam		CFEM,Inhibitor_I67	PF05730.17,PF11405.14	2.9,0.0077
AC1KRZ_003972	AOBS82_9	1	1	0	0	0	0	0	0	0		Kinase-like,Pkinase,PK_Tyr_Ser-Thr,Plk4_PB1,RIO1	Pfam		Kinase-like,Pkinase,PK_Tyr_Ser-Thr,Plk4_PB1,RIO1	PF14531.13,PF00069.32,PF07714.24,PF18190.8,PF01163.29	0.0003,1.4e-60,3.6e-32,2.7e-07,0.00085
AC1KRZ_003978	AOBS82_9	1	1	1	1	1	0	1	1	1							
AC1KRZ_003982	AOBS82_9	1	1	0	0	0	0	0	1	0							
AC1KRZ_003987	AOBS82_9	1	1	0	0	0	0	0	0	0							
AC1KRZ_003988	AOBS82_9	1	1	0	0	0	0	0	0	1							
AC1KRZ_003990	AOBS82_9	1	1	0	0	0	0	0	0	0		ERAP1_C,Peptidase_M1,Peptidase_M1_N	Pfam		ERAP1_C,Peptidase_M1,Peptidase_M1_N	PF11838.15,PF01433.27,PF17900.7	3.5e-19,4.7e-83,2.5e-48
AC1KRZ_003992	AOBS82_9	1	1	0	0	1	0	1	0	1							
AC1KRZ_003994	AOBS82_9	1	1	1	1	1	0	1	1	1							
AC1KRZ_003995	AOBS82_9	1	1	0	0	0	0	0	0	0							
AC1KRZ_003997	AOBS82_9	1	1	0	0	0	0	0	0	0							
AC1KRZ_003998	AOBS82_9	1	1	0	0	0	0	0	0	0		DUF6388,Glyco_transf_20,Glyco_transf_5,Thioredoxin_8,Trehalose_PPase	Pfam		DUF6388,Glyco_transf_20,Glyco_transf_5,Thioredoxin_8,Trehalose_PPase	PF19925.6,PF00982.28,PF08323.18,PF13905.13,PF02358.23	0.0053,3e-159,0.0029,0.0044,8.4e-40
AC1KRZ_004001	AOBS82_9	1	1	0	0	0	0	0	0	0		Erg28,LtrA	Pfam		Erg28,LtrA	PF03694.19,PF06772.17	0.0042,1.1e-16
AC1KRZ_004002	AOBS82_9	1	1	0	0	0	0	0	0	0		At1g65710,Cation_efflux,Tmemb_cc2,ZT_dimer	Pfam		At1g65710,Cation_efflux,Tmemb_cc2,ZT_dimer	PF30950.1,PF01545.27,PF10267.15,PF16916.12	0.0084,4.1e-26,0.046,4.3e-06
AC1KRZ_004004	AOBS82_9	1	1	1	1	0	0	1	1	1							
AC1KRZ_004006	AOBS82_9	1	1	1	1	1	0	0	0	1							
AC1KRZ_004009	AOBS82_9	1	1	1	1	1	0	1	1	1							
AC1KRZ_004012	AOBS82_9	1	1	1	1	1	0	1	1	1							
AC1KRZ_004013	AOBS82_9	1	1	1	1	1	0	1	1	0							
AC1KRZ_004032	AOBS82_9	1	1	0	0	0	0	0	0	0		ANAPC4_WD40,ASA1,Beta-prop_ACSF4,Beta-prop_Aladin,Beta-prop_CAF1B_HIR1,Beta-prop_DCAF4,Beta-prop_EML,Beta-prop_EML_2,Beta-prop_HPS5,Beta-prop_IFT122_1st,Beta-prop_IFT140_1st,Beta-prop_LRRK2,Beta-prop_NOL10_N,Beta-prop_RIG_2nd,Beta-prop_SCAP,Beta-prop_SPT8,Beta-prop_TEP1_2nd,Beta-prop_THOC3,Beta-prop_Vps41,Beta-prop_VPS8,Beta-prop_WDR19_1st,Beta-prop_WDR35_TULP_N,Beta-prop_WDR36-Utp21_1st,Beta-prop_WDR36-Utp21_2nd,Beta-prop_WDR3_1st,Beta-prop_WDR3_2nd,Beta-prop_WDR41,Beta-prop_WDR5,Beta-prop_WDR75_1st,Beta-prop_WDR90_POC16_2nd,Cep57_MT_bd,CFAP251_N,DSE1_N,EIF3I,Hira,Methyltransf_15,NBCH_WD40,PAC11,TRM82_WD,WD40,WD40_CDC20-Fz,WD40_Gbeta,WD40_like,WD40_MABP1-WDR62_2nd,WD40_Prp19,WD40_WDHD1_1st,WDR54,WDR55,WDR90_beta-prop_4th	Pfam		ANAPC4_WD40,ASA1,Beta-prop_ACSF4,Beta-prop_Aladin,Beta-prop_CAF1B_HIR1,Beta-prop_DCAF4,Beta-prop_EML,Beta-prop_EML_2,Beta-prop_HPS5,Beta-prop_IFT122_1st,Beta-prop_IFT140_1st,Beta-prop_LRRK2,Beta-prop_NOL10_N,Beta-prop_RIG_2nd,Beta-prop_SCAP,Beta-prop_SPT8,Beta-prop_TEP1_2nd,Beta-prop_THOC3,Beta-prop_Vps41,Beta-prop_VPS8,Beta-prop_WDR19_1st,Beta-prop_WDR35_TULP_N,Beta-prop_WDR36-Utp21_1st,Beta-prop_WDR36-Utp21_2nd,Beta-prop_WDR3_1st,Beta-prop_WDR3_2nd,Beta-prop_WDR41,Beta-prop_WDR5,Beta-prop_WDR75_1st,Beta-prop_WDR90_POC16_2nd,Cep57_MT_bd,CFAP251_N,DSE1_N,EIF3I,Hira,Methyltransf_15,NBCH_WD40,PAC11,TRM82_WD,WD40,WD40_CDC20-Fz,WD40_Gbeta,WD40_like,WD40_MABP1-WDR62_2nd,WD40_Prp19,WD40_WDHD1_1st,WDR54,WDR55,WDR90_beta-prop_4th	PF12894.14,PF29630.1,PF13570.14,PF25460.2,PF24105.2,PF23761.2,PF23409.2,PF23414.2,PF23756.2,PF23381.2,PF23383.2,PF23748.2,PF23098.2,PF23775.2,PF24017.3,PF23798.2,PF25047.1,PF25174.2,PF23411.2,PF23410.5,PF23389.2,PF24797.2,PF25171.2,PF25168.2,PF25173.2,PF25172.2,PF25178.1,PF25175.2,PF23869.2,PF23393.3,PF06657.19,PF30552.1,PF29037.1,PF24805.2,PF07569.17,PF09445.17,PF20426.5,PF30151.1,PF30361.1,PF00400.39,PF24807.2,PF25391.2,PF17005.12,PF24782.3,PF24814.2,PF24817.2,PF21031.3,PF24796.2,PF23342.2	9.6e-09,1.1e-06,1e-08,1.5e-05,2.3e-06,0.0024,7e-12,6.9e-16,2.8e-11,1.2e-15,6.9e-07,1.3e-06,7.5e-06,4.8e-08,4.6e-05,2.6e-05,1.3e-08,1.9e-19,1.6e-07,3e-10,0.0065,7.5e-05,6.5e-13,1.7e-11,2.5e-19,1.3e-15,0.00025,5.8e-17,1.4e-05,0.0044,0.0029,0.00011,2.5e-08,5.9e-08,0.00047,9.5e-20,5.3e-06,3.2e-07,0.016,5.5e-19,1.2e-16,1.8e-06,0.00099,3.3e-06,9.6e-20,6.1e-14,3.6e-05,7.5e-11,0.0037
AC1KRZ_004033	AOBS82_9	1	1	0	1	0	0	1	1	0							
AC1KRZ_004034	AOBS82_9	1	1	0	0	0	0	1	0	0							
AC1KRZ_004045	AOBS82_9	1	1	1	1	1	0	0	0	1							
AC1KRZ_004050	AOBS82_9	1	1	0	0	0	0	0	0	0		Arf,CHCH,COX6B,DUF2076,GTP_EFTU,Gtr1_RagA,Ras,Roc	Pfam		Arf,CHCH,COX6B,DUF2076,GTP_EFTU,Gtr1_RagA,Ras,Roc	PF00025.28,PF06747.19,PF02297.23,PF09849.15,PF00009.34,PF04670.19,PF00071.29,PF08477.20	7.5e-06,3.4e-05,0.014,0.00037,0.0015,0.007,5.2e-40,1.1e-13
AC1KRZ_004054	AOBS82_9	1	1	0	0	0	0	0	0	0		MFS_1,PsbT,Sugar_tr,UBM	Pfam		MFS_1,PsbT,Sugar_tr,UBM	PF07690.22,PF01405.24,PF00083.31,PF14377.12	4.6e-38,3.7,1e-09,0.011
AC1KRZ_004058	AOBS82_9	1	1	0	0	0	0	0	0	0							
AC1KRZ_004059	AOBS82_9	1	1	0	0	0	0	0	1	0							
AC1KRZ_004060	AOBS82_9	1	1	0	0	0	0	0	0	0		Jagunal,RTA1	Pfam		Jagunal,RTA1	PF07086.18,PF04479.19	2,8.5e-36
AC1KRZ_004061	AOBS82_9	1	1	1	1	1	0	1	1	1							
AC1KRZ_004065	AOBS82_9	1	1	0	0	0	0	0	0	0		Fungal_trans,Zn_clus	Pfam		Fungal_trans,Zn_clus	PF04082.24,PF00172.24	8.7e-15,1.9e-11
AC1KRZ_004066	AOBS82_9	1	1	0	0	0	0	0	0	0		Fungal_trans,Zn_clus	Pfam		Fungal_trans,Zn_clus	PF04082.24,PF00172.24	1.2e-22,4.7e-09
AC1KRZ_004071	AOBS82_9	1	1	1	0	0	0	0	0	0							
AC1KRZ_004072	AOBS82_9	1	1	0	0	0	0	0	0	0		4HBT_3,Lar_restr_allev,Zn_ribbon_Elf1	Pfam		4HBT_3,Lar_restr_allev,Zn_ribbon_Elf1	PF13622.13,PF14354.14,PF05129.19	0.015,0.0077,0.0045
AC1KRZ_004073	AOBS82_9	1	1	0	0	0	0	0	0	0		CAF20,Eap1	Pfam		CAF20,Eap1	PF17052.11,PF20566.4	1.4e-05,1.2e-09
AC1KRZ_004081	AOBS82_9	1	1	1	1	1	0	1	1	1							
AC1KRZ_004083	AOBS82_9	1	1	1	1	1	0	1	1	1							
AC1KRZ_004085	AOBS82_9	1	1	0	0	0	0	0	0	0							
AC1KRZ_004086	AOBS82_9	1	1	0	1	1	0	1	1	1							
AC1KRZ_004091	AOBS82_9	1	1	1	1	1	0	0	1	1							
AC1KRZ_004095	AOBS82_9	1	1	1	1	1	0	0	1	1							
AC1KRZ_004098	AOBS82_9	1	1	0	0	0	0	0	0	0		Acetyltransf_1,Acetyltransf_10,Acetyltransf_7,Acetyltransf_9,FR47	Pfam		Acetyltransf_1,Acetyltransf_10,Acetyltransf_7,Acetyltransf_9,FR47	PF00583.32,PF13673.14,PF13508.14,PF13527.14,PF08445.17	1.4e-05,5.8e-07,2.4e-06,5e-06,0.0028
AC1KRZ_004099	AOBS82_9	1	1	0	0	0	0	0	0	0		DUF8746,PIR1-like_C,RAP1	Pfam		DUF8746,PIR1-like_C,RAP1	PF30808.1,PF22799.3,PF07218.17	0.04,0.0008,0.58
AC1KRZ_004100	AOBS82_9	1	1	0	0	0	0	0	0	0		DUF8790,MFS_1,OATP,YWFCY	Pfam		DUF8790,MFS_1,OATP,YWFCY	PF31051.1,PF07690.22,PF03137.27,PF14293.12	4.4,1.1e-26,0.066,0.049
AC1KRZ_000678	AOBS82_9	1	1	0	0	0	0	1	1	0							
AC1KRZ_000679	AOBS82_9	1	1	1	1	1	0	1	0	1							
AC1KRZ_000682	AOBS82_9	1	1	0	0	0	0	0	0	0		RRM_1,RRM_5	Pfam		RRM_1,RRM_5	PF00076.29,PF13893.13	3.8e-08,0.00069
AC1KRZ_000692	AOBS82_9	1	1	1	1	1	0	1	1	1							
AC1KRZ_000693	AOBS82_9	1	1	0	0	0	0	0	0	0		Frey,LptM_cons,MNE1,MSC6_N,PPR,PPR_1,PPR_2,PPR_3,PPR_long,RMD9_mid,Spectrin_SYNE1_2,Suf,TPR_14,TPR_24,TPR_IF140_C,TPR_RPO41_N	Pfam		Frey,LptM_cons,MNE1,MSC6_N,PPR,PPR_1,PPR_2,PPR_3,PPR_long,RMD9_mid,Spectrin_SYNE1_2,Suf,TPR_14,TPR_24,TPR_IF140_C,TPR_RPO41_N	PF15878.11,PF13627.13,PF13762.13,PF29070.1,PF01535.27,PF12854.14,PF13041.13,PF13812.13,PF17177.11,PF28771.1,PF25803.2,PF05843.21,PF13428.13,PF23276.3,PF24760.2,PF26713.1	0.0062,0.019,0.01,1.8e-09,1e-19,6.3e-18,1.1e-32,3.2e-29,2.3e-15,0.01,0.011,0.0067,0.00061,1.7e-13,0.12,6.5e-05
AC1KRZ_000694	AOBS82_9	1	1	1	1	1	0	0	1	1							
AC1KRZ_000702	AOBS82_9	1	1	1	1	1	0	0	0	1							
AC1KRZ_000703	AOBS82_9	1	1	1	1	1	0	1	1	1							
AC1KRZ_000706	AOBS82_9	1	1	0	0	0	0	0	0	0		PGM_PMM_I,PGM_PMM_II,PGM_PMM_III,PGM_PMM_IV	Pfam		PGM_PMM_I,PGM_PMM_II,PGM_PMM_III,PGM_PMM_IV	PF02878.23,PF02879.24,PF02880.23,PF00408.27	9.6e-33,2.4e-25,3.7e-12,4.1e-10
AC1KRZ_000708	AOBS82_9	1	1	0	0	0	0	0	0	0		Cyt-b5,FA_desaturase	Pfam		Cyt-b5,FA_desaturase	PF00173.34,PF00487.31	4.3e-11,8e-30
AC1KRZ_000713	AOBS82_9	1	1	1	1	1	0	0	1	0							
AC1KRZ_000720	AOBS82_9	1	1	0	0	0	0	0	0	0		G_glu_transpept	Pfam		G_glu_transpept	PF01019.28	5.2e-138
AC1KRZ_000728	AOBS82_9	1	1	0	0	0	0	0	0	0		Acetyltransf_1,Acetyltransf_10,Acetyltransf_7	Pfam		Acetyltransf_1,Acetyltransf_10,Acetyltransf_7	PF00583.32,PF13673.14,PF13508.14	0.00021,0.00078,5.9e-08
AC1KRZ_000732	AOBS82_9	1	1	0	0	0	0	0	0	0		OVT1,RRP36,Sds3	Pfam		OVT1,RRP36,Sds3	PF24423.3,PF06102.18,PF08598.17	0.0001,0.012,5.3e-05
AC1KRZ_000739	AOBS82_9	1	1	1	1	1	0	0	0	1							
AC1KRZ_000740	AOBS82_9	1	1	0	0	0	0	0	0	0		FAM131,UQ_con	Pfam		FAM131,UQ_con	PF15010.12,PF00179.32	0.00033,6.3e-36
AC1KRZ_000742	AOBS82_9	1	1	0	0	0	0	0	0	1							
AC1KRZ_000743	AOBS82_9	1	1	0	0	0	0	0	0	0		ATP-grasp_LDMS,Cut12,DUF3584,IPGAL2_N,YuaM	Pfam		ATP-grasp_LDMS,Cut12,DUF3584,IPGAL2_N,YuaM	PF30763.1,PF11500.14,PF12128.15,PF28743.1,PF30159.1	0.013,5.5,8.1,0.0051,1.1
AC1KRZ_000751	AOBS82_9	1	1	1	1	1	0	0	1	1							
AC1KRZ_000753	AOBS82_9	1	1	0	0	0	0	1	1	0							
AC1KRZ_000761	AOBS82_9	1	1	1	1	1	0	1	1	1							
AC1KRZ_000762	AOBS82_9	1	1	1	1	1	0	0	0	1							
AC1KRZ_000765	AOBS82_9	1	1	1	1	1	0	1	1	1							
AC1KRZ_000766	AOBS82_9	1	1	1	1	1	0	1	0	1							
AC1KRZ_000771	AOBS82_9	1	1	1	1	1	0	0	0	1							
AC1KRZ_000778	AOBS82_9	1	1	1	0	1	0	1	1	1							
AC1KRZ_000779	AOBS82_9	1	1	1	1	1	0	1	1	1							
AC1KRZ_000784	AOBS82_9	1	1	0	0	0	0	0	0	0		Actin	Pfam		Actin	PF00022.27	8.3e-78
AC1KRZ_000788	AOBS82_9	1	1	0	1	0	0	0	1	1							
AC1KRZ_000789	AOBS82_9	1	1	1	0	0	0	0	1	1							
AC1KRZ_000792	AOBS82_9	1	1	1	1	1	0	1	1	1							
AC1KRZ_000793	AOBS82_9	1	1	1	0	1	0	0	0	1							
AC1KRZ_000797	AOBS82_9	1	1	0	0	0	0	0	0	0							
AC1KRZ_000801	AOBS82_9	1	1	0	0	0	0	0	0	0		BACK,DUF7924,PDDEXK_12	Pfam		BACK,DUF7924,PDDEXK_12	PF07707.22,PF25545.2,PF20516.5	0.0047,4.4e-05,2.3e-07
AC1KRZ_000802	AOBS82_9	1	1	0	0	0	0	0	0	0							
AC1KRZ_000808	AOBS82_9	1	1	1	1	1	0	0	0	1							
AC1KRZ_000813	AOBS82_9	1	1	1	0	1	0	1	1	1							
AC1KRZ_000814	AOBS82_9	1	1	0	0	0	0	0	0	0		Fucose_pyrophosphorylase,GMPPB_C,Hexapep,Hexapep_GlmU,LbH_EIF2B,NTP_transferase,NTP_transf_3,Pgp3_N,WIV_dom	Pfam		Fucose_pyrophosphorylase,GMPPB_C,Hexapep,Hexapep_GlmU,LbH_EIF2B,NTP_transferase,NTP_transf_3,Pgp3_N,WIV_dom	PF07959.19,PF25087.2,PF00132.31,PF24894.2,PF25084.2,PF00483.30,PF12804.14,PF20858.2,PF22532.3	0.0017,8e-37,2.9e-10,1.3e-05,4.7e-09,2.3e-32,1.3e-06,0.0074,0.011
AC1KRZ_000816	AOBS82_9	1	1	0	0	0	0	0	0	0		BBS1	Pfam		BBS1	PF14779.13	0.0099
AC1KRZ_000818	AOBS82_9	1	1	0	0	0	0	0	0	0		Robl_LC7	Pfam		Robl_LC7	PF03259.24	0.0064
AC1KRZ_000819	AOBS82_9	1	1	1	0	0	0	0	0	0							
AC1KRZ_000822	AOBS82_9	1	1	0	0	0	0	0	0	0		TauD	Pfam		TauD	PF02668.23	2.3e-45
AC1KRZ_000826	AOBS82_9	1	1	0	0	0	0	0	0	0		CN_hydrolase,DNApolII_N	Pfam		CN_hydrolase,DNApolII_N	PF00795.28,PF21474.4	1.6e-32,0.0021
AC1KRZ_000830	AOBS82_9	1	1	1	1	1	0	1	1	1							
AC1KRZ_000831	AOBS82_9	1	1	0	0	0	0	0	0	0		B0252_5_C,p450	Pfam		B0252_5_C,p450	PF29357.1,PF00067.28	0.018,5.6e-75
AC1KRZ_000832	AOBS82_9	1	1	0	0	0	0	0	0	0		Fungal_trans_2,Zn_clus	Pfam		Fungal_trans_2,Zn_clus	PF11951.14,PF00172.24	8.2e-26,6.8e-11
AC1KRZ_000834	AOBS82_9	1	1	0	0	0	0	0	0	0		AZUL,HECT,VMAP-M19	Pfam		AZUL,HECT,VMAP-M19	PF16558.11,PF00632.31,PF20022.4	9.7e-15,1.6e-80,0.015
AC1KRZ_000835	AOBS82_9	1	1	0	1	0	0	0	0	0							
AC1KRZ_000838	AOBS82_9	1	1	0	0	0	0	0	0	0		Transketolase_C,Transket_pyr	Pfam		Transketolase_C,Transket_pyr	PF02780.26,PF02779.30	4.5e-30,1.3e-39
AC1KRZ_000842	AOBS82_9	1	1	0	0	0	0	1	0	0							
AC1KRZ_000844	AOBS82_9	1	1	1	1	1	0	1	1	1							
AC1KRZ_000845	AOBS82_9	1	1	0	0	0	0	0	0	0		YfbN_C,Zf-C2H2_ZNF451_2nd	Pfam		YfbN_C,Zf-C2H2_ZNF451_2nd	PF30162.1,PF23102.2	0.0055,0.0056
AC1KRZ_000846	AOBS82_9	1	1	0	0	0	0	0	0	0		Cyt-b5,FMN_dh,Glu_synthase,IMPDH,NMO,ThiG	Pfam		Cyt-b5,FMN_dh,Glu_synthase,IMPDH,NMO,ThiG	PF00173.34,PF01070.25,PF01645.24,PF00478.32,PF03060.22,PF05690.21	3e-22,5.8e-107,7.9e-06,0.0027,0.0043,2.2e-05
AC1KRZ_000847	AOBS82_9	1	1	1	0	0	0	0	0	0							
AC1KRZ_000848	AOBS82_9	1	1	0	0	0	0	0	0	0		MR_MLE_C,MR_MLE_N	Pfam		MR_MLE_C,MR_MLE_N	PF13378.13,PF02746.22	1.8e-39,1.4e-10
AC1KRZ_000849	AOBS82_9	1	1	0	0	0	0	0	0	0		Glycohydro_20b2,Glyco_hydro_20,Glyco_hydro_20b	Pfam		Glycohydro_20b2,Glyco_hydro_20,Glyco_hydro_20b	PF14845.12,PF00728.29,PF02838.21	3.4e-18,6.8e-68,1.3e-06
AC1KRZ_000850	AOBS82_9	1	1	1	1	1	0	1	0	0							
AC1KRZ_000851	AOBS82_9	1	1	0	0	0	0	0	0	0		Aa_trans,AC_N,Nod_GRP	Pfam		Aa_trans,AC_N,Nod_GRP	PF01490.25,PF16214.10,PF07806.17	1.8e-30,0.25,0.066
AC1KRZ_000852	AOBS82_9	1	1	1	1	1	0	0	0	1							
AC1KRZ_004102	AOBS82_9	1	1	0	0	0	0	0	0	0		DEAD,ERCC3_RAD25_C,Helicase_C,MDM34_helical,PhoH,ResIII,SecA_DEAD	Pfam		DEAD,ERCC3_RAD25_C,Helicase_C,MDM34_helical,PhoH,ResIII,SecA_DEAD	PF00270.36,PF16203.12,PF00271.38,PF28762.1,PF02562.23,PF04851.22,PF07517.21	2.4e-50,0.0042,1.2e-35,0.0003,0.0069,1.6e-08,6.5e-05
AC1KRZ_004108	AOBS82_9	1	1	1	0	1	0	0	0	1							
AC1KRZ_004112	AOBS82_9	1	1	1	1	1	0	0	0	1							
AC1KRZ_004118	AOBS82_9	1	1	0	0	0	0	0	0	0		DUF8805,Med14,Ribosomal_S4,S4	Pfam		DUF8805,Med14,Ribosomal_S4,S4	PF31080.1,PF08638.17,PF00163.25,PF01479.31	0.0092,0.0091,4.9e-20,1.1e-13
AC1KRZ_004119	AOBS82_9	1	1	1	1	0	0	1	1	1							
AC1KRZ_004122	AOBS82_9	1	1	0	0	0	0	0	0	0		3HCDH_N,AlaDh_PNT_C,Amino_oxidase,ApbA,DAO,FAD_binding_2,FAD_binding_3,FAD_oxidored,GIDA,HI0933_like,Lycopene_cycl,MurD-like_N,NAD_binding_7,NAD_binding_8,NAD_binding_9,Pedibin,Pyr_redox,Pyr_redox_2,Pyr_redox_3,Thi4,TrkA_N,Trp_halogenase,TTMP_N,UDPG_MGDP_dh_N	Pfam		3HCDH_N,AlaDh_PNT_C,Amino_oxidase,ApbA,DAO,FAD_binding_2,FAD_binding_3,FAD_oxidored,GIDA,HI0933_like,Lycopene_cycl,MurD-like_N,NAD_binding_7,NAD_binding_8,NAD_binding_9,Pedibin,Pyr_redox,Pyr_redox_2,Pyr_redox_3,Thi4,TrkA_N,Trp_halogenase,TTMP_N,UDPG_MGDP_dh_N	PF02737.25,PF01262.28,PF01593.31,PF02558.23,PF01266.31,PF00890.31,PF01494.26,PF12831.14,PF01134.29,PF03486.21,PF05834.19,PF21799.3,PF13241.13,PF13450.13,PF13454.13,PF08182.16,PF00070.34,PF07992.21,PF13738.13,PF01946.24,PF02254.25,PF04820.21,PF28682.1,PF03721.22	0.0019,0.0039,4.4e-30,0.0021,2e-15,3.9e-09,2.6e-07,2e-06,4.7e-05,8e-06,0.00012,0.00024,0.017,1.8e-16,0.001,0.028,1.4e-06,7.9e-12,2.2e-05,7.4e-06,0.0055,0.029,0.023,0.0052
AC1KRZ_004133	AOBS82_9	1	1	0	0	0	0	0	0	0		AAA,AAA_11,AAA_16,AAA_2,AAA_22,AAA_24,AAA_28,AAA_3,AAA_33,AAA_5,AAA_6,AAA_7,ABC_tran,ATPase,BNIP3,ClpB_D2-small,DEAD,IstB_IS21,MCM,Mg_chelatase,NACHT,NPHP3_N,nSTAND3,nSTAND6,PhoH,PPV_E1_C,ResIII,RNA_helicase,RuvB_N,Sigma54_activat,T2SSE,TsaE	Pfam		AAA,AAA_11,AAA_16,AAA_2,AAA_22,AAA_24,AAA_28,AAA_3,AAA_33,AAA_5,AAA_6,AAA_7,ABC_tran,ATPase,BNIP3,ClpB_D2-small,DEAD,IstB_IS21,MCM,Mg_chelatase,NACHT,NPHP3_N,nSTAND3,nSTAND6,PhoH,PPV_E1_C,ResIII,RNA_helicase,RuvB_N,Sigma54_activat,T2SSE,TsaE	PF00004.36,PF13086.13,PF13191.13,PF07724.21,PF13401.13,PF13479.13,PF13521.13,PF07726.18,PF13671.13,PF07728.21,PF12774.14,PF12775.14,PF00005.34,PF06745.20,PF06553.18,PF10431.16,PF00270.36,PF01695.24,PF00493.30,PF01078.28,PF05729.19,PF24883.3,PF20720.4,PF25201.1,PF02562.23,PF00519.24,PF04851.22,PF00910.29,PF05496.19,PF00158.33,PF00437.27,PF02367.24	7.5e-16,0.015,0.00039,3.4e-30,1.9e-05,0.0068,0.011,0.013,0.0062,5.8e-08,0.0035,0.00064,0.0056,0.012,0.0014,2.3e-10,0.00087,0.001,8.6e-05,6.9e-06,0.012,0.0016,0.012,0.018,0.0033,0.012,0.012,0.0042,0.0042,0.00011,0.00028,0.00031
AC1KRZ_004135	AOBS82_9	1	1	0	0	0	0	0	0	0		Arm,ARM_PUB,Cnd1,HEAT,HEAT_2,HEAT_EF3_N,HEAT_EZ,HEAT_GCN1_C,IFRD,PIK3R4-like_middle,SIL1_FES1_HPBP1_C,TOR1L1_N,V-ATPase_H_C,Vac14_Fab1_bd,VID28_C	Pfam		Arm,ARM_PUB,Cnd1,HEAT,HEAT_2,HEAT_EF3_N,HEAT_EZ,HEAT_GCN1_C,IFRD,PIK3R4-like_middle,SIL1_FES1_HPBP1_C,TOR1L1_N,V-ATPase_H_C,Vac14_Fab1_bd,VID28_C	PF00514.30,PF25598.2,PF12717.14,PF02985.29,PF13646.13,PF24987.2,PF13513.13,PF25786.1,PF05004.20,PF22956.3,PF28415.2,PF24714.2,PF11698.15,PF12755.14,PF30130.1	1.5e-24,4.4e-07,5.1e-05,8.5e-16,3.2e-11,0.00097,2.2e-12,0.0014,1.9e-05,0.01,1.7e-05,7e-06,0.0011,0.00011,3.4e-15
AC1KRZ_004136	AOBS82_9	1	1	0	0	0	0	0	0	0		AAA_16,AAA_19,AAA_22,ATP-synt_ab,ATP-synt_ab_N,ATP-synt_VA_C,ATPase,NACHT,NB-ARC,RNA_helicase,RnfC_N,RsgA_GTPase,T3SS_ATPase_C,TrwB_AAD_bind	Pfam		AAA_16,AAA_19,AAA_22,ATP-synt_ab,ATP-synt_ab_N,ATP-synt_VA_C,ATPase,NACHT,NB-ARC,RNA_helicase,RnfC_N,RsgA_GTPase,T3SS_ATPase_C,TrwB_AAD_bind	PF13191.13,PF13245.13,PF13401.13,PF00006.32,PF02874.30,PF22919.2,PF06745.20,PF05729.19,PF00931.29,PF00910.29,PF13375.13,PF03193.23,PF18269.7,PF10412.16	0.0024,0.0081,0.00016,1.5e-69,2.3e-22,1.1e-17,0.0029,0.009,0.0002,0.018,0.0045,0.0069,0.0016,0.012
AC1KRZ_004137	AOBS82_9	1	1	0	1	1	0	1	1	0							
AC1KRZ_004139	AOBS82_9	1	1	1	1	1	0	0	0	0							
AC1KRZ_004140	AOBS82_9	1	1	0	0	0	0	0	0	0		GST_C,GST_C_2,GST_C_3,GST_C_7,GST_N_2,GST_N_3,Tom37	Pfam		GST_C,GST_C_2,GST_C_3,GST_C_7,GST_N_2,GST_N_3,Tom37	PF00043.31,PF13410.12,PF14497.12,PF22041.2,PF13409.13,PF13417.13,PF10568.16	1.5e-07,1.9e-06,0.0011,1.4e-12,2.1e-06,3.3e-07,0.0048
AC1KRZ_004141	AOBS82_9	1	1	0	0	0	0	0	0	0		DUF4748,PhoD,PhoD_2	Pfam		DUF4748,PhoD,PhoD_2	PF15932.11,PF09423.16,PF19050.6	1.1e-10,3.6e-05,4.6e-61
AC1KRZ_004142	AOBS82_9	1	1	0	0	0	0	0	0	0		Lambda_Kil,Transferase	Pfam		Lambda_Kil,Transferase	PF06301.19,PF02458.21	0.014,6.2e-11
AC1KRZ_004143	AOBS82_9	1	1	0	0	0	0	0	0	0		Transferase	Pfam		Transferase	PF02458.21	3e-06
AC1KRZ_004144	AOBS82_9	1	1	1	0	1	0	0	0	1							
AC1KRZ_004149	AOBS82_9	1	1	1	0	0	0	0	0	1							
AC1KRZ_004151	AOBS82_9	1	1	0	0	0	0	0	0	0		DUF1254,Exo_endo_phos,LAP1_C,LRR_1,LRR_14,LRR_4,LRR_6,LRR_8,LRR_LRWD1,LRR_Zer-1	Pfam		DUF1254,Exo_endo_phos,LAP1_C,LRR_1,LRR_14,LRR_4,LRR_6,LRR_8,LRR_LRWD1,LRR_Zer-1	PF06863.18,PF03372.30,PF05609.19,PF00560.40,PF23598.2,PF12799.14,PF13516.13,PF13855.13,PF23211.1,PF25013.1	0.0026,9.6e-19,2.5e-05,1.9e-06,1.5e-09,1.1e-12,6.7,6.1e-13,4.8e-05,0.31
AC1KRZ_004153	AOBS82_9	1	1	1	1	1	0	0	1	0							
AC1KRZ_004155	AOBS82_9	1	1	0	0	0	0	0	0	0		DUF4680,TCO89	Pfam		DUF4680,TCO89	PF15730.11,PF10452.15	7.3,4.2e-08
AC1KRZ_004157	AOBS82_9	1	1	0	0	0	0	0	0	0		BBP1_N,MAM33,Peptidase_C12,UCH_C	Pfam		BBP1_N,MAM33,Peptidase_C12,UCH_C	PF15271.12,PF02330.22,PF01088.28,PF18031.7	0.015,3.1e-55,2.2e-54,9.4e-10
AC1KRZ_004160	AOBS82_9	1	1	1	1	0	0	1	0	1							
AC1KRZ_004161	AOBS82_9	1	1	0	0	0	0	0	0	0		5_3_exonuc,TPR_2,XPG_I,XPG_I_2,XPG_N	Pfam		5_3_exonuc,TPR_2,XPG_I,XPG_I_2,XPG_N	PF01367.26,PF07719.24,PF00867.24,PF12813.13,PF00752.24	7.8e-05,0.0067,1e-21,1.2e-06,2.6e-25
AC1KRZ_004162	AOBS82_9	1	1	1	1	1	0	1	1	1							
AC1KRZ_004171	AOBS82_9	1	1	1	1	1	0	1	1	1							
AC1KRZ_004174	AOBS82_9	1	1	0	0	0	0	0	0	0		ANAPC4_WD40,Beta-prop_CAF1B_HIR1,Beta-prop_EIPR1,Beta-prop_EML,Beta-prop_EML_2,Beta-prop_IFT122_1st,Beta-prop_IFT140_1st,Beta-prop_RIG_2nd,Beta-prop_TEP1_2nd,Beta-prop_TEP1_C,Beta-prop_THOC3,Beta-prop_WDR36-Utp21_2nd,Beta-prop_WDR3_1st,Beta-prop_WDR3_2nd,Beta-prop_WDR5,Beta-prop_WDR75_1st,Beta-prop_WDR90_POC16_2nd,DSE1_N,EIF3I,PG_binding_5,PRM_STIL,WD40,WD40_CDC20-Fz,WD40_Gbeta,WD40_MABP1-WDR62_2nd,WD40_Prp19,WD40_RFWD3,WD40_WDHD1_1st,WDR55	Pfam		ANAPC4_WD40,Beta-prop_CAF1B_HIR1,Beta-prop_EIPR1,Beta-prop_EML,Beta-prop_EML_2,Beta-prop_IFT122_1st,Beta-prop_IFT140_1st,Beta-prop_RIG_2nd,Beta-prop_TEP1_2nd,Beta-prop_TEP1_C,Beta-prop_THOC3,Beta-prop_WDR36-Utp21_2nd,Beta-prop_WDR3_1st,Beta-prop_WDR3_2nd,Beta-prop_WDR5,Beta-prop_WDR75_1st,Beta-prop_WDR90_POC16_2nd,DSE1_N,EIF3I,PG_binding_5,PRM_STIL,WD40,WD40_CDC20-Fz,WD40_Gbeta,WD40_MABP1-WDR62_2nd,WD40_Prp19,WD40_RFWD3,WD40_WDHD1_1st,WDR55	PF12894.14,PF24105.2,PF23609.2,PF23409.2,PF23414.2,PF23381.2,PF23383.2,PF23775.2,PF25047.1,PF25048.2,PF25174.2,PF25168.2,PF25173.2,PF25172.2,PF25175.2,PF23869.2,PF23393.3,PF29037.1,PF24805.2,PF21398.3,PF26399.1,PF00400.39,PF24807.2,PF25391.2,PF24782.3,PF24814.2,PF23419.3,PF24817.2,PF24796.2	0.0064,0.00086,0.0013,1.8e-06,3.7e-09,3.9e-11,6.3e-05,0.00047,4.9e-05,0.0004,4.3e-12,2.4e-05,5.5e-08,4.3e-06,7.4e-14,0.0052,3.3e-06,0.00038,7.7e-05,0.002,0.48,1.1e-14,1.6e-09,3e-05,0.0042,5.6e-14,4.4e-05,2.2e-06,2.4e-10
AC1KRZ_004175	AOBS82_9	1	1	1	1	1	0	0	0	1							
AC1KRZ_004177	AOBS82_9	1	1	0	0	0	0	0	0	0		Motilin_assoc	Pfam		Motilin_assoc	PF04643.18	0.011
AC1KRZ_004180	AOBS82_9	1	1	1	1	0	0	1	1	1							
AC1KRZ_004182	AOBS82_9	1	1	1	1	1	0	0	1	1							
AC1KRZ_004184	AOBS82_9	1	1	0	1	1	0	1	1	1							
AC1KRZ_004191	AOBS82_9	1	1	0	0	0	0	0	0	0		Gelsolin,Sec23_BS,Sec23_helical,Sec23_trunk,zf-Sec23_Sec24	Pfam		Gelsolin,Sec23_BS,Sec23_helical,Sec23_trunk,zf-Sec23_Sec24	PF00626.28,PF08033.18,PF04815.21,PF04811.22,PF04810.21	5.1e-05,1.1e-24,4.9e-28,1.2e-64,2.1e-16
AC1KRZ_004195	AOBS82_9	1	1	0	0	0	0	0	0	0		GIP4,GlpR,TolA_bind_tri	Pfam		GIP4,GlpR,TolA_bind_tri	PF27836.1,PF28211.1,PF16331.11	0.49,2.8,0.0059
AC1KRZ_004205	AOBS82_9	1	1	0	0	0	0	0	0	0							
AC1KRZ_004207	AOBS82_9	1	1	1	0	0	0	0	0	1							
AC1KRZ_004209	AOBS82_9	1	1	1	1	1	0	0	1	0							
AC1KRZ_004213	AOBS82_9	1	1	1	1	1	0	1	1	1							
AC1KRZ_004214	AOBS82_9	1	1	1	1	1	0	0	0	1							
AC1KRZ_004225	AOBS82_9	1	1	1	1	1	0	1	1	1							
AC1KRZ_004236	AOBS82_9	1	1	0	0	0	0	0	0	0		AAA_11,AAA_16,AAA_21,AIG1,CDC45,DO-GTPase2,Dynamin_N,FeoB_N,GN3L_Grn1,GTP_EFTU,IIGP,MeaB,MMR_HSR1,RsgA_GTPase,SRPRB,TniB	Pfam		AAA_11,AAA_16,AAA_21,AIG1,CDC45,DO-GTPase2,Dynamin_N,FeoB_N,GN3L_Grn1,GTP_EFTU,IIGP,MeaB,MMR_HSR1,RsgA_GTPase,SRPRB,TniB	PF13086.13,PF13191.13,PF13304.13,PF04548.23,PF02724.20,PF19993.6,PF00350.30,PF02421.25,PF08701.17,PF00009.34,PF05049.20,PF03308.23,PF01926.30,PF03193.23,PF09439.17,PF05621.18	0.0022,0.00034,0.16,0.005,2.8,0.0023,4.9e-06,8.3e-06,4.4e-27,0.00044,0.0039,0.012,4.8e-17,7.7e-06,0.0019,0.0018
AC1KRZ_004240	AOBS82_9	1	1	1	1	1	0	1	1	1							
AC1KRZ_004242	AOBS82_9	1	1	1	1	1	0	0	0	1							
AC1KRZ_004243	AOBS82_9	1	1	1	1	1	0	0	0	1							
AC1KRZ_004245	AOBS82_9	1	1	1	0	0	0	0	0	0							
AC1KRZ_004249	AOBS82_9	1	1	0	0	0	0	0	0	0		Aldo_ket_red,DUF1497,HTH_Crp_2	Pfam		Aldo_ket_red,DUF1497,HTH_Crp_2	PF00248.28,PF07384.17,PF13545.13	1.5e-62,0.022,0.011
AC1KRZ_004251	AOBS82_9	1	1	0	0	0	0	0	1	0							
AC1KRZ_004255	AOBS82_9	1	1	1	1	0	0	1	0	1							
AC1KRZ_004258	AOBS82_9	1	1	0	0	0	0	0	0	0		DUF7102,SAM_6	Pfam		DUF7102,SAM_6	PF23394.3,PF23395.2	2.9e-06,3.8e-06
AC1KRZ_004259	AOBS82_9	1	1	0	0	0	0	0	0	0							
AC1KRZ_004261	AOBS82_9	1	1	0	0	0	0	0	0	0		APH,Beta-prop_EML_2,Beta-prop_IFT122_1st,Beta-prop_THOC3,Beta-prop_VPS8,Beta-prop_WDR3_1st,Beta-prop_WDR5,EIF3I,F-box,F-box-like,F-box_4,F-box_5,F-box_COS111,Haspin_kinase,Kdo,Pkinase,PK_Tyr_Ser-Thr,RIO1,WD40,WD40_CDC20-Fz,WD40_WDHD1_1st	Pfam		APH,Beta-prop_EML_2,Beta-prop_IFT122_1st,Beta-prop_THOC3,Beta-prop_VPS8,Beta-prop_WDR3_1st,Beta-prop_WDR5,EIF3I,F-box,F-box-like,F-box_4,F-box_5,F-box_COS111,Haspin_kinase,Kdo,Pkinase,PK_Tyr_Ser-Thr,RIO1,WD40,WD40_CDC20-Fz,WD40_WDHD1_1st	PF01636.30,PF23414.2,PF23381.2,PF25174.2,PF23410.5,PF25173.2,PF25175.2,PF24805.2,PF00646.39,PF12937.13,PF15966.11,PF18511.7,PF29466.1,PF12330.15,PF06293.21,PF00069.32,PF07714.24,PF01163.29,PF00400.39,PF24807.2,PF24817.2	0.0024,0.00026,8.5e-05,0.00028,0.00074,0.00019,0.00021,0.0059,2e-08,1.2e-14,0.007,0.0016,0.0028,0.0035,0.0034,7.4e-53,2.4e-23,0.0043,0.0026,0.0002,0.00064
AC1KRZ_004265	AOBS82_9	1	1	1	1	0	0	1	1	1							
AC1KRZ_004266	AOBS82_9	1	1	1	1	1	0	1	1	1							
AC1KRZ_004268	AOBS82_9	1	1	0	0	0	0	0	0	0		Fungal_trans,Zn_clus	Pfam		Fungal_trans,Zn_clus	PF04082.24,PF00172.24	1e-12,1.1e-09
AC1KRZ_004269	AOBS82_9	1	1	1	1	1	0	1	1	1							
AC1KRZ_004270	AOBS82_9	1	1	0	0	0	0	0	0	0		ANAPC4_WD40,Beta-prop_Aladin,Beta-prop_CAF1B_HIR1,Beta-prop_EIPR1,Beta-prop_EML,Beta-prop_EML_2,Beta-prop_IFT122_1st,Beta-prop_IFT140_1st,Beta-prop_IP5PC_F,Beta-prop_LRRK2,Beta-prop_NOL10_N,Beta-prop_RIG_2nd,Beta-prop_SCAP,Beta-prop_TEP1_2nd,Beta-prop_THOC3,Beta-prop_Vps41,Beta-prop_VPS8,Beta-prop_WDR19_1st,Beta-prop_WDR36-Utp21_1st,Beta-prop_WDR36-Utp21_2nd,Beta-prop_WDR3_1st,Beta-prop_WDR3_2nd,Beta-prop_WDR5,Beta-prop_WDR75_1st,Beta-prop_WDR90_POC16_2nd,CFAP251_N,Cytochrom_D1,DSE1_N,EIF3I,Lactonase,NBCH_WD40,WD40,WD40_CDC20-Fz,WD40_Gbeta,WD40_MABP1-WDR62_1st,WD40_MABP1-WDR62_2nd,WD40_Prp19,WD40_WDHD1_1st,WDR55,WDR90_beta-prop_4th	Pfam		ANAPC4_WD40,Beta-prop_Aladin,Beta-prop_CAF1B_HIR1,Beta-prop_EIPR1,Beta-prop_EML,Beta-prop_EML_2,Beta-prop_IFT122_1st,Beta-prop_IFT140_1st,Beta-prop_IP5PC_F,Beta-prop_LRRK2,Beta-prop_NOL10_N,Beta-prop_RIG_2nd,Beta-prop_SCAP,Beta-prop_TEP1_2nd,Beta-prop_THOC3,Beta-prop_Vps41,Beta-prop_VPS8,Beta-prop_WDR19_1st,Beta-prop_WDR36-Utp21_1st,Beta-prop_WDR36-Utp21_2nd,Beta-prop_WDR3_1st,Beta-prop_WDR3_2nd,Beta-prop_WDR5,Beta-prop_WDR75_1st,Beta-prop_WDR90_POC16_2nd,CFAP251_N,Cytochrom_D1,DSE1_N,EIF3I,Lactonase,NBCH_WD40,WD40,WD40_CDC20-Fz,WD40_Gbeta,WD40_MABP1-WDR62_1st,WD40_MABP1-WDR62_2nd,WD40_Prp19,WD40_WDHD1_1st,WDR55,WDR90_beta-prop_4th	PF12894.14,PF25460.2,PF24105.2,PF23609.2,PF23409.2,PF23414.2,PF23381.2,PF23383.2,PF23754.2,PF23748.2,PF23098.2,PF23775.2,PF24017.3,PF25047.1,PF25174.2,PF23411.2,PF23410.5,PF23389.2,PF25171.2,PF25168.2,PF25173.2,PF25172.2,PF25175.2,PF23869.2,PF23393.3,PF30552.1,PF02239.23,PF29037.1,PF24805.2,PF10282.16,PF20426.5,PF00400.39,PF24807.2,PF25391.2,PF24780.2,PF24782.3,PF24814.2,PF24817.2,PF24796.2,PF23342.2	1e-07,1e-07,0.00059,8.8e-05,5e-06,2.5e-12,6.9e-17,0.0016,0.012,0.0082,7.4e-06,0.00072,0.0049,2.4e-05,2.4e-18,0.0034,0.011,8e-05,2.2e-05,6e-06,1e-16,9.5e-09,3.3e-21,0.00016,4.2e-06,0.0049,0.00097,6.3e-08,9.7e-06,0.0066,0.011,3.1e-15,1.3e-13,3.5e-05,0.0016,2.7e-05,4.3e-17,1.6e-17,1.1e-07,0.0048
AC1KRZ_004271	AOBS82_9	1	1	0	0	0	0	0	0	0		CTC1_1st,E1_4HB,ThiF	Pfam		CTC1_1st,E1_4HB,ThiF	PF15489.13,PF16191.11,PF00899.28	0.0078,0.00017,6.5e-20
AC1KRZ_004273	AOBS82_9	1	1	1	1	1	0	0	0	1							
AC1KRZ_004277	AOBS82_9	1	1	0	0	0	0	0	0	0		SPG5_C	Pfam		SPG5_C	PF28298.1	6.5e-13
AC1KRZ_004283	AOBS82_9	1	1	1	1	1	0	1	1	1							
AC1KRZ_004285	AOBS82_9	1	1	1	1	1	0	0	0	1							
AC1KRZ_004288	AOBS82_9	1	1	0	0	0	0	0	0	0		DUF2334,Glyco_hydro_57,Polysacc_deac_1,WbmS-like	Pfam		DUF2334,Glyco_hydro_57,Polysacc_deac_1,WbmS-like	PF10096.15,PF03065.21,PF01522.27,PF22537.2	7.6e-12,0.0023,8.4e-22,9.8e-05
AC1KRZ_004289	AOBS82_9	1	1	1	1	0	0	0	0	1							
AC1KRZ_004290	AOBS82_9	1	1	1	0	1	0	0	1	1							
AC1KRZ_004291	AOBS82_9	1	1	1	1	0	0	0	0	1							
AC1KRZ_004292	AOBS82_9	1	1	0	0	0	0	1	1	0							
AC1KRZ_004297	AOBS82_9	1	1	1	1	1	0	1	1	1							
AC1KRZ_004299	AOBS82_9	1	1	1	1	1	0	0	0	1							
AC1KRZ_004303	AOBS82_9	1	1	1	1	1	0	0	0	0							
AC1KRZ_004309	AOBS82_9	1	1	0	0	0	0	0	0	0		DSE-like_N,Hepar_II_III_C	Pfam		DSE-like_N,Hepar_II_III_C	PF16332.13,PF07940.19	5.7e-09,9.7e-12
AC1KRZ_004311	AOBS82_9	1	1	1	0	0	0	0	0	0							
AC1KRZ_004318	AOBS82_9	1	1	0	0	0	0	0	0	1							
AC1KRZ_004320	AOBS82_9	1	1	0	0	0	0	0	0	0		SIP1	Pfam		SIP1	PF04938.18	8.4e-14
AC1KRZ_004322	AOBS82_9	1	1	0	0	0	0	0	0	0		DUF7116,Glyco_tran_WecG,MAJIN,Presenilin	Pfam		DUF7116,Glyco_tran_WecG,MAJIN,Presenilin	PF23429.2,PF03808.21,PF15077.12,PF01080.23	0.011,0.0043,0.011,4.5
AC1KRZ_004324	AOBS82_9	1	1	0	0	0	0	0	0	0		Actin,F-box_COS111,HSP70,LRR_4,MreB_Mbl,PilM_2,Usp	Pfam		Actin,F-box_COS111,HSP70,LRR_4,MreB_Mbl,PilM_2,Usp	PF00022.27,PF29466.1,PF00012.27,PF12799.14,PF06723.20,PF11104.15,PF00582.33	0.00013,1.4e-05,1e-80,0.0014,2.6e-12,0.0061,0.0097
AC1KRZ_004325	AOBS82_9	1	1	1	1	1	0	0	0	1							
AC1KRZ_004328	AOBS82_9	1	1	0	0	0	0	0	0	0							
AC1KRZ_004329	AOBS82_9	1	1	1	1	1	0	0	0	1							
AC1KRZ_004333	AOBS82_9	1	1	1	1	1	0	0	0	1							
AC1KRZ_004337	AOBS82_9	1	1	0	0	0	0	0	0	0							
AC1KRZ_004341	AOBS82_9	1	1	0	0	0	0	0	0	0		p450	Pfam		p450	PF00067.28	3.2e-61
AC1KRZ_004342	AOBS82_9	1	1	1	1	1	0	1	1	1							
AC1KRZ_004343	AOBS82_9	1	1	0	0	0	0	0	0	0		DUF3522,Rhomboid	Pfam		DUF3522,Rhomboid	PF12036.15,PF01694.29	0.00059,4.7e-19
AC1KRZ_004344	AOBS82_9	1	1	0	1	1	0	1	1	1							
AC1KRZ_004350	AOBS82_9	1	1	0	0	1	0	0	0	0							
AC1KRZ_004351	AOBS82_9	1	1	0	0	0	0	0	0	0							
AC1KRZ_004355	AOBS82_9	1	1	0	1	0	0	0	0	0							
AC1KRZ_004356	AOBS82_9	1	1	0	0	1	0	1	1	0							
AC1KRZ_004358	AOBS82_9	1	1	0	0	0	0	0	0	0							
AC1KRZ_004360	AOBS82_9	1	1	0	0	1	0	0	0	1							
AC1KRZ_004361	AOBS82_9	1	1	1	1	1	0	1	1	1							
AC1KRZ_004362	AOBS82_9	1	1	0	0	0	0	0	0	1							
AC1KRZ_004365	AOBS82_9	1	1	0	0	0	0	0	0	0		Cytochrome_CBB3,DUF4379,GEP3_N,LigD_Prim-Pol,MMR_HSR1	Pfam		Cytochrome_CBB3,DUF4379,GEP3_N,LigD_Prim-Pol,MMR_HSR1	PF13442.12,PF14311.13,PF28564.1,PF21686.4,PF01926.30	0.0064,0.006,1.2e-07,0.011,1.9e-07
AC1KRZ_004370	AOBS82_9	1	1	0	0	0	0	0	0	0		MFS_1,Piezo_TM1-24,TRI12	Pfam		MFS_1,Piezo_TM1-24,TRI12	PF07690.22,PF24871.2,PF06609.19	2e-37,0.0055,7.5e-09
AC1KRZ_004371	AOBS82_9	1	1	0	0	0	0	0	0	0							
AC1KRZ_004372	AOBS82_9	1	1	0	0	0	0	0	0	0		DUF7029,DUF7223	Pfam		DUF7029,DUF7223	PF22974.2,PF23865.2	1.9e-15,3.5e-10
AC1KRZ_004373	AOBS82_9	1	1	0	0	0	0	0	0	0		DUF7029,DUF7223	Pfam		DUF7029,DUF7223	PF22974.2,PF23865.2	1.9e-13,4.7e-11
AC1KRZ_004377	AOBS82_9	1	1	0	0	0	0	1	1	0							
AC1KRZ_004379	AOBS82_9	1	1	0	0	0	0	0	0	0		Nop,Prp31_C	Pfam		Nop,Prp31_C	PF01798.24,PF09785.15	5.1e-67,1.4e-37
AC1KRZ_004381	AOBS82_9	1	1	0	0	0	0	0	0	0		eIF3h_C,JAB	Pfam		eIF3h_C,JAB	PF19445.5,PF01398.27	1.5e-36,1.6e-21
AC1KRZ_004387	AOBS82_9	1	1	0	1	0	0	1	1	1							
AC1KRZ_004388	AOBS82_9	1	1	0	0	0	0	0	0	0		adh_short,adh_short_C2,Epimerase,KR,THF_DHG_CYH_C	Pfam		adh_short,adh_short_C2,Epimerase,KR,THF_DHG_CYH_C	PF00106.32,PF13561.13,PF01370.28,PF08659.17,PF02882.26	3.2e-32,4e-18,0.0014,5.9e-05,0.0071
AC1KRZ_004391	AOBS82_9	1	1	1	1	1	0	1	1	1							
AC1KRZ_004395	AOBS82_9	1	1	1	0	1	0	0	0	0							
AC1KRZ_004399	AOBS82_9	1	1	1	0	0	0	0	0	0							
AC1KRZ_004402	AOBS82_9	1	1	0	0	1	0	1	0	0							
AC1KRZ_004404	AOBS82_9	1	1	1	1	0	0	1	0	0							
AC1KRZ_004408	AOBS82_9	1	1	1	1	0	0	0	0	0							
AC1KRZ_004410	AOBS82_9	1	1	1	1	1	0	0	1	1							
AC1KRZ_004411	AOBS82_9	1	1	1	1	1	0	1	1	1							
AC1KRZ_004416	AOBS82_9	1	1	1	1	1	0	0	1	0							
AC1KRZ_004421	AOBS82_9	1	1	1	1	1	0	1	0	1							
AC1KRZ_004422	AOBS82_9	1	1	0	0	0	0	0	0	0		HMG_box,MATalpha_HMGbox	Pfam		HMG_box,MATalpha_HMGbox	PF00505.26,PF04769.19	2.7e-11,0.0081
AC1KRZ_004423	AOBS82_9	1	1	1	1	1	0	0	0	1							
AC1KRZ_004424	AOBS82_9	1	1	1	1	1	0	0	0	1							
AC1KRZ_004434	AOBS82_9	1	1	1	1	1	0	0	0	1							
AC1KRZ_004439	AOBS82_9	1	1	0	0	0	0	0	0	0		IF4E	Pfam		IF4E	PF01652.25	2.9e-56
AC1KRZ_004447	AOBS82_9	1	1	0	0	0	0	0	0	0		ANC1_spectrin,DUF8221,DUF8776,GLUCM-like_C,Iec3-like_M,Nas2_N,Nup54,TRPM_tetra,VAB2	Pfam		ANC1_spectrin,DUF8221,DUF8776,GLUCM-like_C,Iec3-like_M,Nas2_N,Nup54,TRPM_tetra,VAB2	PF24531.2,PF26666.1,PF31035.1,PF14336.12,PF24244.2,PF18265.7,PF13874.12,PF16519.11,PF29876.1	0.011,0.1,0.055,0.012,0.072,0.0081,0.16,0.043,0.00013
AC1KRZ_004450	AOBS82_9	1	1	1	1	0	0	1	0	1							
AC1KRZ_004451	AOBS82_9	1	1	0	0	0	0	0	0	0		Mrp13,STAG_C,YDR381CA	Pfam		Mrp13,STAG_C,YDR381CA	PF28374.1,PF31007.1,PF29175.1	1.3e-05,0.0066,0.012
AC1KRZ_004452	AOBS82_9	1	1	1	1	1	0	1	1	1							
AC1KRZ_004458	AOBS82_9	1	1	1	0	0	0	0	1	0							
AC1KRZ_004460	AOBS82_9	1	1	1	1	1	0	1	1	1							
AC1KRZ_004461	AOBS82_9	1	1	1	1	1	0	1	1	1							
AC1KRZ_004466	AOBS82_9	1	1	1	1	1	0	1	1	1							
AC1KRZ_004468	AOBS82_9	1	1	1	1	1	0	1	1	0							
AC1KRZ_004470	AOBS82_9	1	1	0	1	0	0	1	1	0							
AC1KRZ_004472	AOBS82_9	1	1	0	0	0	0	0	0	0		Acetyltransf_10,Acetyltransf_13,Acetyltransf_7,Acetyltransf_9,GNAT_LYC1-like	Pfam		Acetyltransf_10,Acetyltransf_13,Acetyltransf_7,Acetyltransf_9,GNAT_LYC1-like	PF13673.14,PF13880.13,PF13508.14,PF13527.14,PF22998.3	0.00021,0.0026,0.00049,7.7e-05,6.6e-37
AC1KRZ_004482	AOBS82_9	1	1	0	1	1	0	0	0	1							
AC1KRZ_004484	AOBS82_9	1	1	0	0	0	0	0	0	0		MFS_1,OppC_N,Stap_Strp_toxin,Sugar_tr	Pfam		MFS_1,OppC_N,Stap_Strp_toxin,Sugar_tr	PF07690.22,PF12911.13,PF01123.26,PF00083.31	3.8e-17,0.35,0.015,6.6e-74
AC1KRZ_004490	AOBS82_9	1	1	0	0	0	0	0	0	0		NUDIX	Pfam		NUDIX	PF00293.35	4.7e-14
AC1KRZ_004492	AOBS82_9	1	1	0	0	0	0	0	0	0		DUF459,Lipase_GDSL,Lipase_GDSL_2	Pfam		DUF459,Lipase_GDSL,Lipase_GDSL_2	PF04311.21,PF00657.29,PF13472.13	0.006,1.5e-18,3e-29
AC1KRZ_004499	AOBS82_9	1	1	0	0	0	0	0	0	0		HAT_PRP39_C,HAT_PRP39_N,HAT_Syf1_CNRKL1_C,HAT_Syf1_CNRKL1_N,NRDE-2,PRP6_TPR,Suf,TPR_14	Pfam		HAT_PRP39_C,HAT_PRP39_N,HAT_Syf1_CNRKL1_C,HAT_Syf1_CNRKL1_N,NRDE-2,PRP6_TPR,Suf,TPR_14	PF23241.2,PF23240.2,PF23231.2,PF23233.2,PF08424.16,PF29376.1,PF05843.21,PF13428.13	2.6e-11,1.2e-32,0.0002,5.7e-11,0.016,6.1e-12,7.9e-186,1.3e-10
AC1KRZ_004500	AOBS82_9	1	1	1	1	1	0	0	0	1							
AC1KRZ_004501	AOBS82_9	1	1	0	1	1	0	0	1	1							
AC1KRZ_004503	AOBS82_9	1	1	0	0	0	0	0	0	0		DUF8594,PAT1,Tam41_Mmp37,YnfU,zf-C6H2,Zn_ribbon_8	Pfam		DUF8594,PAT1,Tam41_Mmp37,YnfU,zf-C6H2,Zn_ribbon_8	PF29880.1,PF09770.16,PF09139.18,PF23499.2,PF15801.12,PF09723.16	0.00092,6.5,2,0.98,0.33,1.2
AC1KRZ_004506	AOBS82_9	1	1	0	0	0	0	0	0	0							
AC1KRZ_004507	AOBS82_9	1	1	0	0	0	0	0	0	0		AAA,AAA_16,AAA_18,AAA_33,CbiA,CPT,DEAD,LpxI_N,nSTAND3,TIP49	Pfam		AAA,AAA_16,AAA_18,AAA_33,CbiA,CPT,DEAD,LpxI_N,nSTAND3,TIP49	PF00004.36,PF13191.13,PF13238.13,PF13671.13,PF01656.30,PF07931.19,PF00270.36,PF17930.8,PF20720.4,PF06068.20	0.0038,0.0029,1.6e-07,0.0037,0.0004,0.0004,0.0044,0.0082,0.016,0.017
AC1KRZ_004510	AOBS82_9	1	1	1	1	1	0	0	0	1							
AC1KRZ_004515	AOBS82_9	1	1	0	0	0	0	0	0	0		Oxidored_FMN,SurE,TPP_enzyme_C,TPP_enzyme_M	Pfam		Oxidored_FMN,SurE,TPP_enzyme_C,TPP_enzyme_M	PF00724.27,PF01975.24,PF02775.27,PF00205.29	6.7e-65,4.6e-30,3.3e-17,2.4e-20
AC1KRZ_004516	AOBS82_9	1	1	1	1	1	0	1	1	1							
AC1KRZ_004517	AOBS82_9	1	1	0	0	0	0	0	0	0							
AC1KRZ_004518	AOBS82_9	1	1	0	0	0	0	0	0	1							
AC1KRZ_004524	AOBS82_9	1	1	0	0	0	0	0	0	0		AAA_16,AAA_18,AAA_22,AAA_25,AAA_29,ABC_membrane,ABC_tran,APS_kinase,DASH_Dad4,DUF7988,Fib_alpha,HUTI_composite_bact,MapZ_EC1,MTABC_N,SbcC_Walker_B,SMC_N,Snf7,TsaE,Zeta_toxin	Pfam		AAA_16,AAA_18,AAA_22,AAA_25,AAA_29,ABC_membrane,ABC_tran,APS_kinase,DASH_Dad4,DUF7988,Fib_alpha,HUTI_composite_bact,MapZ_EC1,MTABC_N,SbcC_Walker_B,SMC_N,Snf7,TsaE,Zeta_toxin	PF13191.13,PF13238.13,PF13401.13,PF13481.13,PF13555.13,PF00664.29,PF00005.34,PF01583.27,PF08650.16,PF25950.2,PF08702.16,PF22039.2,PF18041.7,PF16185.11,PF13558.13,PF02463.26,PF03357.27,PF02367.24,PF06414.19	0.021,0.015,0.00016,0.006,0.012,5.2e-38,1.6e-34,0.0006,0.027,0.015,2.9,0.004,0.0041,5.8e-07,0.038,2.4e-06,1.4e-38,0.015,0.00042
AC1KRZ_004530	AOBS82_9	1	1	0	0	0	0	0	0	1							
AC1KRZ_004533	AOBS82_9	1	1	0	0	0	0	0	0	0		CTXL_M,DUF1615	Pfam		CTXL_M,DUF1615	PF27742.1,PF07759.18	0.013,0.014
AC1KRZ_004534	AOBS82_9	1	1	0	0	0	0	0	0	0		CUE,GIP1_N	Pfam		CUE,GIP1_N	PF02845.23,PF06972.18	6.8e-08,3.7e-05
AC1KRZ_004535	AOBS82_9	1	1	0	0	0	0	0	0	0							
AC1KRZ_004537	AOBS82_9	1	1	1	0	1	0	0	0	1							
AC1KRZ_004539	AOBS82_9	1	1	0	0	0	0	0	0	0		Rum1	Pfam		Rum1	PF30839.1	2.3e-06
AC1KRZ_004543	AOBS82_9	1	1	0	0	0	0	0	1	0							
AC1KRZ_004547	AOBS82_9	1	1	0	0	0	0	1	0	0							
AC1KRZ_000854	AOBS82_9	1	1	0	0	0	0	0	0	0							
AC1KRZ_000856	AOBS82_9	1	1	0	0	0	0	0	0	0		GATase_4,GATase_6,GATase_7,Pribosyltran	Pfam		GATase_4,GATase_6,GATase_7,Pribosyltran	PF13230.12,PF13522.13,PF13537.12,PF00156.34	2.5e-06,5.6e-15,6.2e-13,1.7e-08
AC1KRZ_000857	AOBS82_9	1	1	1	1	0	0	1	1	1							
AC1KRZ_000861	AOBS82_9	1	1	0	0	0	0	0	0	0		Adap_comp_sub,Clat_adaptor_s,Histone_HNS_N,RPM2	Pfam		Adap_comp_sub,Clat_adaptor_s,Histone_HNS_N,RPM2	PF00928.27,PF01217.27,PF22470.2,PF08579.18	1.1e-26,4.6e-07,0.0011,0.0048
AC1KRZ_000862	AOBS82_9	1	1	1	1	1	0	1	1	1							
AC1KRZ_000874	AOBS82_9	1	1	0	0	0	0	0	0	0		AAA_14,AAA_16,AAA_22,AAA_30,ANAPC5,ArsA_ATPase,DUF8467,DUF87,Fer4_NifH,MeaB,MMR_HSR1,nSTAND_NTPase5,SRP-alpha_N,SRP54,SRP54_N	Pfam		AAA_14,AAA_16,AAA_22,AAA_30,ANAPC5,ArsA_ATPase,DUF8467,DUF87,Fer4_NifH,MeaB,MMR_HSR1,nSTAND_NTPase5,SRP-alpha_N,SRP54,SRP54_N	PF13173.13,PF13191.13,PF13401.13,PF13604.13,PF12862.14,PF02374.22,PF28812.1,PF01935.24,PF00142.25,PF03308.23,PF01926.30,PF25199.2,PF04086.21,PF00448.29,PF02881.25	0.0095,0.0011,4.3e-05,3.9e-06,0.018,0.0012,0.0042,0.13,0.011,9.8e-08,0.002,5.6e-06,4.9e-23,5.8e-53,1.6e-09
AC1KRZ_000876	AOBS82_9	1	1	0	0	0	0	0	1	0							
AC1KRZ_000878	AOBS82_9	1	1	1	1	1	0	1	0	1							
AC1KRZ_000880	AOBS82_9	1	1	0	0	0	0	0	0	0		AAA_14,AAA_16,AAA_19,AAA_22,AAA_24,AAA_29,AAA_30,ATPase_2,Cas3-like_C_2,DEAD,HA2_C,Helicase_C,Microtub_bd,nSTAND3,nSTAND6,nSTAND_NTPase5,PhoH,ResIII,SLFN-g3_helicase,T2SSE,WHD_HA2	Pfam		AAA_14,AAA_16,AAA_19,AAA_22,AAA_24,AAA_29,AAA_30,ATPase_2,Cas3-like_C_2,DEAD,HA2_C,Helicase_C,Microtub_bd,nSTAND3,nSTAND6,nSTAND_NTPase5,PhoH,ResIII,SLFN-g3_helicase,T2SSE,WHD_HA2	PF13173.13,PF13191.13,PF13245.13,PF13401.13,PF13479.13,PF13555.13,PF13604.13,PF01637.25,PF22590.3,PF00270.36,PF21010.3,PF00271.38,PF16796.12,PF20720.4,PF25201.1,PF25199.2,PF02562.23,PF04851.22,PF09848.16,PF00437.27,PF04408.30	0.0082,0.00048,3.7e-05,8e-08,0.014,0.016,0.0005,0.0012,0.0036,4.2e-11,2.3e-06,4.5e-10,0.0097,0.0012,0.0049,0.0084,0.0014,0.00055,0.0012,0.0045,7.1e-05
AC1KRZ_000891	AOBS82_9	1	1	0	0	0	0	0	0	0		AAA_22,DEAD,Helicase_C,Irc3_C,ResIII,SLFN-g3_helicase,SWI2_SNF2	Pfam		AAA_22,DEAD,Helicase_C,Irc3_C,ResIII,SLFN-g3_helicase,SWI2_SNF2	PF13401.13,PF00270.36,PF00271.38,PF30411.1,PF04851.22,PF09848.16,PF18766.8	0.0017,1.1e-14,2.2e-15,1.9e-33,1.7e-27,0.00029,3.6e-07
AC1KRZ_000893	AOBS82_9	1	1	1	1	1	0	0	0	1							
AC1KRZ_000894	AOBS82_9	1	1	0	0	0	0	0	1	0							
AC1KRZ_000897	AOBS82_9	1	1	0	0	0	0	1	1	1							
AC1KRZ_000901	AOBS82_9	1	1	0	0	1	0	0	0	0							
AC1KRZ_000904	AOBS82_9	1	1	0	0	1	0	0	0	0							
AC1KRZ_000914	AOBS82_9	1	1	1	0	0	0	0	0	0							
AC1KRZ_000915	AOBS82_9	1	1	0	0	0	0	0	0	0		Citrate_synt	Pfam		Citrate_synt	PF00285.27	3.2e-91
AC1KRZ_000922	AOBS82_9	1	1	1	1	1	0	1	1	1							
AC1KRZ_000925	AOBS82_9	1	1	0	0	0	0	0	0	0		Biotin_lipoyl,PS_Dcarbxylase	Pfam		Biotin_lipoyl,PS_Dcarbxylase	PF00364.29,PF02666.21	0.0075,2.1e-57
AC1KRZ_000926	AOBS82_9	1	1	1	1	1	0	1	1	1							
AC1KRZ_000927	AOBS82_9	1	1	1	1	1	0	1	1	0							
AC1KRZ_000928	AOBS82_9	1	1	0	0	1	0	0	0	0							
AC1KRZ_000929	AOBS82_9	1	1	1	1	1	0	1	1	1							
AC1KRZ_000931	AOBS82_9	1	1	1	1	1	0	1	1	1							
AC1KRZ_000932	AOBS82_9	1	1	1	0	1	0	0	0	1							
AC1KRZ_000933	AOBS82_9	1	1	0	0	0	0	0	0	0		DUF7605,HSP70,HYOU1_C,MreB_Mbl,PRCC,XepA	Pfam		DUF7605,HSP70,HYOU1_C,MreB_Mbl,PRCC,XepA	PF24564.2,PF00012.27,PF27508.1,PF06723.20,PF10253.15,PF27453.1	1.4,4.7e-71,1.5e-14,1.2e-07,0.00032,0.008
AC1KRZ_000940	AOBS82_9	1	1	1	1	1	0	0	1	1							
AC1KRZ_000943	AOBS82_9	1	1	0	0	0	0	0	0	0		ERCC3_RAD25_C,HDA2-3,Helicase_C,Helicase_C_2,ResIII,SAM_2,SNF2-rel_dom,SWI2_SNF2	Pfam		ERCC3_RAD25_C,HDA2-3,Helicase_C,Helicase_C_2,ResIII,SAM_2,SNF2-rel_dom,SWI2_SNF2	PF16203.12,PF11496.15,PF00271.38,PF13307.13,PF04851.22,PF07647.25,PF00176.30,PF18766.8	1.1e-05,0.0016,2.1e-21,0.013,7.7e-08,9.9e-05,1.3e-42,0.0014
AC1KRZ_000945	AOBS82_9	1	1	1	1	1	0	0	0	1							
AC1KRZ_000947	AOBS82_9	1	1	1	1	1	0	1	1	1							
AC1KRZ_000948	AOBS82_9	1	1	0	0	0	0	0	1	0							
AC1KRZ_000957	AOBS82_9	1	1	1	1	1	0	0	1	1							
AC1KRZ_000960	AOBS82_9	1	1	0	0	0	0	0	0	0							
AC1KRZ_000963	AOBS82_9	1	1	1	0	1	0	0	1	1							
AC1KRZ_000966	AOBS82_9	1	1	1	1	1	0	0	0	1							
AC1KRZ_000972	AOBS82_9	1	1	0	0	0	0	0	0	0							
AC1KRZ_000975	AOBS82_9	1	1	1	1	1	0	1	1	1							
AC1KRZ_000976	AOBS82_9	1	1	0	0	0	0	0	0	0							
AC1KRZ_000977	AOBS82_9	1	1	0	0	0	0	0	0	0		AMP-dom_DIP2-like,CTE_SPB4,DEAD,Helicase_C,PERM1,ResIII	Pfam		AMP-dom_DIP2-like,CTE_SPB4,DEAD,Helicase_C,PERM1,ResIII	PF23024.2,PF13959.12,PF00270.36,PF00271.38,PF28384.1,PF04851.22	0.0056,4.7e-22,1.7e-43,4.3e-23,0.049,7.5e-09
AC1KRZ_000981	AOBS82_9	1	1	1	1	1	0	0	0	1							
AC1KRZ_000985	AOBS82_9	1	1	0	0	0	0	1	1	1							
AC1KRZ_000988	AOBS82_9	1	1	1	1	0	0	1	1	1							
AC1KRZ_000989	AOBS82_9	1	1	1	1	1	0	1	1	1							
AC1KRZ_000991	AOBS82_9	1	1	0	0	0	0	0	0	0		DUF4064,LapA_dom,OPT	Pfam		DUF4064,LapA_dom,OPT	PF13273.13,PF06305.17,PF03169.21	4.3,0.016,9.5e-121
AC1KRZ_000997	AOBS82_9	1	1	0	0	0	0	0	0	0		AAA_14,AAA_18,AAA_25,ABC_tran,Arf,ATP_bind_1,DO-GTPase2,Dynamin_N,FeoB_N,G-alpha,GTP_EFTU,Gtr1_RagA,MMR_HSR1,MobB,Ras,Roc,Sec39,SRPRB	Pfam		AAA_14,AAA_18,AAA_25,ABC_tran,Arf,ATP_bind_1,DO-GTPase2,Dynamin_N,FeoB_N,G-alpha,GTP_EFTU,Gtr1_RagA,MMR_HSR1,MobB,Ras,Roc,Sec39,SRPRB	PF13173.13,PF13238.13,PF13481.13,PF00005.34,PF00025.28,PF03029.24,PF19993.6,PF00350.30,PF02421.25,PF00503.27,PF00009.34,PF04670.19,PF01926.30,PF03205.21,PF00071.29,PF08477.20,PF08314.18,PF09439.17	0.0076,0.0066,0.0036,0.0023,2.9e-42,2.2e-05,6.1e-05,0.00015,0.0067,4e-06,3.1e-07,9.6e-08,1.1e-08,0.0024,8.8e-22,5.5e-18,5.3e-05,7.9e-10
AC1KRZ_000998	AOBS82_9	1	1	0	0	0	0	0	0	0		HILPDA,Metallophos,TgpA_N,Translin	Pfam		HILPDA,Metallophos,TgpA_N,Translin	PF15220.12,PF00149.34,PF11992.14,PF01997.22	0.0037,1.6e-07,0.041,0.0011
AC1KRZ_000999	AOBS82_9	1	1	0	0	0	0	0	0	0		DUF3245,GEN1_C	Pfam		DUF3245,GEN1_C	PF11595.14,PF18380.8	2.6e-05,0.0092
AC1KRZ_001000	AOBS82_9	1	1	1	1	1	0	1	1	1							
AC1KRZ_001001	AOBS82_9	1	1	0	0	0	0	0	0	0		DUF1180,HCMV_UL116	Pfam		DUF1180,HCMV_UL116	PF06679.18,PF25706.1	0.028,2.1
AC1KRZ_001004	AOBS82_9	1	1	1	1	1	0	1	1	1							
AC1KRZ_001007	AOBS82_9	1	1	1	0	1	0	1	1	1							
AC1KRZ_001008	AOBS82_9	1	1	1	1	1	0	1	0	1							
AC1KRZ_001009	AOBS82_9	1	1	1	1	1	0	1	0	1							
AC1KRZ_001010	AOBS82_9	1	1	1	1	1	0	1	0	1							
AC1KRZ_001011	AOBS82_9	1	1	1	1	1	0	1	1	1							
AC1KRZ_001012	AOBS82_9	1	1	1	1	1	0	1	1	0							
AC1KRZ_001017	AOBS82_9	1	1	1	1	1	0	1	1	1							
AC1KRZ_001020	AOBS82_9	1	1	1	1	1	0	0	1	1							
AC1KRZ_001024	AOBS82_9	1	1	0	0	1	0	0	0	0							
AC1KRZ_001025	AOBS82_9	1	1	0	0	1	0	0	0	1							
AC1KRZ_001026	AOBS82_9	1	1	0	0	0	0	0	0	0		CT_C_D	Pfam		CT_C_D	PF02682.22	0.013
AC1KRZ_001029	AOBS82_9	1	1	1	1	1	0	0	1	1							
AC1KRZ_001032	AOBS82_9	1	1	0	0	0	0	0	0	0		RWD,UBA,UBA_3,UBA_7,UQ_con	Pfam		RWD,UBA,UBA_3,UBA_7,UQ_con	PF05773.28,PF00627.38,PF09288.17,PF22562.3,PF00179.32	0.0027,0.00014,8e-17,0.0039,1.1e-46
AC1KRZ_001036	AOBS82_9	1	1	0	0	0	0	0	0	0		CAF1,Exo_endo_phos,Exo_endo_phos2,HYDIN_VesB_CFA65-like_Ig,Ig-like_IP5PC_F,Motile_Sperm,OCRL-like_ASH,PapD-like,RhoGAP,Wheel	Pfam		CAF1,Exo_endo_phos,Exo_endo_phos2,HYDIN_VesB_CFA65-like_Ig,Ig-like_IP5PC_F,Motile_Sperm,OCRL-like_ASH,PapD-like,RhoGAP,Wheel	PF04857.27,PF03372.30,PF22669.3,PF22544.3,PF23755.2,PF00635.33,PF21310.4,PF14874.13,PF00620.33,PF18972.6	9.1e-22,9e-10,5.5e-79,0.0081,0.01,0.013,2.6e-20,2.6e-05,1.3e-13,0.0029
AC1KRZ_001038	AOBS82_9	1	1	0	0	0	0	1	0	0							
AC1KRZ_001039	AOBS82_9	1	1	0	0	0	0	0	0	0		New_glue	Pfam		New_glue	PF21827.2	0.24
AC1KRZ_001041	AOBS82_9	1	1	0	0	1	0	0	0	1							
AC1KRZ_001043	AOBS82_9	1	1	0	0	0	0	0	0	1							
AC1KRZ_004551	AOBS82_9	1	1	0	0	0	0	0	0	0		DUF2427,E1-E2_ATPase,HAD,HAD_2,HMA,Hydrolase,Hydrolase_3	Pfam		DUF2427,E1-E2_ATPase,HAD,HAD_2,HMA,Hydrolase,Hydrolase_3	PF10348.15,PF00122.26,PF12710.14,PF13419.13,PF00403.33,PF00702.33,PF08282.19	5.8,7e-19,0.00056,0.00023,4e-20,8.7e-28,2.6e-05
AC1KRZ_004553	AOBS82_9	1	1	0	0	0	0	1	0	0							
AC1KRZ_004554	AOBS82_9	1	1	1	1	1	0	1	1	1							
AC1KRZ_004562	AOBS82_9	1	1	1	1	1	0	1	1	1							
AC1KRZ_004567	AOBS82_9	1	1	1	1	1	0	0	1	1							
AC1KRZ_004570	AOBS82_9	1	1	1	1	1	0	1	1	1							
AC1KRZ_004571	AOBS82_9	1	1	1	1	0	0	0	1	1							
AC1KRZ_004572	AOBS82_9	1	1	1	1	1	0	1	1	1							
AC1KRZ_004573	AOBS82_9	1	1	1	1	1	0	1	1	1							
AC1KRZ_004575	AOBS82_9	1	1	0	0	0	0	0	0	0							
AC1KRZ_004577	AOBS82_9	1	1	0	0	0	0	1	0	0							
AC1KRZ_004582	AOBS82_9	1	1	1	1	1	0	0	1	1							
AC1KRZ_004586	AOBS82_9	1	1	0	1	0	0	0	0	0							
AC1KRZ_004587	AOBS82_9	1	1	1	1	1	0	0	1	1							
AC1KRZ_004589	AOBS82_9	1	1	1	1	1	0	1	1	1							
AC1KRZ_004592	AOBS82_9	1	1	0	0	0	0	0	0	0		AAA_34,DEAD,DEAD_2,Helicase_C,ResIII,SNF2-rel_dom,WW	Pfam		AAA_34,DEAD,DEAD_2,Helicase_C,ResIII,SNF2-rel_dom,WW	PF13872.13,PF00270.36,PF06733.22,PF00271.38,PF04851.22,PF00176.30,PF00397.33	0.00016,8e-09,0.00053,8.6e-23,1.2e-07,3.2e-70,6.2e-06
AC1KRZ_004596	AOBS82_9	1	1	0	0	1	0	0	0	0							
AC1KRZ_004597	AOBS82_9	1	1	0	0	0	0	0	0	0		Aldo_ket_red	Pfam		Aldo_ket_red	PF00248.28	7.3e-50
AC1KRZ_004598	AOBS82_9	1	1	0	0	0	0	0	0	0		DUF6632,Fungal_trans,PRP21_like_P	Pfam		DUF6632,Fungal_trans,PRP21_like_P	PF20337.3,PF04082.24,PF12230.14	0.0082,4.3e-10,0.0074
AC1KRZ_004603	AOBS82_9	1	1	0	0	0	0	0	0	0		DUF5684,MFS_1,Sugar_tr	Pfam		DUF5684,MFS_1,Sugar_tr	PF18936.6,PF07690.22,PF00083.31	2.4,1.2e-07,1.2e-60
AC1KRZ_004605	AOBS82_9	1	1	0	0	0	0	0	0	0		MR_MLE_C,MR_MLE_N	Pfam		MR_MLE_C,MR_MLE_N	PF13378.13,PF02746.22	1.4e-63,6.7e-22
AC1KRZ_004606	AOBS82_9	1	1	0	0	0	0	0	0	1							
AC1KRZ_004607	AOBS82_9	1	1	0	0	0	0	0	0	0		Phosphodiest,SGSH_C,Sulfatase,Sulfatase_C	Pfam		Phosphodiest,SGSH_C,Sulfatase,Sulfatase_C	PF01663.28,PF16347.11,PF00884.29,PF14707.12	2.5e-07,3e-08,2.9e-56,0.00039
AC1KRZ_004608	AOBS82_9	1	1	0	0	0	0	0	0	0		Fungal_trans_2	Pfam		Fungal_trans_2	PF11951.14	2.4e-14
AC1KRZ_004614	AOBS82_9	1	1	1	0	0	0	0	0	0							
AC1KRZ_004615	AOBS82_9	1	1	0	0	0	0	0	0	1							
AC1KRZ_004616	AOBS82_9	1	1	0	0	0	0	0	0	0		2OG-FeII_Oxy,DIOX_N,FANCI_HD1,RimB-like	Pfam		2OG-FeII_Oxy,DIOX_N,FANCI_HD1,RimB-like	PF03171.27,PF14226.13,PF14679.13,PF05618.18	1.1e-17,1.1e-17,0.011,0.0063
AC1KRZ_004617	AOBS82_9	1	1	0	0	0	0	0	0	0		Iec3-like_M	Pfam		Iec3-like_M	PF24244.2	0.28
AC1KRZ_004621	AOBS82_9	1	1	0	0	0	0	0	0	0							
AC1KRZ_004624	AOBS82_9	1	1	0	0	0	0	0	0	0							
AC1KRZ_004631	AOBS82_9	1	1	1	1	1	0	1	1	1							
AC1KRZ_004633	AOBS82_9	1	1	1	0	0	0	0	0	1							
AC1KRZ_004634	AOBS82_9	1	1	1	0	0	0	0	0	0							
AC1KRZ_004635	AOBS82_9	1	1	1	1	1	0	0	0	1							
AC1KRZ_004637	AOBS82_9	1	1	0	0	1	0	0	0	1							
AC1KRZ_004638	AOBS82_9	1	1	0	0	0	0	0	0	0		PhyH	Pfam		PhyH	PF05721.20	1.6e-06
AC1KRZ_004639	AOBS82_9	1	1	0	0	0	0	0	0	1							
AC1KRZ_004640	AOBS82_9	1	1	1	1	1	0	0	0	1							
AC1KRZ_004642	AOBS82_9	1	1	0	0	0	0	0	0	0		DEFL_287,DUF6915,Fungal_trans,Zn_clus	Pfam		DEFL_287,DUF6915,Fungal_trans,Zn_clus	PF29525.1,PF21866.2,PF04082.24,PF00172.24	0.11,0.006,9.1e-14,1.9e-11
AC1KRZ_004643	AOBS82_9	1	1	0	0	0	0	0	0	0		Fungal_trans,Zn_clus	Pfam		Fungal_trans,Zn_clus	PF04082.24,PF00172.24	6.7e-06,2.4e-10
AC1KRZ_004644	AOBS82_9	1	1	0	0	0	0	0	0	0		DUF5337,MARVEL,MFS_1,NDUFA3,UNC-93	Pfam		DUF5337,MARVEL,MFS_1,NDUFA3,UNC-93	PF17272.8,PF01284.29,PF07690.22,PF28759.1,PF05978.23	0.5,1.7,1.9e-09,0.74,4.9e-08
AC1KRZ_004645	AOBS82_9	1	1	0	0	0	0	0	0	0		Ddi2_HDD,PapA_C,Tri3	Pfam		Ddi2_HDD,PapA_C,Tri3	PF24669.2,PF16911.11,PF07428.16	0.01,0.00026,0.0071
AC1KRZ_004649	AOBS82_9	1	1	0	0	1	0	0	0	1							
AC1KRZ_004650	AOBS82_9	1	1	0	0	0	0	0	0	0		M20_dimer,Peptidase_M20,Phage_T4_Y10B	Pfam		M20_dimer,Peptidase_M20,Phage_T4_Y10B	PF07687.20,PF01546.34,PF26862.1	3.4e-09,1.3e-10,0.0031
AC1KRZ_004651	AOBS82_9	1	1	1	0	0	0	0	0	0							
AC1KRZ_004652	AOBS82_9	1	1	0	0	1	0	0	0	0							
AC1KRZ_004660	AOBS82_9	1	1	0	0	0	0	0	0	0		AAA,AAA_16,AAA_19,AAA_21,AAA_22,AAA_29,AAA_5,ABC_tran,AFG1_ATPase,Aq_aa27,DAP3,NACHT,NPHP3_N,nSTAND_NTPase5,TsaE	Pfam		AAA,AAA_16,AAA_19,AAA_21,AAA_22,AAA_29,AAA_5,ABC_tran,AFG1_ATPase,Aq_aa27,DAP3,NACHT,NPHP3_N,nSTAND_NTPase5,TsaE	PF00004.36,PF13191.13,PF13245.13,PF13304.13,PF13401.13,PF13555.13,PF07728.21,PF00005.34,PF03969.23,PF27394.1,PF10236.16,PF05729.19,PF24883.3,PF25199.2,PF02367.24	0.0032,0.0005,0.0084,0.0017,2.3e-06,0.0032,1.5e-05,0.012,3.3e-54,0.00077,0.0084,0.00069,0.0069,0.0034,0.0037
AC1KRZ_004665	AOBS82_9	1	1	0	0	0	0	0	0	0		ELMO_CED12	Pfam		ELMO_CED12	PF04727.19	2.4e-19
AC1KRZ_004666	AOBS82_9	1	1	0	0	0	0	0	0	1							
AC1KRZ_004667	AOBS82_9	1	1	0	0	0	0	0	0	0		ANAPC3,Csm6_6H,PB1,TPR_1,TPR_12,TPR_16,TPR_19,TPR_2,TPR_9	Pfam		ANAPC3,Csm6_6H,PB1,TPR_1,TPR_12,TPR_16,TPR_19,TPR_2,TPR_9	PF12895.14,PF22205.2,PF00564.31,PF00515.35,PF13424.13,PF13432.13,PF14559.13,PF07719.24,PF13371.13	0.0017,0.015,1.1e-09,0.00018,0.0039,1.5e-05,0.0011,6.9e-08,0.0019
AC1KRZ_004668	AOBS82_9	1	1	0	0	0	0	0	0	0		ABC2_membrane_3,MARVEL	Pfam		ABC2_membrane_3,MARVEL	PF12698.14,PF01284.29	0.34,4.7e-12
AC1KRZ_004670	AOBS82_9	1	1	1	1	1	0	0	0	1							
AC1KRZ_004673	AOBS82_9	1	1	0	0	0	0	0	0	0		DUF8661	Pfam		DUF8661	PF30599.1	0.0031
AC1KRZ_004680	AOBS82_9	1	1	0	0	0	0	0	0	0							
AC1KRZ_004682	AOBS82_9	1	1	0	0	1	0	0	0	1							
AC1KRZ_004683	AOBS82_9	1	1	1	1	1	0	1	1	1							
AC1KRZ_004685	AOBS82_9	1	1	0	0	0	0	0	0	0		Nucleoporin_FG,NUP50,Ran_BP1	Pfam		Nucleoporin_FG,NUP50,Ran_BP1	PF13634.12,PF08911.17,PF00638.25	0.0021,5.5e-05,5.7e-12
AC1KRZ_004686	AOBS82_9	1	1	0	1	0	0	1	0	0							
AC1KRZ_004698	AOBS82_9	1	1	1	1	0	0	0	0	0							
AC1KRZ_004700	AOBS82_9	1	1	1	1	1	0	0	1	1							
AC1KRZ_004701	AOBS82_9	1	1	1	0	0	0	0	0	1							
AC1KRZ_004703	AOBS82_9	1	1	1	0	0	0	0	0	0							
AC1KRZ_004704	AOBS82_9	1	1	0	0	0	0	0	0	0		DUF4064,OPT,Rv2743c,UPF0640	Pfam		DUF4064,OPT,Rv2743c,UPF0640	PF13273.13,PF03169.21,PF25587.2,PF15114.12	0.0028,2.1e-77,0.0011,0.61
AC1KRZ_004705	AOBS82_9	1	1	0	0	0	0	0	0	0		DUF5316,DUF5455,MFS_1,Phage_gp51,Trp_oprn_chp	Pfam		DUF5316,DUF5455,MFS_1,Phage_gp51,Trp_oprn_chp	PF17247.8,PF17537.8,PF07690.22,PF26826.1,PF09534.16	0.19,2.9,1.1e-40,0.0035,0.047
AC1KRZ_004706	AOBS82_9	1	1	1	1	0	0	0	0	1							
AC1KRZ_004707	AOBS82_9	1	1	1	1	1	0	0	0	1							
AC1KRZ_004708	AOBS82_9	1	1	1	0	0	0	0	1	1							
AC1KRZ_004709	AOBS82_9	1	1	0	0	0	0	0	0	0							
AC1KRZ_004711	AOBS82_9	1	1	0	0	0	0	0	0	0							
AC1KRZ_004712	AOBS82_9	1	1	0	1	1	0	0	0	1							
AC1KRZ_004721	AOBS82_9	1	1	0	0	0	0	0	0	0		DUF4832,DUF4874	Pfam		DUF4832,DUF4874	PF16116.11,PF16173.11	5.5e-37,4e-31
AC1KRZ_004723	AOBS82_9	1	1	1	1	1	0	0	0	1							
AC1KRZ_004724	AOBS82_9	1	1	1	1	1	0	1	1	1							
AC1KRZ_004725	AOBS82_9	1	1	0	0	0	0	0	0	0							
AC1KRZ_004728	AOBS82_9	1	1	1	0	0	0	0	0	0							
AC1KRZ_004733	AOBS82_9	1	1	1	1	1	0	0	0	1							
AC1KRZ_004735	AOBS82_9	1	1	0	0	0	0	0	0	0		C2,C2_Mug190_3rd,DUF6399,Fungal_trans,Phage_APSE1_p4,SMP_MUG190-like	Pfam		C2,C2_Mug190_3rd,DUF6399,Fungal_trans,Phage_APSE1_p4,SMP_MUG190-like	PF00168.37,PF25331.2,PF19936.6,PF04082.24,PF26913.1,PF25669.2	2.8e-24,7.6e-26,0.011,8.8e-16,0.0052,6.4e-72
AC1KRZ_004740	AOBS82_9	1	1	0	0	0	0	0	0	0		BACK_BTBD8,BTB,RPW8	Pfam		BACK_BTBD8,BTB,RPW8	PF26017.1,PF00651.38,PF05659.17	3e-11,0.0031,0.0065
AC1KRZ_004741	AOBS82_9	1	1	0	0	0	0	0	0	0							
AC1KRZ_004742	AOBS82_9	1	1	0	0	0	0	0	0	0		CandA_N,CDT1_C,HEAT,HEAT_2,HEAT_ECM29,HEAT_EF3_N,HEAT_EZ,HEAT_GCN1,HEAT_MROH2B_C,HEAT_PSME4_mid,MMS19_C,TIP120,TPR_CAND1,V-ATPase_H_C	Pfam		CandA_N,CDT1_C,HEAT,HEAT_2,HEAT_ECM29,HEAT_EF3_N,HEAT_EZ,HEAT_GCN1,HEAT_MROH2B_C,HEAT_PSME4_mid,MMS19_C,TIP120,TPR_CAND1,V-ATPase_H_C	PF28359.1,PF16679.12,PF02985.29,PF13646.13,PF24492.2,PF24987.2,PF13513.13,PF23271.2,PF23227.2,PF16507.12,PF12460.15,PF08623.17,PF25782.3,PF11698.15	3.4e-19,0.038,6.4e-05,4.2e-07,0.0048,1.1e-06,3e-08,4e-16,1.4e-06,0.00025,3.6e-06,1.6e-52,1.1e-21,0.0044
AC1KRZ_004743	AOBS82_9	1	1	0	0	0	0	0	0	0		Fungal_trans,S-AdoMet_synt_N	Pfam		Fungal_trans,S-AdoMet_synt_N	PF04082.24,PF00438.26	3.7e-12,0.02
AC1KRZ_004744	AOBS82_9	1	1	0	0	0	0	0	0	0		Glyco_hydro_62,p450,Sarcolipin	Pfam		Glyco_hydro_62,p450,Sarcolipin	PF03664.21,PF00067.28,PF05366.16	0.016,3.7e-70,0.00066
AC1KRZ_004745	AOBS82_9	1	1	0	0	0	0	0	0	1							
AC1KRZ_004746	AOBS82_9	1	1	1	0	1	0	0	0	1							
AC1KRZ_004748	AOBS82_9	1	1	0	1	0	0	0	0	0							
AC1KRZ_004750	AOBS82_9	1	1	0	0	0	0	0	0	0		AA_permease,AA_permease_2	Pfam		AA_permease,AA_permease_2	PF00324.28,PF13520.13	7e-138,6e-31
AC1KRZ_004758	AOBS82_9	1	1	0	0	0	0	0	0	0		DEAD,Helicase_C	Pfam		DEAD,Helicase_C	PF00270.36,PF00271.38	1.3e-05,3.1e-09
AC1KRZ_004759	AOBS82_9	1	1	0	0	0	0	0	0	0		DUF7924,PDDEXK_12	Pfam		DUF7924,PDDEXK_12	PF25545.2,PF20516.5	7.3e-06,0.00056
AC1KRZ_004761	AOBS82_9	1	1	0	0	0	0	1	0	0							
AC1KRZ_004762	AOBS82_9	1	1	0	0	0	0	0	0	0		MFS_1,Sugar_tr	Pfam		MFS_1,Sugar_tr	PF07690.22,PF00083.31	1.2e-12,2.2e-61
AC1KRZ_004764	AOBS82_9	1	1	1	1	1	0	1	0	1							
AC1KRZ_004766	AOBS82_9	1	1	0	0	0	0	0	0	0		DUF445,PUF,PUF_NOP9,SPATA6	Pfam		DUF445,PUF,PUF_NOP9,SPATA6	PF04286.18,PF00806.26,PF22493.3,PF14909.13	0.0026,8.1e-11,2.2e-81,0.014
AC1KRZ_004767	AOBS82_9	1	1	0	0	0	0	1	0	0							
AC1KRZ_004768	AOBS82_9	1	1	1	1	1	0	0	0	1							
AC1KRZ_004771	AOBS82_9	1	1	0	0	0	0	0	0	0		Ephrin	Pfam		Ephrin	PF00812.24	0.018
AC1KRZ_004773	AOBS82_9	1	1	1	1	1	0	0	0	1							
AC1KRZ_004775	AOBS82_9	1	1	1	1	1	0	1	1	1							
AC1KRZ_004778	AOBS82_9	1	1	1	1	1	0	0	0	0							
AC1KRZ_004780	AOBS82_9	1	1	1	1	1	0	0	0	1							
AC1KRZ_004782	AOBS82_9	1	1	0	0	0	0	0	0	0		Arf,ATP_bind_1,EF-G_D2,FeoB_N,GTP_EFTU,GTP_EFTU_D2,GTP_EFTU_D4,IF-2,MMR_HSR1,MMR_HSR1_Xtn,PduV-EutP,Roc,RsgA_GTPase,SRPRB	Pfam		Arf,ATP_bind_1,EF-G_D2,FeoB_N,GTP_EFTU,GTP_EFTU_D2,GTP_EFTU_D4,IF-2,MMR_HSR1,MMR_HSR1_Xtn,PduV-EutP,Roc,RsgA_GTPase,SRPRB	PF00025.28,PF03029.24,PF22042.3,PF02421.25,PF00009.34,PF03144.32,PF14578.13,PF11987.14,PF01926.30,PF16897.11,PF10662.16,PF08477.20,PF03193.23,PF09439.17	7.9e-06,0.00023,1.2e-24,4.1e-08,1.6e-38,3.1e-08,6.6e-06,3.2e-32,2.6e-10,0.0038,0.00062,0.0007,0.00015,0.00024
AC1KRZ_004783	AOBS82_9	1	1	0	0	0	0	0	0	0		Glyco_hydro_47	Pfam		Glyco_hydro_47	PF01532.27	3.6e-147
AC1KRZ_004784	AOBS82_9	1	1	0	0	0	0	0	0	0		Cpn60_TCP1	Pfam		Cpn60_TCP1	PF00118.30	1.2e-161
AC1KRZ_004786	AOBS82_9	1	1	0	0	0	0	0	0	0		POC1	Pfam		POC1	PF10450.17	4.3e-05
AC1KRZ_004788	AOBS82_9	1	1	1	1	0	0	0	0	0							
AC1KRZ_004790	AOBS82_9	1	1	0	0	0	0	0	0	1							
AC1KRZ_004794	AOBS82_9	1	1	0	0	0	0	0	0	0		ARCH_RTEL1,DUF4665,MRI,Myb_DNA-binding,TRF	Pfam		ARCH_RTEL1,DUF4665,MRI,Myb_DNA-binding,TRF	PF23109.2,PF15679.11,PF15325.12,PF00249.38,PF08558.17	0.016,0.001,7.9,0.0029,1.5e-05
AC1KRZ_004797	AOBS82_9	1	1	1	1	1	0	1	1	1							
AC1KRZ_004804	AOBS82_9	1	1	1	0	0	0	0	0	0							
AC1KRZ_004805	AOBS82_9	1	1	1	0	0	0	0	0	0							
AC1KRZ_004809	AOBS82_9	1	1	0	0	0	0	0	0	0		Cation_ATPase,Cation_ATPase_C,Cation_ATPase_N,CoA_binding_3,DUF8000,E1-E2_ATPase,HAD,Hydrolase,Hydrolase_3	Pfam		Cation_ATPase,Cation_ATPase_C,Cation_ATPase_N,CoA_binding_3,DUF8000,E1-E2_ATPase,HAD,Hydrolase,Hydrolase_3	PF13246.13,PF00689.27,PF00690.32,PF13727.13,PF26007.1,PF00122.26,PF12710.14,PF00702.33,PF08282.19	5.2e-39,3.5e-22,5e-15,0.54,4.7,6.9e-25,0.0076,3.8e-17,0.00031
AC1KRZ_004811	AOBS82_9	1	1	1	1	1	0	1	0	1							
AC1KRZ_004813	AOBS82_9	1	1	0	0	0	0	0	0	0		CCDC136_middle,CLEC16A_helical,DNA_pol_phi,Fyv8	Pfam		CCDC136_middle,CLEC16A_helical,DNA_pol_phi,Fyv8	PF28341.1,PF29709.1,PF04931.19,PF27837.1	0.87,0.022,4.8,2.2e-18
AC1KRZ_004816	AOBS82_9	1	1	0	0	0	0	0	0	0		NPL	Pfam		NPL	PF17800.8	0.003
AC1KRZ_004817	AOBS82_9	1	1	0	0	0	0	0	0	0		DUF4141,Flagellin_C,HATPase_c,HisKA,PAS,PAS_3,PAS_4,PAS_8,Receiver_CRE1,Response_reg	Pfam		DUF4141,Flagellin_C,HATPase_c,HisKA,PAS,PAS_3,PAS_4,PAS_8,Receiver_CRE1,Response_reg	PF13605.12,PF00700.28,PF02518.32,PF00512.32,PF00989.32,PF08447.19,PF08448.17,PF13188.14,PF24896.2,PF00072.31	0.34,0.047,1.7e-18,7e-09,9.4e-06,3e-10,6.5e-07,1e-05,0.011,5.6e-22
AC1KRZ_001051	AOBS82_9	1	1	0	0	0	0	0	0	0		Flagellar_rod,RRM_1	Pfam		Flagellar_rod,RRM_1	PF05149.18,PF00076.29	0.021,0.00013
AC1KRZ_001052	AOBS82_9	1	1	1	1	1	0	1	0	1							
AC1KRZ_001063	AOBS82_9	1	1	0	0	0	0	0	0	0		Saf4_Yju2,TEX19,U3_snoRNA_assoc	Pfam		Saf4_Yju2,TEX19,U3_snoRNA_assoc	PF04502.19,PF15553.12,PF08297.17	0.96,0.051,9.3e-09
AC1KRZ_001066	AOBS82_9	1	1	0	0	0	0	0	0	0		ANAPC4_WD40,ASA1,BBS2_Mid,Beta-prop_Aladin,Beta-prop_CAF1B_HIR1,Beta-prop_DCAF12,Beta-prop_DCAF4,Beta-prop_EIPR1,Beta-prop_EML,Beta-prop_EML_2,Beta-prop_HPS5,Beta-prop_IFT122_1st,Beta-prop_IFT140_1st,Beta-prop_LRRK2,Beta-prop_NOL10_N,Beta-prop_Nup120_160,Beta-prop_NWD2_C,Beta-prop_pof12,Beta-prop_RIG_1st,Beta-prop_RIG_2nd,Beta-prop_SCAP,Beta-prop_SPT8,Beta-prop_TEP1_2nd,Beta-prop_TEP1_C,Beta-prop_THOC3,Beta-prop_Vps41,Beta-prop_VPS8,Beta-prop_WDR19_1st,Beta-prop_WDR36-Utp21_1st,Beta-prop_WDR36-Utp21_2nd,Beta-prop_WDR3_1st,Beta-prop_WDR3_2nd,Beta-prop_WDR41,Beta-prop_WDR5,Beta-prop_WDR75_1st,Beta-prop_WDR90_POC16_2nd,CFAP251_N,DSE1_N,EIF3I,F-box,F-box-like,F-box_COS111,Hira,KIAA1755_C,NBCH_WD40,PAC11,PSI_PlexinA-B,TRM82_WD,WD40,WD40_CDC20-Fz,WD40_CFAP43,WD40_Gbeta,WD40_like,WD40_MABP1-WDR62_1st,WD40_MABP1-WDR62_2nd,WD40_Prp19,WD40_WDHD1_1st,WDR55,WDR90_beta-prop_4th	Pfam		ANAPC4_WD40,ASA1,BBS2_Mid,Beta-prop_Aladin,Beta-prop_CAF1B_HIR1,Beta-prop_DCAF12,Beta-prop_DCAF4,Beta-prop_EIPR1,Beta-prop_EML,Beta-prop_EML_2,Beta-prop_HPS5,Beta-prop_IFT122_1st,Beta-prop_IFT140_1st,Beta-prop_LRRK2,Beta-prop_NOL10_N,Beta-prop_Nup120_160,Beta-prop_NWD2_C,Beta-prop_pof12,Beta-prop_RIG_1st,Beta-prop_RIG_2nd,Beta-prop_SCAP,Beta-prop_SPT8,Beta-prop_TEP1_2nd,Beta-prop_TEP1_C,Beta-prop_THOC3,Beta-prop_Vps41,Beta-prop_VPS8,Beta-prop_WDR19_1st,Beta-prop_WDR36-Utp21_1st,Beta-prop_WDR36-Utp21_2nd,Beta-prop_WDR3_1st,Beta-prop_WDR3_2nd,Beta-prop_WDR41,Beta-prop_WDR5,Beta-prop_WDR75_1st,Beta-prop_WDR90_POC16_2nd,CFAP251_N,DSE1_N,EIF3I,F-box,F-box-like,F-box_COS111,Hira,KIAA1755_C,NBCH_WD40,PAC11,PSI_PlexinA-B,TRM82_WD,WD40,WD40_CDC20-Fz,WD40_CFAP43,WD40_Gbeta,WD40_like,WD40_MABP1-WDR62_1st,WD40_MABP1-WDR62_2nd,WD40_Prp19,WD40_WDHD1_1st,WDR55,WDR90_beta-prop_4th	PF12894.14,PF29630.1,PF14783.13,PF25460.2,PF24105.2,PF23760.2,PF23761.2,PF23609.2,PF23409.2,PF23414.2,PF23756.2,PF23381.2,PF23383.2,PF23748.2,PF23098.2,PF11715.17,PF23586.3,PF25499.3,PF23770.2,PF23775.2,PF24017.3,PF23798.2,PF25047.1,PF25048.2,PF25174.2,PF23411.2,PF23410.5,PF23389.2,PF25171.2,PF25168.2,PF25173.2,PF25172.2,PF25178.1,PF25175.2,PF23869.2,PF23393.3,PF30552.1,PF29037.1,PF24805.2,PF00646.39,PF12937.13,PF29466.1,PF07569.17,PF27632.1,PF20426.5,PF30151.1,PF24479.2,PF30361.1,PF00400.39,PF24807.2,PF23184.2,PF25391.2,PF17005.12,PF24780.2,PF24782.3,PF24814.2,PF24817.2,PF24796.2,PF23342.2	7.3e-12,6.3e-13,4.3e-05,6e-09,1.3e-16,2.7e-06,6.9e-10,2.7e-06,3.3e-14,2.7e-14,0.00025,4.7e-45,1.1e-05,8.2e-06,3.3e-08,1.3e-07,0.036,6.4e-05,0.017,5.1e-10,3.1e-18,5.5e-09,4.2e-24,3.8e-18,3e-38,4.9e-05,8.4e-08,0.00059,2.4e-16,1.1e-17,5.5e-54,1.6e-29,1.2e-12,1.6e-53,2.2e-15,1.4e-10,3.9e-07,2.9e-22,4.4e-24,3.8e-06,6.9e-13,0.0046,0.00082,0.02,5.7e-13,2.7e-05,0.21,2.4e-10,6.8e-38,6.2e-30,0.006,1.5e-20,4.4e-06,2.9e-08,1.4e-15,2.1e-35,9.1e-31,1.5e-17,1.1e-09
AC1KRZ_001068	AOBS82_9	1	1	0	0	0	0	0	0	0		ABC_tran_C_actino,Cpn60_TCP1	Pfam		ABC_tran_C_actino,Cpn60_TCP1	PF31170.1,PF00118.30	0.014,6.1e-155
AC1KRZ_001072	AOBS82_9	1	1	0	0	0	0	0	0	0		DEAD,Helicase_C,ResIII	Pfam		DEAD,Helicase_C,ResIII	PF00270.36,PF00271.38,PF04851.22	5.3e-37,4.9e-17,0.00032
AC1KRZ_001079	AOBS82_9	1	1	0	0	0	0	0	0	0		ABC_membrane,ABC_tran,CRIM,DUF3149,PA28_N,SIN1_PH,TIP41,TUG-UBL1,UBL_AVO1	Pfam		ABC_membrane,ABC_tran,CRIM,DUF3149,PA28_N,SIN1_PH,TIP41,TUG-UBL1,UBL_AVO1	PF00664.29,PF00005.34,PF16978.12,PF11346.14,PF02251.24,PF16979.12,PF04176.19,PF11470.15,PF23164.2	6.2e-45,5e-11,3e-40,0.0046,0.018,1.2e-13,5.6e-66,0.0012,6e-07
AC1KRZ_001080	AOBS82_9	1	1	0	0	0	0	0	0	0		CBS,Voltage_CLC	Pfam		CBS,Voltage_CLC	PF00571.34,PF00654.26	9e-07,2.7e-76
AC1KRZ_001081	AOBS82_9	1	1	0	0	0	0	0	0	0		ketoacyl-synt,Ketoacyl-synt_C,Pex26,STAS,Thiolase_N	Pfam		ketoacyl-synt,Ketoacyl-synt_C,Pex26,STAS,Thiolase_N	PF00109.33,PF02801.29,PF07163.18,PF01740.27,PF00108.30	4.1e-58,1.3e-31,0.0013,0.012,0.0002
AC1KRZ_001084	AOBS82_9	1	1	1	1	0	0	0	1	1							
AC1KRZ_001086	AOBS82_9	1	1	0	0	0	0	0	0	0		HrpB4,PH,PH_9,Sec7	Pfam		HrpB4,PH,PH_9,Sec7	PF09502.16,PF00169.36,PF15410.13,PF01369.26	0.0034,4.1e-07,0.00018,3.6e-25
AC1KRZ_001089	AOBS82_9	1	1	0	0	0	0	0	0	0		Cofilin_ADF	Pfam		Cofilin_ADF	PF00241.26	1.8e-26
AC1KRZ_001093	AOBS82_9	1	1	1	1	1	0	1	1	1							
AC1KRZ_001109	AOBS82_9	1	1	1	1	1	0	0	1	1							
AC1KRZ_001119	AOBS82_9	1	1	1	1	0	0	1	1	1							
AC1KRZ_001123	AOBS82_9	1	1	0	0	0	0	0	0	0		AMPK1_CBM,X25_BaPul_like	Pfam		AMPK1_CBM,X25_BaPul_like	PF16561.12,PF22058.3	6.3e-19,0.0042
AC1KRZ_001124	AOBS82_9	1	1	0	0	0	0	0	0	0		MacP_activator	Pfam		MacP_activator	PF26336.1	0.16
AC1KRZ_001130	AOBS82_9	1	1	0	0	0	0	0	0	0		Abhydrolase_1,Abhydrolase_5,Abhydrolase_6,Hydrolase_4,Thioesterase	Pfam		Abhydrolase_1,Abhydrolase_5,Abhydrolase_6,Hydrolase_4,Thioesterase	PF00561.27,PF12695.14,PF12697.14,PF12146.16,PF00975.27	5.3e-13,0.011,1.5e-13,2.8e-06,0.00044
AC1KRZ_001131	AOBS82_9	1	1	0	0	0	0	0	0	0		Cytadhesin_P30,Hid1	Pfam		Cytadhesin_P30,Hid1	PF07271.17,PF12722.13	1.7,6.9
AC1KRZ_001132	AOBS82_9	1	1	1	1	1	0	1	1	1							
AC1KRZ_001133	AOBS82_9	1	1	0	1	1	0	0	1	0							
AC1KRZ_001134	AOBS82_9	1	1	1	1	1	0	1	0	1							
AC1KRZ_001137	AOBS82_9	1	1	0	0	0	0	0	0	0		TPP_enzyme_C,TPP_enzyme_M,TPP_enzyme_N	Pfam		TPP_enzyme_C,TPP_enzyme_M,TPP_enzyme_N	PF02775.27,PF00205.29,PF02776.24	5.2e-15,2.5e-17,1.1e-27
AC1KRZ_001138	AOBS82_9	1	1	1	0	0	0	0	0	0							
AC1KRZ_001140	AOBS82_9	1	1	0	0	0	0	0	0	0		5_3_exonuc_N,NDNF_N	Pfam		5_3_exonuc_N,NDNF_N	PF02739.23,PF24354.2	0.00035,0.0058
AC1KRZ_001144	AOBS82_9	1	1	0	0	0	0	0	0	0							
AC1KRZ_001147	AOBS82_9	1	1	1	1	1	0	0	0	1							
AC1KRZ_001150	AOBS82_9	1	1	0	0	0	0	0	0	0		AMN1_helical,CO_dh,F-box-like,F-box_COS111,HflK_N,LRR_4,LRR_6,LRR_At1g61320_AtMIF1,LRR_FBXL15,LRR_SKP2	Pfam		AMN1_helical,CO_dh,F-box-like,F-box_COS111,HflK_N,LRR_4,LRR_6,LRR_At1g61320_AtMIF1,LRR_FBXL15,LRR_SKP2	PF29120.1,PF02552.23,PF12937.13,PF29466.1,PF12221.14,PF12799.14,PF13516.13,PF23622.2,PF25372.2,PF29594.1	6.7e-26,0.016,0.0026,0.0038,0.021,8.9e-07,0.00015,5.1e-06,1.7e-06,1.7e-08
AC1KRZ_001152	AOBS82_9	1	1	0	0	0	0	0	0	0		Dynactin_p22,IBD2,Salivary_glue	Pfam		Dynactin_p22,IBD2,Salivary_glue	PF07426.17,PF27834.1,PF29534.1	0.011,0.92,0.012
AC1KRZ_001153	AOBS82_9	1	1	0	0	0	0	0	0	0		ANAPC4_WD40,Beta-prop_CAF1B_HIR1,Beta-prop_DCAF4,Beta-prop_EML,Beta-prop_EML_2,Beta-prop_IFT122_1st,Beta-prop_NOL10_N,Beta-prop_RIG_2nd,Beta-prop_SCAP,Beta-prop_SPT8,Beta-prop_TEP1_2nd,Beta-prop_TEP1_C,Beta-prop_THOC3,Beta-prop_VPS8,Beta-prop_WDR36-Utp21_1st,Beta-prop_WDR36-Utp21_2nd,Beta-prop_WDR3_1st,Beta-prop_WDR3_2nd,Beta-prop_WDR41,Beta-prop_WDR5,Beta-prop_WDR75_1st,Beta-prop_WDR90_POC16_2nd,BSP_II,DSE1_N,EIF3I,Myc_N,NBCH_WD40,Nop14,Sporozoite_P67,TP_0598_N,WD40,WD40_CDC20-Fz,WD40_Gbeta,WD40_MABP1-WDR62_1st,WD40_MABP1-WDR62_2nd,WD40_Prp19,WD40_RFWD3,WD40_WDHD1_1st,WDR55,WDR90_beta-prop_4th	Pfam		ANAPC4_WD40,Beta-prop_CAF1B_HIR1,Beta-prop_DCAF4,Beta-prop_EML,Beta-prop_EML_2,Beta-prop_IFT122_1st,Beta-prop_NOL10_N,Beta-prop_RIG_2nd,Beta-prop_SCAP,Beta-prop_SPT8,Beta-prop_TEP1_2nd,Beta-prop_TEP1_C,Beta-prop_THOC3,Beta-prop_VPS8,Beta-prop_WDR36-Utp21_1st,Beta-prop_WDR36-Utp21_2nd,Beta-prop_WDR3_1st,Beta-prop_WDR3_2nd,Beta-prop_WDR41,Beta-prop_WDR5,Beta-prop_WDR75_1st,Beta-prop_WDR90_POC16_2nd,BSP_II,DSE1_N,EIF3I,Myc_N,NBCH_WD40,Nop14,Sporozoite_P67,TP_0598_N,WD40,WD40_CDC20-Fz,WD40_Gbeta,WD40_MABP1-WDR62_1st,WD40_MABP1-WDR62_2nd,WD40_Prp19,WD40_RFWD3,WD40_WDHD1_1st,WDR55,WDR90_beta-prop_4th	PF12894.14,PF24105.2,PF23761.2,PF23409.2,PF23414.2,PF23381.2,PF23098.2,PF23775.2,PF24017.3,PF23798.2,PF25047.1,PF25048.2,PF25174.2,PF23410.5,PF25171.2,PF25168.2,PF25173.2,PF25172.2,PF25178.1,PF25175.2,PF23869.2,PF23393.3,PF05432.17,PF29037.1,PF24805.2,PF01056.24,PF20426.5,PF04147.18,PF05642.17,PF29788.1,PF00400.39,PF24807.2,PF25391.2,PF24780.2,PF24782.3,PF24814.2,PF23419.3,PF24817.2,PF24796.2,PF23342.2	2.7e-05,0.011,2.2e-05,2e-09,7.4e-14,8.6e-17,7e-05,0.0067,0.0002,9.7e-137,1.5e-06,0.0066,2.4e-22,0.00017,0.00036,1.5e-07,5.2e-21,6.2e-11,0.007,1.5e-20,3.4e-05,1.7e-07,3.4,5.6e-07,8.6e-10,8.1,0.00022,0.85,0.51,0.00082,1.2e-21,1.9e-14,8.7e-12,0.011,1.3e-05,1.3e-18,4.2e-05,2.5e-13,5e-10,1.3e-05
AC1KRZ_001154	AOBS82_9	1	1	0	0	0	0	0	0	0		DUF2070,MARVEL	Pfam		DUF2070,MARVEL	PF09843.15,PF01284.29	0.035,0.073
AC1KRZ_001158	AOBS82_9	1	1	1	1	1	0	1	1	1							
AC1KRZ_001161	AOBS82_9	1	1	0	1	1	0	0	0	1							
AC1KRZ_001163	AOBS82_9	1	1	0	0	0	0	0	0	0		ATP-grasp,ATP-grasp_LDMS,Biotin_carb_C,Biotin_carb_N,Biotin_lipoyl,BSH_CzcB,BSH_Fcp1,BSH_RND,BSH_YhbJ,BSH_YknX,BT_MCC_alpha,CPSase_L_D2,Dala_Dala_lig_C,GARS_A	Pfam		ATP-grasp,ATP-grasp_LDMS,Biotin_carb_C,Biotin_carb_N,Biotin_lipoyl,BSH_CzcB,BSH_Fcp1,BSH_RND,BSH_YhbJ,BSH_YknX,BT_MCC_alpha,CPSase_L_D2,Dala_Dala_lig_C,GARS_A	PF02222.28,PF30763.1,PF02785.26,PF00289.29,PF00364.29,PF25973.1,PF26077.1,PF25917.1,PF25997.1,PF25984.1,PF21139.4,PF02786.23,PF07478.19,PF01071.25	5.2e-10,3.4e-05,3.2e-32,9.1e-33,7.6e-15,0.00065,0.007,1.8e-06,7.5e-05,0.0028,0.0016,1.8e-70,8.8e-12,0.0028
AC1KRZ_001164	AOBS82_9	1	1	0	0	0	0	0	0	0		AMP-binding,AMP-binding_C,AMP-binding_C_3	Pfam		AMP-binding,AMP-binding_C,AMP-binding_C_3	PF00501.35,PF13193.13,PF23562.3	4.1e-78,7e-20,0.0068
AC1KRZ_001166	AOBS82_9	1	1	0	0	0	0	0	0	0		CNH,PH,PH_5,RhoGEF,SOS1_NGEF_PH,WHD_RGF3	Pfam		CNH,PH,PH_5,RhoGEF,SOS1_NGEF_PH,WHD_RGF3	PF00780.29,PF00169.36,PF15405.13,PF00621.26,PF22697.3,PF23582.2	1.6e-42,3.4e-05,8.7e-12,3.1e-30,0.00011,1.1e-19
AC1KRZ_001169	AOBS82_9	1	1	1	1	1	0	1	1	1							
AC1KRZ_001170	AOBS82_9	1	1	1	0	0	0	1	1	0							
AC1KRZ_001173	AOBS82_9	1	1	1	1	1	0	1	0	1							
AC1KRZ_001174	AOBS82_9	1	1	1	1	1	0	0	0	1							
AC1KRZ_001175	AOBS82_9	1	1	0	0	0	0	0	0	0		Ac76,DUF2462	Pfam		Ac76,DUF2462	PF05814.17,PF09495.16	0.034,3.9e-09
AC1KRZ_001177	AOBS82_9	1	1	0	1	1	0	1	1	0							
AC1KRZ_001181	AOBS82_9	1	1	0	0	0	0	0	0	1							
AC1KRZ_001182	AOBS82_9	1	1	1	1	1	0	1	0	1							
AC1KRZ_001184	AOBS82_9	1	1	1	1	1	0	0	0	1							
AC1KRZ_001185	AOBS82_9	1	1	1	1	1	0	1	0	1							
AC1KRZ_001186	AOBS82_9	1	1	0	0	0	0	0	0	0		DUF1180,PGA28-like_dom	Pfam		DUF1180,PGA28-like_dom	PF06679.18,PF29052.1	1.8,0.011
AC1KRZ_001187	AOBS82_9	1	1	0	0	0	0	0	0	0		AceES-2,DUF8106,Gin,ODAPH	Pfam		AceES-2,DUF8106,Gin,ODAPH	PF21556.4,PF26408.2,PF10764.15,PF15848.11	0.12,0.0076,0.011,0.00084
AC1KRZ_001188	AOBS82_9	1	1	1	0	0	0	0	0	1							
AC1KRZ_001190	AOBS82_9	1	1	0	0	0	0	1	1	0							
AC1KRZ_001191	AOBS82_9	1	1	1	0	0	0	0	0	1							
AC1KRZ_001192	AOBS82_9	1	1	0	1	1	0	0	1	1							
AC1KRZ_001196	AOBS82_9	1	1	0	1	1	0	0	0	1							
AC1KRZ_001198	AOBS82_9	1	1	0	0	0	0	0	1	0							
AC1KRZ_001204	AOBS82_9	1	1	1	0	1	0	0	0	0							
AC1KRZ_001206	AOBS82_9	1	1	1	1	1	0	0	1	1							
AC1KRZ_001208	AOBS82_9	1	1	0	0	1	0	0	0	0							
AC1KRZ_001213	AOBS82_9	1	1	0	0	0	0	0	0	0		HHH_RS2-RL21-YNQ2,IMS,IMS_C,IMS_HHH,IMS_HHH_1,Sgf11,Zn_ribbon_3	Pfam		HHH_RS2-RL21-YNQ2,IMS,IMS_C,IMS_HHH,IMS_HHH_1,Sgf11,Zn_ribbon_3	PF29713.1,PF00817.26,PF11799.14,PF11798.15,PF21999.3,PF08209.18,PF13248.12	0.0043,2e-41,3.5e-20,6.9e-07,0.00047,0.059,0.0081
AC1KRZ_001217	AOBS82_9	1	1	0	0	0	0	0	0	0							
AC1KRZ_001218	AOBS82_9	1	1	0	0	0	0	0	0	0							
AC1KRZ_001220	AOBS82_9	1	1	1	1	1	0	1	1	0							
AC1KRZ_004821	AOBS82_9	1	1	1	1	1	0	1	0	0							
AC1KRZ_004825	AOBS82_9	1	1	1	1	1	0	1	1	1							
AC1KRZ_004826	AOBS82_9	1	1	1	1	1	0	1	0	1							
AC1KRZ_004827	AOBS82_9	1	1	0	0	0	0	0	0	0		DUF6244,DUF8522,Misat_Tub_SegII,Tubulin,Tubulin_3	Pfam		DUF6244,DUF8522,Misat_Tub_SegII,Tubulin,Tubulin_3	PF19757.5,PF29237.1,PF10644.16,PF00091.32,PF14881.13	0.0026,0.017,1.5e-32,0.00063,1.7e-56
AC1KRZ_004829	AOBS82_9	1	1	0	0	0	0	0	0	0		HAT_PRP39_C,HAT_PRP39_N,HAT_Syf1_CNRKL1_C,HAT_Syf1_CNRKL1_N,NRDE-2,Suf,TPR_14,TPR_19	Pfam		HAT_PRP39_C,HAT_PRP39_N,HAT_Syf1_CNRKL1_C,HAT_Syf1_CNRKL1_N,NRDE-2,Suf,TPR_14,TPR_19	PF23241.2,PF23240.2,PF23231.2,PF23233.2,PF08424.16,PF05843.21,PF13428.13,PF14559.13	0.11,5.2e-07,0.0086,2.1e-09,1e-72,1.2e-06,9.5e-08,0.0083
AC1KRZ_004833	AOBS82_9	1	1	0	1	0	0	0	0	0							
AC1KRZ_004836	AOBS82_9	1	1	0	0	0	0	0	0	0		DUF3431	Pfam		DUF3431	PF11913.14	8.2e-73
AC1KRZ_004837	AOBS82_9	1	1	0	0	0	0	0	0	1							
AC1KRZ_004838	AOBS82_9	1	1	0	0	0	0	0	0	0		Glyco_transf_8	Pfam		Glyco_transf_8	PF01501.27	2.7e-09
AC1KRZ_004845	AOBS82_9	1	1	1	0	0	0	0	0	0							
AC1KRZ_004850	AOBS82_9	1	1	1	1	0	0	1	0	0							
AC1KRZ_004858	AOBS82_9	1	1	0	0	0	0	0	0	0		Anophelin	Pfam		Anophelin	PF10731.16	1.6
AC1KRZ_004860	AOBS82_9	1	1	0	0	0	0	1	0	0							
AC1KRZ_004862	AOBS82_9	1	1	0	0	1	0	1	0	1							
AC1KRZ_004866	AOBS82_9	1	1	0	0	0	0	0	0	0							
AC1KRZ_004869	AOBS82_9	1	1	0	0	0	0	0	0	0		DUF7924,PDDEXK_12	Pfam		DUF7924,PDDEXK_12	PF25545.2,PF20516.5	7e-06,2.1e-05
AC1KRZ_004875	AOBS82_9	1	1	0	1	1	0	0	0	1							
AC1KRZ_004876	AOBS82_9	1	1	1	1	0	0	1	0	1							
AC1KRZ_004883	AOBS82_9	1	1	0	0	0	0	0	0	0		F-box,F-box-like,F-box_COS111,LRR_At5g56370	Pfam		F-box,F-box-like,F-box_COS111,LRR_At5g56370	PF00646.39,PF12937.13,PF29466.1,PF24758.2	0.0089,0.0023,0.00031,0.0031
AC1KRZ_004897	AOBS82_9	1	1	0	0	0	0	0	0	0							
AC1KRZ_004898	AOBS82_9	1	1	0	0	1	0	0	0	0							
AC1KRZ_004899	AOBS82_9	1	1	0	0	0	0	0	0	0		MFS_1,OATP,Sugar_tr	Pfam		MFS_1,OATP,Sugar_tr	PF07690.22,PF03137.27,PF00083.31	6.1e-23,0.00028,2.8e-84
AC1KRZ_004900	AOBS82_9	1	1	0	0	0	0	0	0	0		PhyH	Pfam		PhyH	PF05721.20	7.5e-07
AC1KRZ_004903	AOBS82_9	1	1	0	0	0	0	0	0	0		2OG-FeII_Oxy_5,PhyH	Pfam		2OG-FeII_Oxy_5,PhyH	PF13759.13,PF05721.20	0.0093,4.9e-18
AC1KRZ_004905	AOBS82_9	1	1	0	0	0	0	0	0	0		BOS1_GOSR2_MEM11-like_N,MFS_1,MFS_1_like,Sugar_tr	Pfam		BOS1_GOSR2_MEM11-like_N,MFS_1,MFS_1_like,Sugar_tr	PF27021.1,PF07690.22,PF12832.14,PF00083.31	0.018,2.8e-18,4.2e-07,6e-73
AC1KRZ_004906	AOBS82_9	1	1	0	0	0	0	0	0	0		PhyH	Pfam		PhyH	PF05721.20	1.9e-08
AC1KRZ_004908	AOBS82_9	1	1	0	0	0	0	1	0	0							
AC1KRZ_004910	AOBS82_9	1	1	1	0	0	0	1	0	0							
AC1KRZ_004918	AOBS82_9	1	1	0	0	0	0	0	0	0		Sfi1	Pfam		Sfi1	PF08457.16	0.0024
AC1KRZ_004921	AOBS82_9	1	1	1	1	1	0	1	1	1							
AC1KRZ_004923	AOBS82_9	1	1	1	1	1	0	0	1	0							
AC1KRZ_004924	AOBS82_9	1	1	1	1	1	0	1	1	1							
AC1KRZ_004927	AOBS82_9	1	1	1	1	1	0	1	1	1							
AC1KRZ_004929	AOBS82_9	1	1	0	0	0	0	0	0	0							
AC1KRZ_004935	AOBS82_9	1	1	0	0	0	0	0	0	0		2OG-FeII_Oxy_5,PhyH	Pfam		2OG-FeII_Oxy_5,PhyH	PF13759.13,PF05721.20	0.01,3.3e-51
AC1KRZ_004936	AOBS82_9	1	1	0	0	0	0	0	0	0		adh_short,adh_short_C2,Chromadorea_ALT,KR,SDR	Pfam		adh_short,adh_short_C2,Chromadorea_ALT,KR,SDR	PF00106.32,PF13561.13,PF05535.18,PF08659.17,PF23441.1	3.4e-48,6.8e-57,0.015,1.2e-10,1.2e-05
AC1KRZ_004940	AOBS82_9	1	1	0	0	0	0	0	0	0							
AC1KRZ_004945	AOBS82_9	1	1	1	1	1	0	1	1	1							
AC1KRZ_004946	AOBS82_9	1	1	1	1	1	0	0	1	1							
AC1KRZ_004947	AOBS82_9	1	1	0	0	0	0	0	0	0		DUF5376,PG_binding_5	Pfam		DUF5376,PG_binding_5	PF17346.8,PF21398.3	0.032,0.0015
AC1KRZ_004949	AOBS82_9	1	1	0	0	0	0	0	0	0		bZIP_2,DpnI_C,DUF1514,Filament,HALZ,Holin_BhlA,INO80F,Phage_Gp168,TSC22	Pfam		bZIP_2,DpnI_C,DUF1514,Filament,HALZ,Holin_BhlA,INO80F,Phage_Gp168,TSC22	PF07716.21,PF17726.8,PF07438.18,PF00038.27,PF02183.24,PF10960.14,PF24245.2,PF25696.2,PF01166.24	0.0031,0.23,0.037,0.0007,0.063,0.22,0.0056,0.39,0.11
AC1KRZ_004950	AOBS82_9	1	1	0	0	0	0	0	0	0		ATG13,PTPA	Pfam		ATG13,PTPA	PF10033.15,PF03095.21	1.2e-57,1.6e-99
AC1KRZ_004952	AOBS82_9	1	1	0	0	0	0	0	1	0							
AC1KRZ_001223	AOBS82_9	1	1	0	0	0	0	0	0	0		THEG4	Pfam		THEG4	PF15834.11	2.3
AC1KRZ_001224	AOBS82_9	1	1	0	0	0	0	0	0	0		Aldo_ket_red,bPH_8,CdpA_C,CENP-B_N,DUF4378,DUF7645,DUF7880,FAM210A-B_dom,RNR_inhib,RRM_DEAH11,Sigma70_r3,WcbI,YkcB_C,zf_C2H2_10,zn-ribbon_14	Pfam		Aldo_ket_red,bPH_8,CdpA_C,CENP-B_N,DUF4378,DUF7645,DUF7880,FAM210A-B_dom,RNR_inhib,RRM_DEAH11,Sigma70_r3,WcbI,YkcB_C,zf_C2H2_10,zn-ribbon_14	PF00248.28,PF23491.2,PF23601.2,PF04218.20,PF14309.12,PF24655.2,PF25306.1,PF06916.19,PF08591.16,PF24637.2,PF04539.23,PF18588.7,PF24878.2,PF18414.7,PF16503.11	2.3e-97,0.0049,0.0014,0.00044,0.00023,0.00048,0.011,0.00067,0.013,0.001,0.0016,0.0053,0.0038,0.023,0.6
AC1KRZ_001225	AOBS82_9	1	1	1	1	1	0	0	0	1							
AC1KRZ_001227	AOBS82_9	1	1	1	1	0	0	1	1	1							
AC1KRZ_001234	AOBS82_9	1	1	0	0	0	0	0	0	0		DUF2140,MFS_1,TRI12	Pfam		DUF2140,MFS_1,TRI12	PF09911.15,PF07690.22,PF06609.19	0.0054,1.3e-37,3.5e-05
AC1KRZ_001237	AOBS82_9	1	1	1	1	1	0	1	1	1							
AC1KRZ_001239	AOBS82_9	1	1	1	1	1	0	0	1	1							
AC1KRZ_001242	AOBS82_9	1	1	1	1	1	0	1	0	1							
AC1KRZ_001243	AOBS82_9	1	1	0	0	1	0	0	1	0							
AC1KRZ_001245	AOBS82_9	1	1	0	0	0	0	0	0	0		AJM1_N,tRNA-synt_1,tRNA-synt_1e,tRNA-synt_1f,tRNA-synt_1g	Pfam		AJM1_N,tRNA-synt_1,tRNA-synt_1e,tRNA-synt_1f,tRNA-synt_1g	PF29010.1,PF00133.29,PF01406.26,PF01921.25,PF09334.18	0.32,2.8e-07,3.9e-122,0.00025,5.9e-11
AC1KRZ_001250	AOBS82_9	1	1	0	0	0	0	0	0	0							
AC1KRZ_001256	AOBS82_9	1	1	0	0	0	0	0	0	0		ATP_synt_H,MFS_1,Sugar_tr	Pfam		ATP_synt_H,MFS_1,Sugar_tr	PF05493.19,PF07690.22,PF00083.31	0.27,1.9e-19,3.7e-89
AC1KRZ_001258	AOBS82_9	1	1	0	0	0	0	0	0	0		Gig2-like,PhyH	Pfam		Gig2-like,PhyH	PF07350.20,PF05721.20	1.2e-127,7.8e-06
AC1KRZ_001259	AOBS82_9	1	1	1	1	1	0	0	0	1							
AC1KRZ_001260	AOBS82_9	1	1	1	1	1	0	0	0	1							
AC1KRZ_001261	AOBS82_9	1	1	0	0	0	0	0	0	0		DUF2840,GFO_IDH_MocA,Glyco_hydro_109_C,NAD_binding_3	Pfam		DUF2840,GFO_IDH_MocA,Glyco_hydro_109_C,NAD_binding_3	PF11000.14,PF01408.29,PF21252.4,PF03447.23	0.02,2.1e-21,3.4e-07,0.00033
AC1KRZ_001262	AOBS82_9	1	1	0	0	0	0	0	0	0		2-Hacid_dh_C,3HCDH_N,DUF6497,F420_oxidored,NAD_binding_11,NAD_binding_2,RedAm-like_C	Pfam		2-Hacid_dh_C,3HCDH_N,DUF6497,F420_oxidored,NAD_binding_11,NAD_binding_2,RedAm-like_C	PF02826.26,PF02737.25,PF20107.5,PF03807.24,PF14833.12,PF03446.22,PF21761.3	2.7e-06,0.00019,0.012,0.00026,3.5e-42,3e-38,0.011
AC1KRZ_001263	AOBS82_9	1	1	0	0	0	0	0	0	0		p450	Pfam		p450	PF00067.28	1.5e-40
AC1KRZ_001264	AOBS82_9	1	1	0	0	0	0	0	0	0		3Beta_HSD,ACP_SdgA_C,AMP-binding,AMP-binding_C_3,Epimerase,GDP_Man_Dehyd,KR,NAD_binding_4,Polysacc_synt_2,PP-binding,RmlD_sub_bind,Semialdhyde_dh	Pfam		3Beta_HSD,ACP_SdgA_C,AMP-binding,AMP-binding_C_3,Epimerase,GDP_Man_Dehyd,KR,NAD_binding_4,Polysacc_synt_2,PP-binding,RmlD_sub_bind,Semialdhyde_dh	PF01073.26,PF23297.2,PF00501.35,PF23562.3,PF01370.28,PF16363.12,PF08659.17,PF07993.19,PF02719.22,PF00550.32,PF04321.24,PF01118.31	7.1e-06,0.0011,1.5e-38,6.2e-35,5.3e-17,5e-06,2.8e-05,1.1e-44,0.00079,2e-08,0.00034,0.0055
AC1KRZ_001265	AOBS82_9	1	1	0	0	0	0	0	0	0		Fungal_trans,SSTK-IP	Pfam		Fungal_trans,SSTK-IP	PF04082.24,PF15836.11	3e-32,0.054
AC1KRZ_001266	AOBS82_9	1	1	1	0	1	0	0	0	0							
AC1KRZ_001267	AOBS82_9	1	1	0	0	0	0	0	0	0		DEAD,Helicase_C,ResIII,RING_XB3-XBAT31,Sina_RING,SNF2-rel_dom,TMEM129_C,zf-C3HC4,zf-C3HC4_2,zf-C3HC4_3,zf-C3HC4_4,zf-C3HC4_5,zf-RING_2,zf-RING_5,zf-RING_UBOX,zf_Tbcl	Pfam		DEAD,Helicase_C,ResIII,RING_XB3-XBAT31,Sina_RING,SNF2-rel_dom,TMEM129_C,zf-C3HC4,zf-C3HC4_2,zf-C3HC4_3,zf-C3HC4_4,zf-C3HC4_5,zf-RING_2,zf-RING_5,zf-RING_UBOX,zf_Tbcl	PF00270.36,PF00271.38,PF04851.22,PF24921.2,PF21362.4,PF00176.30,PF29721.1,PF00097.32,PF13923.13,PF13920.13,PF15227.13,PF17121.12,PF13639.13,PF14634.13,PF13445.13,PF13451.13	3.9e-07,4.1e-18,2.2e-09,1.1e-07,0.72,1.5e-64,0.018,0.00068,0.029,8.7e-06,0.66,4,0.00028,3.5e-06,0.012,0.5
AC1KRZ_001269	AOBS82_9	1	1	0	1	1	0	0	0	0							
AC1KRZ_001270	AOBS82_9	1	1	0	0	1	0	0	0	1							
AC1KRZ_001272	AOBS82_9	1	1	1	1	1	0	0	1	0							
AC1KRZ_001273	AOBS82_9	1	1	1	1	1	0	0	0	1							
AC1KRZ_001275	AOBS82_9	1	1	0	0	0	0	1	0	0							
AC1KRZ_001276	AOBS82_9	1	1	1	1	1	0	0	0	1							
AC1KRZ_001279	AOBS82_9	1	1	0	0	0	0	0	0	0		Clathrin,HAT_PRP39_C,MSC6_N,MxiC_C,PPR,PPR_1,PPR_2,PPR_3,PPR_long,RMD9_mid,RMD9_N,TPR_12,TPR_14,TPR_19,TPR_24,Ubiquitin_PRKD1_N	Pfam		Clathrin,HAT_PRP39_C,MSC6_N,MxiC_C,PPR,PPR_1,PPR_2,PPR_3,PPR_long,RMD9_mid,RMD9_N,TPR_12,TPR_14,TPR_19,TPR_24,Ubiquitin_PRKD1_N	PF00637.27,PF23241.2,PF29070.1,PF21439.2,PF01535.27,PF12854.14,PF13041.13,PF13812.13,PF17177.11,PF28771.1,PF28753.1,PF13424.13,PF13428.13,PF14559.13,PF23276.3,PF25525.2	0.0036,0.0014,4.9e-11,0.0015,6.3e-07,6.7e-07,2.1e-13,1e-10,2.7e-09,6e-08,1.5e-05,0.0049,0.00016,7.5e-05,2.3e-06,0.0078
AC1KRZ_001281	AOBS82_9	1	1	0	0	0	0	0	0	0		At4g13230,ATP-synt_B,Mito_carr	Pfam		At4g13230,ATP-synt_B,Mito_carr	PF28479.1,PF00430.24,PF00153.33	0.025,0.035,4e-43
AC1KRZ_001285	AOBS82_9	1	1	0	0	0	0	0	0	0		ApeI-like,C2,MUN,Phage_Mu_Gp27,TPR_PATROL1	Pfam		ApeI-like,C2,MUN,Phage_Mu_Gp27,TPR_PATROL1	PF22818.3,PF00168.37,PF06292.24,PF11985.14,PF25761.2	0.014,2.1e-10,1.2e-17,0.00092,2.1e-06
AC1KRZ_001288	AOBS82_9	1	1	1	1	1	0	1	1	1							
AC1KRZ_001301	AOBS82_9	1	1	1	1	1	0	1	1	1							
AC1KRZ_001307	AOBS82_9	1	1	0	0	0	0	0	0	0		Helicase_C,ResIII,RHH_ERCC6L2,SNF2-rel_dom,VIGSSK	Pfam		Helicase_C,ResIII,RHH_ERCC6L2,SNF2-rel_dom,VIGSSK	PF00271.38,PF04851.22,PF25806.1,PF00176.30,PF14773.12	9.6e-25,5.5e-06,4.6e-17,2.5e-51,1.2e-10
AC1KRZ_001308	AOBS82_9	1	1	0	0	0	0	0	0	0		bZIP_2,Fungal_trans,Hist_deacetyl	Pfam		bZIP_2,Fungal_trans,Hist_deacetyl	PF07716.21,PF04082.24,PF00850.25	0.016,1.5e-27,1.1e-88
AC1KRZ_001309	AOBS82_9	1	1	1	1	1	0	1	1	1							
AC1KRZ_001310	AOBS82_9	1	1	1	1	1	0	0	0	1							
AC1KRZ_001316	AOBS82_9	1	1	0	0	0	0	0	0	0		MFS_1,Sugar_tr	Pfam		MFS_1,Sugar_tr	PF07690.22,PF00083.31	3.9e-18,3.7e-83
AC1KRZ_001317	AOBS82_9	1	1	1	0	0	0	0	0	0							
AC1KRZ_001320	AOBS82_9	1	1	0	0	0	0	0	0	0		CD34_antigen,Orai-1,SfLAP,TRP,TRP_N	Pfam		CD34_antigen,Orai-1,SfLAP,TRP,TRP_N	PF06365.18,PF07856.18,PF11139.15,PF06011.18,PF14558.12	0.16,0.51,7.3,9.2e-35,8.8e-05
AC1KRZ_001321	AOBS82_9	1	1	0	0	0	0	0	0	0		HTH_RNase_II,RNB,SH3_CYT4,WHD_CYT4	Pfam		HTH_RNase_II,RNB,SH3_CYT4,WHD_CYT4	PF23161.2,PF00773.26,PF23214.2,PF23216.2	0.0072,9e-58,0.0071,0.0015
AC1KRZ_001322	AOBS82_9	1	1	0	0	0	0	0	0	0		BHD_1,BHD_2,BHD_3,GAF_3,Rad4,Transglut_core	Pfam		BHD_1,BHD_2,BHD_3,GAF_3,Rad4,Transglut_core	PF10403.15,PF10404.15,PF10405.16,PF13492.13,PF03835.22,PF01841.26	2.7e-13,1.6e-09,3e-22,0.0063,6.1e-33,6.2e-05
AC1KRZ_001329	AOBS82_9	1	1	1	0	0	0	0	1	0							
AC1KRZ_001331	AOBS82_9	1	1	0	0	0	0	0	0	0		DUF7907,Sporozoite_P67,SprA-related	Pfam		DUF7907,Sporozoite_P67,SprA-related	PF25484.2,PF05642.17,PF12118.13	8.3e-09,0.015,0.43
AC1KRZ_001346	AOBS82_9	1	1	0	1	0	0	0	0	0							
AC1KRZ_001348	AOBS82_9	1	1	1	1	1	0	0	0	1							
AC1KRZ_001349	AOBS82_9	1	1	0	0	0	0	0	0	0		CEP162_coil_mid,DUF3573,DUF4611,DUF6779,Gon7,ZapB	Pfam		CEP162_coil_mid,DUF3573,DUF4611,DUF6779,Gon7,ZapB	PF27944.1,PF12097.15,PF15387.12,PF20570.4,PF08738.16,PF06005.19	0.0031,0.059,5.4e-06,0.006,5.4e-07,0.0053
AC1KRZ_001351	AOBS82_9	1	1	0	0	0	0	0	0	0		Beta-prop_RSE1_2nd,Beta-prop_WDR36-Utp21_1st,Clathrin,CNH,DNA_ligase_IV,TPR_Vps41,VPS18_solenoid_2nd,Vps39_1,zf-Vps39_C	Pfam		Beta-prop_RSE1_2nd,Beta-prop_WDR36-Utp21_1st,Clathrin,CNH,DNA_ligase_IV,TPR_Vps41,VPS18_solenoid_2nd,Vps39_1,zf-Vps39_C	PF23726.2,PF25171.2,PF00637.27,PF00780.29,PF11411.14,PF23556.2,PF28737.1,PF10366.16,PF10367.16	0.0068,0.012,3.9e-08,1.3e-25,0.013,7.2e-08,3.2e-06,2.2e-24,7.2e-18
AC1KRZ_001353	AOBS82_9	1	1	0	0	0	0	0	0	0							
AC1KRZ_001354	AOBS82_9	1	1	0	0	0	0	0	0	0		AARP2CN,Aminotran_3,RIBIOP_C,Tsr1_G-like	Pfam		AARP2CN,Aminotran_3,RIBIOP_C,Tsr1_G-like	PF08142.19,PF00202.28,PF04950.19,PF22298.3	2e-20,4.1e-108,1.3e-95,2.4e-41
AC1KRZ_001360	AOBS82_9	1	1	1	1	1	0	1	1	1							
AC1KRZ_001361	AOBS82_9	1	1	1	1	1	0	0	1	1							
AC1KRZ_001362	AOBS82_9	1	1	0	0	0	0	0	0	0		DUF7340,HmpF,WEMBL,Zn_ribbon_NOB1	Pfam		DUF7340,HmpF,WEMBL,Zn_ribbon_NOB1	PF24029.3,PF28019.1,PF05701.17,PF08772.17	0.95,0.082,0.26,0.0013
AC1KRZ_001365	AOBS82_9	1	1	0	0	0	0	0	0	1							
AC1KRZ_001369	AOBS82_9	1	1	0	0	0	0	0	0	0		AAA,AAA_14,AAA_16,AAA_17,AAA_18,AAA_2,AAA_22,AAA_25,AAA_28,AAA_33,AAA_5,AAA_lid_3,ABC_tran,CENP-F_leu_zip,DUF7608,IPT,IstB_IS21,Mg_chelatase,NPHP3_N,nSTAND3,RNA_helicase,RuvB_N,TIP49,Zeta_toxin	Pfam		AAA,AAA_14,AAA_16,AAA_17,AAA_18,AAA_2,AAA_22,AAA_25,AAA_28,AAA_33,AAA_5,AAA_lid_3,ABC_tran,CENP-F_leu_zip,DUF7608,IPT,IstB_IS21,Mg_chelatase,NPHP3_N,nSTAND3,RNA_helicase,RuvB_N,TIP49,Zeta_toxin	PF00004.36,PF13173.13,PF13191.13,PF13207.13,PF13238.13,PF07724.21,PF13401.13,PF13481.13,PF13521.13,PF13671.13,PF07728.21,PF17862.8,PF00005.34,PF10473.15,PF24581.2,PF01745.23,PF01695.24,PF01078.28,PF24883.3,PF20720.4,PF00910.29,PF05496.19,PF06068.20,PF06414.19	1.3e-42,3.8e-05,4.5e-05,0.00069,0.00011,0.004,0.00039,0.0097,0.00093,6.3e-06,1.2e-05,4.1e-10,0.0035,0.0059,1.6e-13,0.0075,0.00065,0.00088,0.015,0.00013,0.0053,1.2e-05,5.7e-05,0.0032
AC1KRZ_004963	AOBS82_9	1	1	0	0	0	0	0	0	0		ComC_N,COMMD1_N,DUF8275,HIP1_clath_bdg,Trns_repr_metal	Pfam		ComC_N,COMMD1_N,DUF8275,HIP1_clath_bdg,Trns_repr_metal	PF30181.1,PF17221.9,PF26916.1,PF16515.12,PF02583.23	0.018,0.0034,0.0002,0.0099,0.0019
AC1KRZ_004969	AOBS82_9	1	1	1	1	1	0	1	1	1							
AC1KRZ_004976	AOBS82_9	1	1	0	0	0	0	0	1	0							
AC1KRZ_004980	AOBS82_9	1	1	0	0	0	0	0	0	0		Ntox5	Pfam		Ntox5	PF15543.11	0.0025
AC1KRZ_004981	AOBS82_9	1	1	0	0	0	0	0	0	0		AAA_21,AAA_23,AAA_29,ABC_membrane,ABC_tran,CbiA,Cellulase,DUF87,GH5_mannosidase,SMC_N	Pfam		AAA_21,AAA_23,AAA_29,ABC_membrane,ABC_tran,CbiA,Cellulase,DUF87,GH5_mannosidase,SMC_N	PF13304.13,PF13476.13,PF13555.13,PF00664.29,PF00005.34,PF01656.30,PF00150.25,PF01935.24,PF26410.1,PF02463.26	0.0018,0.087,0.005,3.1e-17,1.1e-24,0.0041,2.3e-07,0.017,1.7e-26,0.0031
AC1KRZ_004982	AOBS82_9	1	1	0	0	0	0	0	0	0		AAA_15,AAA_16,AAA_21,AAA_23,AAA_25,AAA_29,ABC_membrane,ABC_tran,Adeno_IVa2,DUF4083,Dynamin_N,MMR_HSR1,nSTAND1,RsgA_GTPase,SMC_N,T2SSE,TMEM31	Pfam		AAA_15,AAA_16,AAA_21,AAA_23,AAA_25,AAA_29,ABC_membrane,ABC_tran,Adeno_IVa2,DUF4083,Dynamin_N,MMR_HSR1,nSTAND1,RsgA_GTPase,SMC_N,T2SSE,TMEM31	PF13175.13,PF13191.13,PF13304.13,PF13476.13,PF13481.13,PF13555.13,PF00664.29,PF00005.34,PF02456.23,PF13314.12,PF00350.30,PF01926.30,PF20703.4,PF03193.23,PF02463.26,PF00437.27,PF29362.1	0.0054,0.0072,0.0043,4.4e-06,0.015,0.00011,4.5e-20,3.5e-14,0.012,0.041,0.0014,0.018,0.0053,0.0026,0.00096,0.0083,0.16
AC1KRZ_004983	AOBS82_9	1	1	1	0	1	0	0	0	1							
AC1KRZ_004985	AOBS82_9	1	1	0	0	0	0	0	0	0		Bul1_C,DUF4112,DUF515,SOG2,TMEM106_N	Pfam		Bul1_C,DUF4112,DUF515,SOG2,TMEM106_N	PF04426.18,PF13430.12,PF04415.18,PF10428.15,PF21002.3	0.0019,0.0037,8.9,0.048,8.7
AC1KRZ_004986	AOBS82_9	1	1	0	1	1	0	0	0	1							
AC1KRZ_004987	AOBS82_9	1	1	0	0	0	0	0	0	0		2OG-FeII_Oxy	Pfam		2OG-FeII_Oxy	PF03171.27	2.5e-10
AC1KRZ_004988	AOBS82_9	1	1	1	0	0	0	0	0	0							
AC1KRZ_004991	AOBS82_9	1	1	1	1	1	0	0	1	1							
AC1KRZ_004992	AOBS82_9	1	1	1	1	1	0	1	1	1							
AC1KRZ_004993	AOBS82_9	1	1	1	1	0	0	1	1	0							
AC1KRZ_004998	AOBS82_9	1	1	0	0	0	0	0	0	0							
AC1KRZ_005002	AOBS82_9	1	1	1	1	1	0	0	0	1							
AC1KRZ_005003	AOBS82_9	1	1	0	0	0	0	0	0	0		Aldo_ket_red,V1R_C	Pfam		Aldo_ket_red,V1R_C	PF00248.28,PF08983.16	7.6e-60,0.0082
AC1KRZ_005005	AOBS82_9	1	1	1	1	1	0	0	0	1							
AC1KRZ_005008	AOBS82_9	1	1	0	1	0	0	0	0	0							
AC1KRZ_005010	AOBS82_9	1	1	1	0	1	0	0	0	1							
AC1KRZ_005011	AOBS82_9	1	1	0	0	0	0	0	0	0		Phosphoesterase	Pfam		Phosphoesterase	PF04185.20	7.4e-78
AC1KRZ_005012	AOBS82_9	1	1	0	0	0	0	0	0	0		Cu-oxidase,Cu-oxidase_2,Cu-oxidase_3,PapA_C,Tri3,UPF0542	Pfam		Cu-oxidase,Cu-oxidase_2,Cu-oxidase_3,PapA_C,Tri3,UPF0542	PF00394.29,PF07731.21,PF07732.22,PF16911.11,PF07428.16,PF15086.12	9.6e-36,1.2e-26,9.2e-45,1.6e-07,0.0023,0.01
AC1KRZ_005013	AOBS82_9	1	1	0	0	0	0	0	0	0		PDDEXK_12,Ribosomal_L27_C	Pfam		PDDEXK_12,Ribosomal_L27_C	PF20516.5,PF18471.8	0.00013,0.0054
AC1KRZ_005016	AOBS82_9	1	1	0	0	0	0	0	0	0		CCSMST1,DUF7361,E1-E2_ATPase,HMA,HMA_PCA1,Hydrolase	Pfam		CCSMST1,DUF7361,E1-E2_ATPase,HMA,HMA_PCA1,Hydrolase	PF15013.12,PF24060.2,PF00122.26,PF00403.33,PF24534.2,PF00702.33	0.0047,0.00099,1.3e-22,1.2e-10,4.3e-14,1.8e-17
AC1KRZ_005023	AOBS82_9	1	1	0	0	0	0	0	0	0		Glyco_hydro_125	Pfam		Glyco_hydro_125	PF06824.18	1.2e-165
AC1KRZ_005025	AOBS82_9	1	1	0	0	0	0	0	0	0		DUF6919,MTHFR,MTHFR_C	Pfam		DUF6919,MTHFR,MTHFR_C	PF21897.2,PF02219.24,PF21895.2	3.3e-06,2.6e-106,1.6e-57
AC1KRZ_005026	AOBS82_9	1	1	0	0	0	0	0	0	0		Cas10-Cmr2_palm2,Glyco_transf_5,NAD_binding_10,NmrA,Sacchrp_dh_NADP,TrkA_N	Pfam		Cas10-Cmr2_palm2,Glyco_transf_5,NAD_binding_10,NmrA,Sacchrp_dh_NADP,TrkA_N	PF22335.2,PF08323.18,PF13460.13,PF05368.20,PF03435.25,PF02254.25	0.016,0.0075,2.5e-16,1.1e-12,0.0031,0.00037
AC1KRZ_005028	AOBS82_9	1	1	0	0	0	0	0	0	0		Anamorsin_N,CpcD,Methyltransf_11,Methyltransf_12,Methyltransf_23,Methyltransf_25,Methyltransf_31,Ubie_methyltran	Pfam		Anamorsin_N,CpcD,Methyltransf_11,Methyltransf_12,Methyltransf_23,Methyltransf_25,Methyltransf_31,Ubie_methyltran	PF20922.4,PF01383.28,PF08241.19,PF08242.19,PF13489.13,PF13649.13,PF13847.13,PF01209.25	0.0018,0.0038,1.3e-16,1.3e-11,0.00023,4e-14,3.6e-07,7.4e-07
AC1KRZ_005030	AOBS82_9	1	1	0	0	0	0	0	0	0							
AC1KRZ_005031	AOBS82_9	1	1	1	1	1	0	0	0	1							
AC1KRZ_005035	AOBS82_9	1	1	0	0	0	0	0	0	0		CHP02642,DnaJ,DnaJ_C,DnaJ_CXXCXGXG,LTXXQ,NUDIX	Pfam		CHP02642,DnaJ,DnaJ_C,DnaJ_CXXCXGXG,LTXXQ,NUDIX	PF27659.1,PF00226.37,PF01556.24,PF00684.26,PF07813.18,PF00293.35	4.4,4.8e-23,1e-38,2.6e-11,0.0079,5.3e-13
AC1KRZ_005036	AOBS82_9	1	1	0	0	0	0	0	0	0		Fungal_trans_2,SAP30_Sin3_bdg,Zn_clus	Pfam		Fungal_trans_2,SAP30_Sin3_bdg,Zn_clus	PF11951.14,PF13867.12,PF00172.24	7e-07,2.1e-15,1e-11
AC1KRZ_005043	AOBS82_9	1	1	0	0	0	0	0	0	0		CBFD_NFYB_HMF,Histone,Histone_ABTB,TFIID_20kDa	Pfam		CBFD_NFYB_HMF,Histone,Histone_ABTB,TFIID_20kDa	PF00808.30,PF00125.31,PF26281.1,PF03847.21	4.1e-06,3.9e-22,7.2e-09,2e-05
AC1KRZ_005044	AOBS82_9	1	1	1	1	1	0	1	1	1							
AC1KRZ_005045	AOBS82_9	1	1	1	1	1	0	1	1	1							
AC1KRZ_005047	AOBS82_9	1	1	1	1	1	0	1	1	1							
AC1KRZ_005048	AOBS82_9	1	1	0	0	0	0	0	0	0		K_channel_TID,MTPAP-like_central,Nrap_D2,NTP_transf_2,PAP-OAS1,PAP_assoc,RGP,TUTase	Pfam		K_channel_TID,MTPAP-like_central,Nrap_D2,NTP_transf_2,PAP-OAS1,PAP_assoc,RGP,TUTase	PF07941.17,PF22600.3,PF17403.8,PF01909.30,PF26180.1,PF03828.25,PF03214.20,PF19088.7	0.51,9.1e-23,0.0088,0.0028,0.00042,2.9e-15,0.018,0.015
AC1KRZ_005051	AOBS82_9	1	1	0	0	0	0	0	0	0		IHABP4_N	Pfam		IHABP4_N	PF16174.11	8.5
AC1KRZ_005053	AOBS82_9	1	1	1	1	1	0	1	1	1							
AC1KRZ_001375	AOBS82_9	1	1	0	0	0	0	0	0	0		Fcf1,Glyco_transf_8	Pfam		Fcf1,Glyco_transf_8	PF04900.19,PF01501.27	1.1e-26,0.0091
AC1KRZ_001379	AOBS82_9	1	1	0	0	0	0	0	0	0		Aa_trans,Oxidored_q5_N,SirB	Pfam		Aa_trans,Oxidored_q5_N,SirB	PF01490.25,PF01059.23,PF04247.18	3.9e-30,0.31,0.35
AC1KRZ_001380	AOBS82_9	1	1	0	0	1	0	0	0	0							
AC1KRZ_001382	AOBS82_9	1	1	0	0	0	0	0	0	0		Cytochrome_C7,Zn_clus	Pfam		Cytochrome_C7,Zn_clus	PF14522.12,PF00172.24	0.0012,6.1e-08
AC1KRZ_001385	AOBS82_9	1	1	0	0	0	0	0	0	0		PhyH	Pfam		PhyH	PF05721.20	1.5e-18
AC1KRZ_001386	AOBS82_9	1	1	0	0	0	0	0	0	0		Ig_mannosidase,Mannosidase_ig	Pfam		Ig_mannosidase,Mannosidase_ig	PF17753.8,PF17786.8	1.6e-06,7.6e-17
AC1KRZ_001388	AOBS82_9	1	1	1	0	0	0	0	0	1							
AC1KRZ_001389	AOBS82_9	1	1	0	0	1	0	0	0	1							
AC1KRZ_001391	AOBS82_9	1	1	1	1	0	0	1	0	0							
AC1KRZ_001393	AOBS82_9	1	1	0	0	0	0	0	0	0							
AC1KRZ_001394	AOBS82_9	1	1	1	1	0	0	1	0	0							
AC1KRZ_001397	AOBS82_9	1	1	0	0	0	0	1	0	0							
AC1KRZ_001401	AOBS82_9	1	1	1	0	1	0	1	1	0							
AC1KRZ_001407	AOBS82_9	1	1	0	0	1	0	1	1	0							
AC1KRZ_001408	AOBS82_9	1	1	0	0	0	0	0	0	0							
AC1KRZ_001411	AOBS82_9	1	1	0	0	0	0	0	0	0		Gp44-like_2nd,SH3_Rv2311	Pfam		Gp44-like_2nd,SH3_Rv2311	PF22255.3,PF27170.1	0.0045,0.0042
AC1KRZ_001413	AOBS82_9	1	1	0	0	0	0	0	0	0		ABC1,Haspin_kinase,Kdo,Kinase-like,Pkinase,Pkinase_fungal,PK_Tyr_Ser-Thr	Pfam		ABC1,Haspin_kinase,Kdo,Kinase-like,Pkinase,Pkinase_fungal,PK_Tyr_Ser-Thr	PF03109.23,PF12330.15,PF06293.21,PF14531.13,PF00069.32,PF17667.8,PF07714.24	5.3e-05,0.00046,3.1e-05,9.6e-10,8.3e-56,0.015,2e-28
AC1KRZ_001414	AOBS82_9	1	1	0	0	0	0	0	0	0		ABC1,APH,Choline_kinase,COMMD9_HN,DUF6396,Pkinase,PK_Tyr_Ser-Thr,RIO1	Pfam		ABC1,APH,Choline_kinase,COMMD9_HN,DUF6396,Pkinase,PK_Tyr_Ser-Thr,RIO1	PF03109.23,PF01636.30,PF01633.27,PF20923.3,PF19933.5,PF00069.32,PF07714.24,PF01163.29	1.1e-06,8.5e-05,0.004,0.014,0.022,1.2e-47,3.3e-19,0.002
AC1KRZ_001415	AOBS82_9	1	1	0	0	0	0	0	0	0		BRCT	Pfam		BRCT	PF00533.34	5.2e-06
AC1KRZ_001416	AOBS82_9	1	1	0	0	0	0	0	0	0							
AC1KRZ_001417	AOBS82_9	1	1	1	0	1	0	1	0	1							
AC1KRZ_001418	AOBS82_9	1	1	1	1	1	0	0	1	1							
AC1KRZ_001422	AOBS82_9	1	1	1	1	1	0	0	0	1							
AC1KRZ_001423	AOBS82_9	1	1	1	1	1	0	0	1	1							
AC1KRZ_001432	AOBS82_9	1	1	0	0	1	0	0	0	1							
AC1KRZ_001433	AOBS82_9	1	1	0	0	0	0	0	0	0		DUF3450,HalX,INO80E,MTR4-like_stalk,Myb_DNA-bind_8,Occludin_ELL,OVT1	Pfam		DUF3450,HalX,INO80E,MTR4-like_stalk,Myb_DNA-bind_8,Occludin_ELL,OVT1	PF11932.14,PF08663.16,PF24237.2,PF21408.3,PF22980.3,PF07303.19,PF24423.3	0.039,0.16,0.0055,0.36,0.035,0.8,0.0011
AC1KRZ_001438	AOBS82_9	1	1	0	0	1	0	0	0	1							
AC1KRZ_001440	AOBS82_9	1	1	1	1	1	0	0	1	1							
AC1KRZ_001441	AOBS82_9	1	1	0	0	0	0	0	0	0		MFS_1,OATP,Sugar_tr	Pfam		MFS_1,OATP,Sugar_tr	PF07690.22,PF03137.27,PF00083.31	2.1e-34,7.3e-05,2.1e-14
AC1KRZ_001443	AOBS82_9	1	1	0	0	0	0	1	1	0							
AC1KRZ_001449	AOBS82_9	1	1	0	0	0	0	0	0	0		Aminotran_1_2,Beta_elim_lyase	Pfam		Aminotran_1_2,Beta_elim_lyase	PF00155.28,PF01212.28	3e-60,0.0091
AC1KRZ_001451	AOBS82_9	1	1	1	0	0	0	0	0	0							
AC1KRZ_001452	AOBS82_9	1	1	0	0	0	0	0	0	0							
AC1KRZ_001456	AOBS82_9	1	1	0	0	0	0	0	0	0		UQ_con	Pfam		UQ_con	PF00179.32	1.5e-40
AC1KRZ_001457	AOBS82_9	1	1	1	1	0	0	1	1	1							
AC1KRZ_001458	AOBS82_9	1	1	0	0	0	0	0	0	0							
AC1KRZ_001462	AOBS82_9	1	1	1	1	1	0	1	0	1							
AC1KRZ_001465	AOBS82_9	1	1	0	0	0	0	0	0	0							
AC1KRZ_001468	AOBS82_9	1	1	1	1	1	0	1	1	1							
AC1KRZ_001471	AOBS82_9	1	1	0	0	0	0	0	0	1							
AC1KRZ_001473	AOBS82_9	1	1	0	0	0	0	0	0	0							
AC1KRZ_001474	AOBS82_9	1	1	0	0	0	0	0	0	0		DAGK_cat,Glyco_transf_90,MTC4_N,NAD_kinase,NAD_kinase_C,QRPTase_N	Pfam		DAGK_cat,Glyco_transf_90,MTC4_N,NAD_kinase,NAD_kinase_C,QRPTase_N	PF00781.30,PF05686.19,PF28296.1,PF01513.27,PF20143.5,PF02749.23	0.013,1.3e-11,0.0096,7.5e-27,7.3e-42,0.016
AC1KRZ_001476	AOBS82_9	1	1	0	0	0	0	0	0	0		AAA_28,ATP_bind_1,cobW,Dynamin_N,FeoB_N,GTP_EFTU,KTI12,MeaB,MMR_HSR1,MMR_HSR1_Xtn,Ploopntkinase3,RsgA_GTPase,YGR210-like_G4	Pfam		AAA_28,ATP_bind_1,cobW,Dynamin_N,FeoB_N,GTP_EFTU,KTI12,MeaB,MMR_HSR1,MMR_HSR1_Xtn,Ploopntkinase3,RsgA_GTPase,YGR210-like_G4	PF13521.13,PF03029.24,PF02492.26,PF00350.30,PF02421.25,PF00009.34,PF08433.17,PF03308.23,PF01926.30,PF16897.11,PF18751.8,PF03193.23,PF08438.17	0.0094,0.014,0.024,0.0035,2e-08,0.00047,0.0022,0.0058,1.1e-19,0.018,0.0037,0.0057,6.1e-28
AC1KRZ_001477	AOBS82_9	1	1	1	1	1	0	1	1	1							
AC1KRZ_001481	AOBS82_9	1	1	0	0	0	0	0	0	0							
AC1KRZ_001484	AOBS82_9	1	1	1	1	1	0	0	0	1							
AC1KRZ_001486	AOBS82_9	1	1	1	1	1	0	0	1	1							
AC1KRZ_001488	AOBS82_9	1	1	0	0	0	0	0	0	0		DUF4309,Peptidase_M3	Pfam		DUF4309,Peptidase_M3	PF14172.13,PF01432.27	0.012,3e-132
AC1KRZ_001489	AOBS82_9	1	1	1	1	1	0	0	0	1							
AC1KRZ_001491	AOBS82_9	1	1	0	1	0	0	0	1	0							
AC1KRZ_001493	AOBS82_9	1	1	1	0	1	0	1	1	1							
AC1KRZ_001495	AOBS82_9	1	1	1	1	1	0	1	1	1							
AC1KRZ_001497	AOBS82_9	1	1	0	0	0	0	0	0	0		AAA_22,AAA_30,CMS1,DEAD,Helicase_C,ResIII	Pfam		AAA_22,AAA_30,CMS1,DEAD,Helicase_C,ResIII	PF13401.13,PF13604.13,PF14617.13,PF00270.36,PF00271.38,PF04851.22	0.00096,0.0021,0.011,1.5e-39,7.3e-29,1.3e-08
AC1KRZ_001498	AOBS82_9	1	1	0	0	0	0	0	0	0		Mito_carr	Pfam		Mito_carr	PF00153.33	4.9e-43
AC1KRZ_001502	AOBS82_9	1	1	0	0	0	0	0	0	0		DEAD,HDA2-3,Helicase_C,ResIII,SNF2-rel_dom	Pfam		DEAD,HDA2-3,Helicase_C,ResIII,SNF2-rel_dom	PF00270.36,PF11496.15,PF00271.38,PF04851.22,PF00176.30	5.6e-08,1.3e-06,5.2e-26,1e-10,1.5e-67
AC1KRZ_001506	AOBS82_9	1	1	1	1	1	0	1	1	1							
AC1KRZ_005056	AOBS82_9	1	1	0	0	0	0	0	0	0		But2	Pfam		But2	PF09792.15	3.4e-21
AC1KRZ_005058	AOBS82_9	1	1	0	0	0	0	0	0	0		Enolase_N,MR_MLE_C,MR_MLE_N	Pfam		Enolase_N,MR_MLE_C,MR_MLE_N	PF03952.22,PF13378.13,PF02746.22	0.0043,1.7e-44,5.5e-33
AC1KRZ_005066	AOBS82_9	1	1	1	1	1	0	1	1	1							
AC1KRZ_005067	AOBS82_9	1	1	1	1	1	0	1	1	1							
AC1KRZ_005071	AOBS82_9	1	1	1	0	1	0	0	0	0							
AC1KRZ_005085	AOBS82_9	1	1	0	0	0	0	0	0	0		ACT_7,Nab6_mRNP_bdg,PHM7_cyt,RRM_1,RRM_7	Pfam		ACT_7,Nab6_mRNP_bdg,PHM7_cyt,RRM_1,RRM_7	PF13840.13,PF10567.16,PF14703.13,PF00076.29,PF16367.12	2.1e-22,0.00073,0.0038,4.3e-37,0.0016
AC1KRZ_005088	AOBS82_9	1	1	0	0	0	0	0	0	0		AAA,AAA_16,AAA_17,AAA_18,AAA_21,AAA_22,AAA_24,AAA_25,AAA_28,AAA_29,AAA_33,AAA_5,AAA_7,AAA_lid_BCS1,ABC_tran,ATPase,ATP_bind_1,BCS1_N,DO-GTPase1,DUF5906,DUF815,MMR_HSR1,PPV_E1_C,RNA_helicase,RuvB_N	Pfam		AAA,AAA_16,AAA_17,AAA_18,AAA_21,AAA_22,AAA_24,AAA_25,AAA_28,AAA_29,AAA_33,AAA_5,AAA_7,AAA_lid_BCS1,ABC_tran,ATPase,ATP_bind_1,BCS1_N,DO-GTPase1,DUF5906,DUF815,MMR_HSR1,PPV_E1_C,RNA_helicase,RuvB_N	PF00004.36,PF13191.13,PF13207.13,PF13238.13,PF13304.13,PF13401.13,PF13479.13,PF13481.13,PF13521.13,PF13555.13,PF13671.13,PF07728.21,PF12775.14,PF25426.2,PF00005.34,PF06745.20,PF03029.24,PF08740.17,PF19975.6,PF19263.6,PF05673.20,PF01926.30,PF00519.24,PF00910.29,PF05496.19	5.5e-23,7.2e-06,0.0057,0.0092,0.00078,0.00088,0.013,0.001,0.0034,0.00019,0.0018,3.4e-05,0.00052,4.9e-17,0.0013,0.02,0.0066,1.2e-48,0.003,0.018,4.9e-05,0.019,0.0029,0.00016,0.014
AC1KRZ_005091	AOBS82_9	1	1	1	0	1	0	1	0	1							
AC1KRZ_005093	AOBS82_9	1	1	0	0	0	0	0	0	0		MFS_1,OppC_N,Sugar_tr,VIT1	Pfam		MFS_1,OppC_N,Sugar_tr,VIT1	PF07690.22,PF12911.13,PF00083.31,PF01988.25	5.5e-23,0.0014,1.3e-93,7.4
AC1KRZ_005094	AOBS82_9	1	1	0	0	0	0	0	0	0							
AC1KRZ_005095	AOBS82_9	1	1	0	0	0	0	0	0	0		DUF3435,IFNGR1_D2	Pfam		DUF3435,IFNGR1_D2	PF11917.14,PF07140.18	9.4e-18,0.009
AC1KRZ_005098	AOBS82_9	1	1	0	0	0	0	0	0	1							
AC1KRZ_001514	AOBS82_9	1	1	0	0	0	0	0	0	0		CSN11_C,DGAT3_N,FapA,RhoGAP,SKA2,Syntaxin,YabA	Pfam		CSN11_C,DGAT3_N,FapA,RhoGAP,SKA2,Syntaxin,YabA	PF30253.1,PF28697.1,PF03961.20,PF00620.33,PF16740.11,PF00804.32,PF06156.19	0.014,5.1,0.0087,8.5e-23,0.0014,0.035,0.039
AC1KRZ_001515	AOBS82_9	1	1	0	0	0	0	0	0	0		Carn_acyltransf,DASH_Ask1,Glyco_transf_8,Mannosyl_trans3	Pfam		Carn_acyltransf,DASH_Ask1,Glyco_transf_8,Mannosyl_trans3	PF00755.26,PF08655.16,PF01501.27,PF11051.15	4.6e-190,1.5e-29,6.5e-23,0.00037
AC1KRZ_001518	AOBS82_9	1	1	1	0	0	0	1	1	1							
AC1KRZ_001519	AOBS82_9	1	1	0	0	0	0	0	0	0		ARM_KDM8_N,Cupin_1,Cupin_2,Cupin_8,JmjC,JmjC_2	Pfam		ARM_KDM8_N,Cupin_1,Cupin_2,Cupin_8,JmjC,JmjC_2	PF24472.2,PF00190.29,PF07883.18,PF13621.13,PF02373.29,PF08007.19	4.5e-05,0.00061,0.0012,2.9e-38,0.0039,5.5e-10
AC1KRZ_001520	AOBS82_9	1	1	1	1	1	0	1	0	1							
AC1KRZ_001530	AOBS82_9	1	1	0	0	0	0	0	0	0		CBFD_NFYB_HMF,CENP-S,CENP-T_C,Histone,PP_kinase,YebU_pre-PUA_dom	Pfam		CBFD_NFYB_HMF,CENP-S,CENP-T_C,Histone,PP_kinase,YebU_pre-PUA_dom	PF00808.30,PF15630.13,PF15511.13,PF00125.31,PF02503.23,PF21150.3	0.00089,0.00047,3.3e-06,3.6e-33,0.0027,0.014
AC1KRZ_001533	AOBS82_9	1	1	1	1	1	0	1	0	1							
AC1KRZ_001535	AOBS82_9	1	1	0	0	0	0	0	0	0		ARM_TBCD_2nd,bHLH_IRO3,CCDC90-like,CEP162_coil_mid,DUF1664,DUF7181,FlaC_arch,IES5,Rab11-FIP3,SH3BP5	Pfam		ARM_TBCD_2nd,bHLH_IRO3,CCDC90-like,CEP162_coil_mid,DUF1664,DUF7181,FlaC_arch,IES5,Rab11-FIP3,SH3BP5	PF25767.2,PF23177.2,PF07798.17,PF27944.1,PF07889.18,PF23808.2,PF05377.18,PF17335.8,PF25450.2,PF05276.20	0.0035,0.18,7.9e-44,0.13,0.013,0.0057,2.1,0.0033,0.00084,0.0042
AC1KRZ_001543	AOBS82_9	1	1	0	0	0	0	0	0	0		CorA	Pfam		CorA	PF01544.24	3.6e-35
AC1KRZ_001544	AOBS82_9	1	1	0	0	0	0	0	0	0		Phosducin,Thioredoxin	Pfam		Phosducin,Thioredoxin	PF02114.23,PF00085.27	3.4e-08,5.2e-05
AC1KRZ_001553	AOBS82_9	1	1	1	1	1	0	0	0	1							
AC1KRZ_001555	AOBS82_9	1	1	1	1	1	0	0	0	1							
AC1KRZ_001556	AOBS82_9	1	1	0	0	0	0	0	0	0		PTR2	Pfam		PTR2	PF00854.28	2e-92
AC1KRZ_001557	AOBS82_9	1	1	1	1	1	0	1	1	1							
AC1KRZ_001560	AOBS82_9	1	1	0	0	0	0	0	0	0		DUF6789,Mito_carr,SLC25_like	Pfam		DUF6789,Mito_carr,SLC25_like	PF20587.4,PF00153.33,PF18405.7	0.0045,4.8e-63,0.018
AC1KRZ_001561	AOBS82_9	1	1	1	1	1	0	0	0	0							
AC1KRZ_001567	AOBS82_9	1	1	0	0	0	0	0	0	0		RNase_T	Pfam		RNase_T	PF00929.32	1.6e-22
AC1KRZ_001568	AOBS82_9	1	1	1	1	1	0	1	1	1							
AC1KRZ_001569	AOBS82_9	1	1	0	0	0	0	0	0	0		CMAS,Methyltransf_11,Methyltransf_12,Methyltransf_23,Methyltransf_24,Methyltransf_25,Methyltransf_3,Methyltransf_30,Methyltransf_31,MTS,NodS,Nuc_sug_transp,PCMT,Pyr_redox,RMNT_CmcI,RrnaAD,Spermine_synth,Ubie_methyltran	Pfam		CMAS,Methyltransf_11,Methyltransf_12,Methyltransf_23,Methyltransf_24,Methyltransf_25,Methyltransf_3,Methyltransf_30,Methyltransf_31,MTS,NodS,Nuc_sug_transp,PCMT,Pyr_redox,RMNT_CmcI,RrnaAD,Spermine_synth,Ubie_methyltran	PF02353.27,PF08241.19,PF08242.19,PF13489.13,PF13578.13,PF13649.13,PF01596.24,PF05430.18,PF13847.13,PF05175.21,PF05401.17,PF04142.22,PF01135.26,PF00070.34,PF04989.19,PF00398.27,PF01564.24,PF01209.25	0.015,8.8e-07,0.00016,0.0023,7e-16,6.6e-08,4.1e-36,0.0046,1.6e-08,0.0025,0.0033,0.012,1.2e-06,0.015,0.0021,0.0077,0.004,0.0011
AC1KRZ_001573	AOBS82_9	1	1	1	1	1	0	1	1	1							
AC1KRZ_001574	AOBS82_9	1	1	0	0	0	0	0	0	0		PAC1	Pfam		PAC1	PF16094.11	0.048
AC1KRZ_001575	AOBS82_9	1	1	1	1	1	0	1	1	1							
AC1KRZ_001576	AOBS82_9	1	1	1	1	1	0	0	1	1							
AC1KRZ_001578	AOBS82_9	1	1	1	1	1	0	1	1	1							
AC1KRZ_001582	AOBS82_9	1	1	0	0	0	0	0	0	0		Sld7_C,Sld7_N	Pfam		Sld7_C,Sld7_N	PF18596.7,PF18636.9	2.2e-21,1.4e-05
AC1KRZ_001584	AOBS82_9	1	1	0	0	0	0	0	0	0		Proteasome,Proteasome_A_N	Pfam		Proteasome,Proteasome_A_N	PF00227.32,PF10584.15	6.6e-48,1.8e-12
AC1KRZ_001587	AOBS82_9	1	1	1	1	1	0	0	0	1							
AC1KRZ_001588	AOBS82_9	1	1	0	0	0	0	0	0	0		Chorismate_bind,Chorismate_bind_2,GATase,Peptidase_C26	Pfam		Chorismate_bind,Chorismate_bind_2,GATase,Peptidase_C26	PF00425.26,PF30495.1,PF00117.35,PF07722.20	1.8e-98,1.3e-36,6.8e-35,5.2e-08
AC1KRZ_001590	AOBS82_9	1	1	1	1	1	0	1	1	1							
AC1KRZ_001595	AOBS82_9	1	1	0	0	0	0	0	0	0		Arylsulfotrans,Arylsulfotran_2	Pfam		Arylsulfotrans,Arylsulfotran_2	PF05935.18,PF14269.13	2e-20,1.1e-63
AC1KRZ_001596	AOBS82_9	1	1	1	1	1	0	0	0	1							
AC1KRZ_001597	AOBS82_9	1	1	1	1	1	0	1	1	1							
AC1KRZ_001602	AOBS82_9	1	1	1	1	1	0	1	1	1							
AC1KRZ_001603	AOBS82_9	1	1	0	0	0	0	0	0	0		Arylsulfotrans,Arylsulfotran_2,Cullin_AB,EF-hand_5,Rep_fac-A_C	Pfam		Arylsulfotrans,Arylsulfotran_2,Cullin_AB,EF-hand_5,Rep_fac-A_C	PF05935.18,PF14269.13,PF26557.1,PF13202.13,PF08646.17	6.1e-23,6e-65,0.019,0.43,0.0025
AC1KRZ_001609	AOBS82_9	1	1	1	1	1	0	0	1	1							
AC1KRZ_001610	AOBS82_9	1	1	1	1	1	0	1	1	1							
AC1KRZ_001614	AOBS82_9	1	1	1	1	1	0	1	1	1							
AC1KRZ_001616	AOBS82_9	1	1	0	0	0	0	0	0	0		DAO,MCRA,NAD_binding_8,Pyr_redox_2	Pfam		DAO,MCRA,NAD_binding_8,Pyr_redox_2	PF01266.31,PF06100.18,PF13450.13,PF07992.21	8.5e-43,0.0083,0.00074,0.00096
AC1KRZ_001617	AOBS82_9	1	1	0	0	0	0	1	0	0							
AC1KRZ_001619	AOBS82_9	1	1	1	1	1	0	0	1	1							
AC1KRZ_001621	AOBS82_9	1	1	0	0	0	0	0	0	1							
AC1KRZ_001622	AOBS82_9	1	1	0	0	0	0	0	0	0		DUF6374,DUF8413,Glyco_transf_90	Pfam		DUF6374,DUF8413,Glyco_transf_90	PF19901.5,PF28475.1,PF05686.19	0.015,0.025,4.5e-15
AC1KRZ_001623	AOBS82_9	1	1	0	0	0	0	0	0	0		7TM-7TMR_HD,MFS_1,MFS_1_like,Sugar_tr,TRI12	Pfam		7TM-7TMR_HD,MFS_1,MFS_1_like,Sugar_tr,TRI12	PF07698.18,PF07690.22,PF12832.14,PF00083.31,PF06609.19	0.00067,9e-33,1.4e-07,5e-92,1.6e-07
AC1KRZ_001624	AOBS82_9	1	1	1	0	0	0	0	0	1							
AC1KRZ_001625	AOBS82_9	1	1	0	0	0	0	0	0	0		MFS_1	Pfam		MFS_1	PF07690.22	7.4e-27
AC1KRZ_000141	AOBS82_9	0	1	0	1	1	0	0	1	1							
AC1KRZ_001668	AOBS82_9	0	1	1	1	1	0	1	1	1							
AC1KRZ_001683	AOBS82_9	0	1	1	1	1	0	1	1	1							
AC1KRZ_001684	AOBS82_9	0	1	0	1	1	0	1	1	1							
AC1KRZ_001763	AOBS82_9	0	1	0	0	0	0	0	1	0							
AC1KRZ_001821	AOBS82_9	0	1	0	0	0	0	1	1	0							
AC1KRZ_001897	AOBS82_9	0	1	1	1	1	0	1	1	1							
AC1KRZ_001984	AOBS82_9	0	1	0	0	0	0	1	1	0							
AC1KRZ_001996	AOBS82_9	0	1	1	1	1	0	1	1	1							
AC1KRZ_002057	AOBS82_9	0	1	0	0	0	0	1	1	0							
AC1KRZ_002097	AOBS82_9	0	1	0	0	0	0	0	1	0							
AC1KRZ_002125	AOBS82_9	0	1	0	1	1	0	0	1	0							
AC1KRZ_002152	AOBS82_9	0	1	1	1	1	0	0	1	1							
AC1KRZ_002225	AOBS82_9	0	1	0	0	0	0	0	1	0							
AC1KRZ_002291	AOBS82_9	0	1	0	0	0	0	0	1	0							
AC1KRZ_002327	AOBS82_9	0	1	1	1	1	0	1	1	1							
AC1KRZ_002389	AOBS82_9	0	1	0	0	0	0	0	1	0							
AC1KRZ_002409	AOBS82_9	0	1	0	0	1	0	0	1	0							
AC1KRZ_002424	AOBS82_9	0	1	0	0	0	0	1	1	0							
AC1KRZ_002439	AOBS82_9	0	1	0	0	0	0	0	1	0							
AC1KRZ_002448	AOBS82_9	0	1	1	1	1	0	1	1	1							
AC1KRZ_002455	AOBS82_9	0	1	1	1	1	0	1	1	1							
AC1KRZ_002534	AOBS82_9	0	1	1	1	1	0	1	1	1							
AC1KRZ_002574	AOBS82_9	0	1	1	1	1	0	1	1	1							
AC1KRZ_002673	AOBS82_9	0	1	1	1	0	0	1	1	1							
AC1KRZ_002690	AOBS82_9	0	1	0	0	0	0	0	1	0							
AC1KRZ_002693	AOBS82_9	0	1	0	0	0	0	0	1	0							
AC1KRZ_000340	AOBS82_9	0	1	0	0	1	0	1	1	0							
AC1KRZ_000358	AOBS82_9	0	1	1	0	1	0	1	1	0							
AC1KRZ_000421	AOBS82_9	0	1	0	0	0	0	1	1	0							
AC1KRZ_002819	AOBS82_9	0	1	0	0	0	0	0	1	0							
AC1KRZ_002831	AOBS82_9	0	1	1	1	1	0	1	1	1							
AC1KRZ_002862	AOBS82_9	0	1	1	0	1	0	1	1	1							
AC1KRZ_002863	AOBS82_9	0	1	1	1	1	0	0	1	1							
AC1KRZ_002864	AOBS82_9	0	1	1	0	1	0	0	1	1							
AC1KRZ_002892	AOBS82_9	0	1	1	0	1	0	0	1	1							
AC1KRZ_002893	AOBS82_9	0	1	1	0	1	0	1	1	0							
AC1KRZ_002907	AOBS82_9	0	1	1	1	1	0	1	1	1							
AC1KRZ_002932	AOBS82_9	0	1	1	1	1	0	1	1	1							
AC1KRZ_002933	AOBS82_9	0	1	1	1	0	0	0	1	1							
AC1KRZ_002978	AOBS82_9	0	1	0	0	0	0	0	1	0							
AC1KRZ_003046	AOBS82_9	0	1	1	1	1	0	1	1	1							
AC1KRZ_003076	AOBS82_9	0	1	0	0	0	0	1	1	1							
AC1KRZ_003104	AOBS82_9	0	1	1	0	0	0	0	1	1							
AC1KRZ_003168	AOBS82_9	0	1	0	0	0	0	0	1	0							
AC1KRZ_003194	AOBS82_9	0	1	0	0	0	0	1	1	1							
AC1KRZ_003196	AOBS82_9	0	1	0	0	0	0	0	1	1							
AC1KRZ_003232	AOBS82_9	0	1	1	1	1	0	1	1	1							
AC1KRZ_003250	AOBS82_9	0	1	0	0	0	0	0	1	0							
AC1KRZ_003257	AOBS82_9	0	1	0	0	0	0	0	1	0							
AC1KRZ_003279	AOBS82_9	0	1	1	1	1	0	1	1	1							
AC1KRZ_003360	AOBS82_9	0	1	1	1	1	0	0	1	1							
AC1KRZ_003384	AOBS82_9	0	1	0	0	0	0	0	1	0							
AC1KRZ_003426	AOBS82_9	0	1	1	1	1	0	1	1	1							
AC1KRZ_003435	AOBS82_9	0	1	1	1	1	0	1	1	1							
AC1KRZ_003479	AOBS82_9	0	1	0	0	0	0	0	1	0							
AC1KRZ_003494	AOBS82_9	0	1	0	0	1	0	0	1	1							
AC1KRZ_003497	AOBS82_9	0	1	0	1	0	0	1	1	0							
AC1KRZ_000518	AOBS82_9	0	1	0	0	0	0	0	1	0							
AC1KRZ_000521	AOBS82_9	0	1	0	0	1	0	1	1	0							
AC1KRZ_000522	AOBS82_9	0	1	1	1	1	0	1	1	1							
AC1KRZ_000529	AOBS82_9	0	1	1	0	1	0	1	1	1							
AC1KRZ_000550	AOBS82_9	0	1	1	1	1	0	1	1	1							
AC1KRZ_000612	AOBS82_9	0	1	0	0	1	0	1	1	0							
AC1KRZ_003556	AOBS82_9	0	1	0	0	0	0	0	1	0							
AC1KRZ_003572	AOBS82_9	0	1	1	1	0	0	1	1	1							
AC1KRZ_003673	AOBS82_9	0	1	1	1	1	0	1	1	1							
AC1KRZ_003677	AOBS82_9	0	1	1	1	1	0	1	1	1							
AC1KRZ_003721	AOBS82_9	0	1	0	1	1	0	0	1	1							
AC1KRZ_003899	AOBS82_9	0	1	0	0	0	0	0	1	1							
AC1KRZ_004003	AOBS82_9	0	1	1	1	1	0	1	1	1							
AC1KRZ_004036	AOBS82_9	0	1	0	0	0	0	1	1	0							
AC1KRZ_004044	AOBS82_9	0	1	0	0	0	0	0	1	0							
AC1KRZ_004049	AOBS82_9	0	1	0	0	1	0	1	1	1							
AC1KRZ_000677	AOBS82_9	0	1	1	1	1	0	0	1	1							
AC1KRZ_000688	AOBS82_9	0	1	0	0	1	0	0	1	0							
AC1KRZ_000690	AOBS82_9	0	1	1	1	0	0	1	1	0							
AC1KRZ_000698	AOBS82_9	0	1	0	0	0	0	0	1	0							
AC1KRZ_000733	AOBS82_9	0	1	1	1	1	0	1	1	1							
AC1KRZ_000755	AOBS82_9	0	1	0	1	0	0	0	1	0							
AC1KRZ_000805	AOBS82_9	0	1	0	0	1	0	1	1	1							
AC1KRZ_000806	AOBS82_9	0	1	1	0	1	0	1	1	1							
AC1KRZ_004170	AOBS82_9	0	1	0	0	0	0	0	1	0							
AC1KRZ_004193	AOBS82_9	0	1	1	1	1	0	1	1	1							
AC1KRZ_004221	AOBS82_9	0	1	0	0	0	0	1	1	1							
AC1KRZ_004301	AOBS82_9	0	1	1	1	1	0	1	1	1							
AC1KRZ_004306	AOBS82_9	0	1	1	0	0	0	1	1	0							
AC1KRZ_004326	AOBS82_9	0	1	1	0	1	0	1	1	1							
AC1KRZ_004375	AOBS82_9	0	1	1	1	1	0	1	1	1							
AC1KRZ_004437	AOBS82_9	0	1	0	0	1	0	1	1	0							
AC1KRZ_004538	AOBS82_9	0	1	1	1	1	0	0	1	1							
AC1KRZ_004542	AOBS82_9	0	1	1	1	1	0	1	1	1							
AC1KRZ_000868	AOBS82_9	0	1	1	1	1	0	1	1	1							
AC1KRZ_000869	AOBS82_9	0	1	0	0	0	0	0	1	0							
AC1KRZ_000886	AOBS82_9	0	1	0	0	0	0	0	1	0							
AC1KRZ_000896	AOBS82_9	0	1	1	1	1	0	1	1	0							
AC1KRZ_000902	AOBS82_9	0	1	0	0	0	0	1	1	0							
AC1KRZ_000919	AOBS82_9	0	1	1	1	1	0	1	1	1							
AC1KRZ_000954	AOBS82_9	0	1	0	1	0	0	1	1	0							
AC1KRZ_000982	AOBS82_9	0	1	1	1	1	0	1	1	1							
AC1KRZ_004557	AOBS82_9	0	1	0	1	1	0	0	1	0							
AC1KRZ_004559	AOBS82_9	0	1	1	1	1	0	0	1	1							
AC1KRZ_004671	AOBS82_9	0	1	1	1	0	0	0	1	1							
AC1KRZ_001129	AOBS82_9	0	1	0	0	0	0	1	1	0							
AC1KRZ_001157	AOBS82_9	0	1	0	0	0	0	0	1	0							
AC1KRZ_001205	AOBS82_9	0	1	1	1	1	0	0	1	1							
AC1KRZ_001216	AOBS82_9	0	1	1	1	1	0	1	1	1							
AC1KRZ_004824	AOBS82_9	0	1	1	1	1	0	1	1	1							
AC1KRZ_004835	AOBS82_9	0	1	0	0	1	0	0	1	1							
AC1KRZ_004859	AOBS82_9	0	1	0	0	0	0	0	1	0							
AC1KRZ_004872	AOBS82_9	0	1	1	0	1	0	1	1	1							
AC1KRZ_004887	AOBS82_9	0	1	0	0	0	0	1	1	0							
AC1KRZ_004891	AOBS82_9	0	1	1	1	1	0	1	1	1							
AC1KRZ_004917	AOBS82_9	0	1	0	0	0	0	0	1	0							
AC1KRZ_001232	AOBS82_9	0	1	0	0	0	0	0	1	1							
AC1KRZ_001293	AOBS82_9	0	1	1	1	1	0	1	1	1							
AC1KRZ_001296	AOBS82_9	0	1	0	0	0	0	0	1	0							
AC1KRZ_001303	AOBS82_9	0	1	1	1	1	0	1	1	1							
AC1KRZ_001327	AOBS82_9	0	1	0	0	0	0	1	1	0							
AC1KRZ_001352	AOBS82_9	0	1	1	1	1	0	1	1	1							
AC1KRZ_004974	AOBS82_9	0	1	1	1	1	0	1	1	1							
AC1KRZ_005042	AOBS82_9	0	1	0	0	1	0	1	1	0							
AC1KRZ_001378	AOBS82_9	0	1	0	1	0	0	1	1	1							
AC1KRZ_001405	AOBS82_9	0	1	0	0	1	0	1	1	0							
AC1KRZ_001464	AOBS82_9	0	1	0	0	0	0	0	1	0							
AC1KRZ_001521	AOBS82_9	0	1	0	0	1	0	1	1	0							
AC1KRZ_001529	AOBS82_9	0	1	1	1	1	0	0	1	1							
AC1KRZ_001538	AOBS82_9	0	1	1	0	0	0	1	1	1							
AC1KRZ_001564	AOBS82_9	0	1	0	1	1	0	1	1	1							
AC1KRZ_001585	AOBS82_9	0	1	1	0	1	0	1	1	1							
AC1KRZ_001607	AOBS82_9	0	1	1	1	1	0	1	1	1							
AC1KRZ_001628	AOBS82_9	0	1	1	0	1	0	1	1	1							
AC1KRZ_000171	AOBS82_9	0	1	1	1	0	0	1	0	0							
AC1KRZ_000191	AOBS82_9	0	1	1	0	1	0	1	0	1							
AC1KRZ_001661	AOBS82_9	0	1	1	0	1	0	1	0	1							
AC1KRZ_001714	AOBS82_9	0	1	0	0	0	0	1	0	0							
AC1KRZ_001920	AOBS82_9	0	1	0	0	0	0	1	0	0							
AC1KRZ_002006	AOBS82_9	0	1	0	1	0	0	1	0	0							
AC1KRZ_002133	AOBS82_9	0	1	1	0	0	0	1	0	1							
AC1KRZ_002161	AOBS82_9	0	1	1	1	1	0	1	0	1							
AC1KRZ_002213	AOBS82_9	0	1	0	1	0	0	1	0	0							
AC1KRZ_002449	AOBS82_9	0	1	0	0	0	0	1	0	0							
AC1KRZ_002457	AOBS82_9	0	1	1	1	1	0	1	0	0							
AC1KRZ_002606	AOBS82_9	0	1	0	0	0	0	1	0	0							
AC1KRZ_002680	AOBS82_9	0	1	0	0	0	0	1	0	0							
AC1KRZ_002724	AOBS82_9	0	1	0	0	0	0	1	0	0							
AC1KRZ_000262	AOBS82_9	0	1	1	1	1	0	1	0	1							
AC1KRZ_000389	AOBS82_9	0	1	0	0	0	0	1	0	0							
AC1KRZ_002808	AOBS82_9	0	1	1	0	1	0	1	0	1							
AC1KRZ_002954	AOBS82_9	0	1	0	1	0	0	1	0	0							
AC1KRZ_002965	AOBS82_9	0	1	1	1	1	0	1	0	1							
AC1KRZ_003023	AOBS82_9	0	1	0	0	0	0	1	0	0							
AC1KRZ_003198	AOBS82_9	0	1	1	0	1	0	1	0	1							
AC1KRZ_003236	AOBS82_9	0	1	0	0	0	0	1	0	0							
AC1KRZ_003266	AOBS82_9	0	1	0	0	0	0	1	0	0							
AC1KRZ_003300	AOBS82_9	0	1	1	1	1	0	1	0	1							
AC1KRZ_003334	AOBS82_9	0	1	0	0	0	0	1	0	0							
AC1KRZ_003365	AOBS82_9	0	1	0	0	0	0	1	0	0							
AC1KRZ_000561	AOBS82_9	0	1	1	0	1	0	1	0	1							
AC1KRZ_000591	AOBS82_9	0	1	0	0	0	0	1	0	0							
AC1KRZ_000626	AOBS82_9	0	1	0	0	0	0	1	0	1							
AC1KRZ_000641	AOBS82_9	0	1	0	0	0	0	1	0	0							
AC1KRZ_003922	AOBS82_9	0	1	0	0	0	0	1	0	0							
AC1KRZ_004053	AOBS82_9	0	1	1	0	1	0	1	0	1							
AC1KRZ_000833	AOBS82_9	0	1	1	1	1	0	1	0	1							
AC1KRZ_004212	AOBS82_9	0	1	0	0	0	0	1	0	0							
AC1KRZ_004280	AOBS82_9	0	1	0	0	0	0	1	0	0							
AC1KRZ_004315	AOBS82_9	0	1	0	0	0	0	1	0	1							
AC1KRZ_004335	AOBS82_9	0	1	0	0	1	0	1	0	1							
AC1KRZ_004354	AOBS82_9	0	1	1	0	1	0	1	0	1							
AC1KRZ_004485	AOBS82_9	0	1	0	0	0	0	1	0	0							
AC1KRZ_000909	AOBS82_9	0	1	1	1	1	0	1	0	1							
AC1KRZ_000971	AOBS82_9	0	1	0	1	1	0	1	0	0							
AC1KRZ_004738	AOBS82_9	0	1	0	0	0	0	1	0	0							
AC1KRZ_001067	AOBS82_9	0	1	0	0	0	0	1	0	0							
AC1KRZ_001151	AOBS82_9	0	1	0	0	0	0	1	0	0							
AC1KRZ_001251	AOBS82_9	0	1	0	0	0	0	1	0	0							
AC1KRZ_001430	AOBS82_9	0	1	0	0	0	0	1	0	0							
AC1KRZ_001434	AOBS82_9	0	1	0	0	0	0	1	0	0							
AC1KRZ_001536	AOBS82_9	0	1	0	0	0	0	1	0	0							
AC1KRZ_001572	AOBS82_9	0	1	0	0	1	0	1	0	1							
AC1KRZ_001612	AOBS82_9	0	1	1	0	1	0	1	0	1							
AC1KRZ_001620	AOBS82_9	0	1	1	0	0	0	1	0	0							
AC1KRY_000043	AOBS17_30	1	0	0	0	0	0	1	0	0							
AC1KRY_000047	AOBS17_30	1	0	0	0	0	0	1	0	0							
AC1KRY_000150	AOBS17_30	1	0	0	0	0	0	1	0	0							
AC1KRY_004934	AOBS17_30	1	0	0	0	0	0	1	0	0							
AC1KRY_005011	AOBS17_30	1	0	0	0	0	0	1	0	0							
AC1KRY_001477	AOBS17_30	1	0	0	0	0	0	1	0	0							
AC1KRY_001693	AOBS17_30	1	0	0	1	0	0	1	0	0							
AC1KRY_001904	AOBS17_30	1	0	0	1	1	0	1	0	1							
AC1KRY_002131	AOBS17_30	1	0	0	0	0	0	1	0	0							
AC1KRY_000270	AOBS17_30	1	0	0	0	0	0	1	0	1							
AC1KRY_000303	AOBS17_30	1	0	0	0	0	0	1	0	0							
AC1KRY_000331	AOBS17_30	1	0	0	0	1	0	1	0	1							
AC1KRY_000333	AOBS17_30	1	0	0	0	0	0	1	0	0							
AC1KRY_002270	AOBS17_30	1	0	1	1	1	0	1	0	1							
AC1KRY_002381	AOBS17_30	1	0	1	0	1	0	1	0	1							
AC1KRY_002387	AOBS17_30	1	0	1	1	1	0	1	0	1							
AC1KRY_002544	AOBS17_30	1	0	0	0	0	0	1	0	0							
AC1KRY_002652	AOBS17_30	1	0	0	0	0	0	1	0	0							
AC1KRY_002680	AOBS17_30	1	0	0	0	0	0	1	0	0							
AC1KRY_002707	AOBS17_30	1	0	0	0	1	0	1	0	0							
AC1KRY_002755	AOBS17_30	1	0	1	0	1	0	1	0	1							
AC1KRY_002847	AOBS17_30	1	0	0	0	0	0	1	0	0							
AC1KRY_000497	AOBS17_30	1	0	1	1	1	0	1	0	1							
AC1KRY_000515	AOBS17_30	1	0	0	0	1	0	1	0	1							
AC1KRY_002961	AOBS17_30	1	0	1	1	1	0	1	0	0							
AC1KRY_003300	AOBS17_30	1	0	1	0	1	0	1	0	1							
AC1KRY_003431	AOBS17_30	1	0	0	0	0	0	1	0	0							
AC1KRY_003607	AOBS17_30	1	0	0	0	0	0	1	0	0							
AC1KRY_003650	AOBS17_30	1	0	0	0	0	0	1	0	0							
AC1KRY_003686	AOBS17_30	1	0	0	0	0	0	1	0	0							
AC1KRY_000854	AOBS17_30	1	0	0	0	0	0	1	0	0							
AC1KRY_000863	AOBS17_30	1	0	1	1	1	0	1	0	1							
AC1KRY_003831	AOBS17_30	1	0	0	0	0	0	1	0	1							
AC1KRY_000912	AOBS17_30	1	0	1	0	1	0	1	0	1							
AC1KRY_000989	AOBS17_30	1	0	0	0	0	0	1	0	0							
AC1KRY_000992	AOBS17_30	1	0	0	0	0	0	1	0	0							
AC1KRY_004158	AOBS17_30	1	0	1	1	1	0	1	0	1							
AC1KRY_004165	AOBS17_30	1	0	0	0	0	0	1	0	0							
AC1KRY_004319	AOBS17_30	1	0	1	0	0	0	1	0	1							
AC1KRY_001038	AOBS17_30	1	0	0	0	0	0	1	0	0							
AC1KRY_004501	AOBS17_30	1	0	1	1	1	0	1	0	1							
AC1KRY_004543	AOBS17_30	1	0	1	0	1	0	1	0	1							
AC1KRY_004641	AOBS17_30	1	0	0	0	0	0	1	0	0							
AC1KRY_004786	AOBS17_30	1	0	0	0	0	0	1	0	0							
AC1KRY_001262	AOBS17_30	1	0	0	0	0	0	1	0	0							
AC1KRY_004802	AOBS17_30	1	0	0	0	0	0	1	0	0							
AC1KRY_004846	AOBS17_30	1	0	0	0	0	0	1	0	0							
AC1KRZ_000172	AOBS82_9	0	1	0	1	0	0	0	0	0							
AC1KRZ_000212	AOBS82_9	0	1	0	1	0	0	0	0	0							
AC1KRZ_000219	AOBS82_9	0	1	1	1	1	0	0	0	1							
AC1KRZ_001833	AOBS82_9	0	1	1	1	1	0	0	0	1							
AC1KRZ_002231	AOBS82_9	0	1	0	1	1	0	0	0	1							
AC1KRZ_002244	AOBS82_9	0	1	1	1	1	0	0	0	1							
AC1KRZ_002309	AOBS82_9	0	1	1	1	1	0	0	0	0							
AC1KRZ_002696	AOBS82_9	0	1	1	1	1	0	0	0	1							
AC1KRZ_000270	AOBS82_9	0	1	1	1	1	0	0	0	1							
AC1KRZ_000275	AOBS82_9	0	1	1	1	0	0	0	0	1							
AC1KRZ_000339	AOBS82_9	0	1	1	1	0	0	0	0	0							
AC1KRZ_000380	AOBS82_9	0	1	1	1	1	0	0	0	1							
AC1KRZ_002790	AOBS82_9	0	1	1	1	0	0	0	0	0							
AC1KRZ_002792	AOBS82_9	0	1	0	1	0	0	0	0	0							
AC1KRZ_002804	AOBS82_9	0	1	1	1	1	0	0	0	1							
AC1KRZ_002861	AOBS82_9	0	1	1	1	1	0	0	0	1							
AC1KRZ_002927	AOBS82_9	0	1	1	1	1	0	0	0	1							
AC1KRZ_002957	AOBS82_9	0	1	0	1	0	0	0	0	0							
AC1KRZ_002969	AOBS82_9	0	1	0	1	0	0	0	0	0							
AC1KRZ_003051	AOBS82_9	0	1	1	1	1	0	0	0	0							
AC1KRZ_003081	AOBS82_9	0	1	0	1	0	0	0	0	0							
AC1KRZ_003094	AOBS82_9	0	1	1	1	0	0	0	0	1							
AC1KRZ_003139	AOBS82_9	0	1	1	1	0	0	0	0	0							
AC1KRZ_003258	AOBS82_9	0	1	1	1	1	0	0	0	1							
AC1KRZ_003448	AOBS82_9	0	1	1	1	1	0	0	0	1							
AC1KRZ_000474	AOBS82_9	0	1	1	1	1	0	0	0	0							
AC1KRZ_000546	AOBS82_9	0	1	1	1	1	0	0	0	1							
AC1KRZ_000547	AOBS82_9	0	1	1	1	0	0	0	0	1							
AC1KRZ_000606	AOBS82_9	0	1	0	1	0	0	0	0	0							
AC1KRZ_000614	AOBS82_9	0	1	0	1	0	0	0	0	1							
AC1KRZ_000647	AOBS82_9	0	1	1	1	1	0	0	0	1							
AC1KRZ_000670	AOBS82_9	0	1	1	1	0	0	0	0	0							
AC1KRZ_003600	AOBS82_9	0	1	1	1	0	0	0	0	0							
AC1KRZ_000746	AOBS82_9	0	1	1	1	1	0	0	0	1							
AC1KRZ_000774	AOBS82_9	0	1	1	1	1	0	0	0	1							
AC1KRZ_004131	AOBS82_9	0	1	0	1	0	0	0	0	0							
AC1KRZ_004220	AOBS82_9	0	1	1	1	1	0	0	0	1							
AC1KRZ_004345	AOBS82_9	0	1	0	1	0	0	0	0	0							
AC1KRZ_004357	AOBS82_9	0	1	0	1	0	0	0	0	0							
AC1KRZ_004401	AOBS82_9	0	1	1	1	1	0	0	0	0							
AC1KRZ_004462	AOBS82_9	0	1	1	1	1	0	0	0	1							
AC1KRZ_004467	AOBS82_9	0	1	1	1	1	0	0	0	1							
AC1KRZ_004473	AOBS82_9	0	1	1	1	1	0	0	0	1							
AC1KRZ_004531	AOBS82_9	0	1	1	1	1	0	0	0	1							
AC1KRZ_000921	AOBS82_9	0	1	0	1	0	0	0	0	0							
AC1KRZ_000953	AOBS82_9	0	1	1	1	1	0	0	0	1							
AC1KRZ_004555	AOBS82_9	0	1	1	1	0	0	0	0	0							
AC1KRZ_004658	AOBS82_9	0	1	0	1	0	0	0	0	0							
AC1KRZ_004791	AOBS82_9	0	1	1	1	1	0	0	0	0							
AC1KRZ_001136	AOBS82_9	0	1	1	1	0	0	0	0	1							
AC1KRZ_001162	AOBS82_9	0	1	1	1	1	0	0	0	0							
AC1KRZ_004874	AOBS82_9	0	1	1	1	0	0	0	0	0							
AC1KRZ_005017	AOBS82_9	0	1	1	1	1	0	0	0	1							
AC1KRZ_001436	AOBS82_9	0	1	1	1	1	0	0	0	0							
AC1KRZ_001455	AOBS82_9	0	1	1	1	1	0	0	0	1							
AC1KRZ_001505	AOBS82_9	0	1	1	1	1	0	0	0	1							
AC1KRY_000019	AOBS17_30	1	0	1	1	1	0	0	0	1							
AC1KRY_000041	AOBS17_30	1	0	1	1	1	0	0	0	0							
AC1KRY_000186	AOBS17_30	1	0	0	1	0	0	0	0	1							
AC1KRY_001409	AOBS17_30	1	0	1	1	0	0	0	0	1							
AC1KRY_005061	AOBS17_30	1	0	1	1	0	0	0	0	0							
AC1KRY_001587	AOBS17_30	1	0	1	1	1	0	0	0	1							
AC1KRY_001590	AOBS17_30	1	0	0	1	1	0	0	0	0							
AC1KRY_001685	AOBS17_30	1	0	1	1	1	0	0	0	1							
AC1KRY_001722	AOBS17_30	1	0	0	1	1	0	0	0	1							
AC1KRY_001804	AOBS17_30	1	0	0	1	0	0	0	0	0							
AC1KRY_001844	AOBS17_30	1	0	0	1	0	0	0	0	0							
AC1KRY_001845	AOBS17_30	1	0	0	1	0	0	0	0	0							
AC1KRY_002141	AOBS17_30	1	0	1	1	1	0	0	0	0							
AC1KRY_000222	AOBS17_30	1	0	1	1	0	0	0	0	1							
AC1KRY_000257	AOBS17_30	1	0	1	1	0	0	0	0	0							
AC1KRY_000282	AOBS17_30	1	0	0	1	0	0	0	0	1							
AC1KRY_000346	AOBS17_30	1	0	1	1	0	0	0	0	1							
AC1KRY_000347	AOBS17_30	1	0	0	1	1	0	0	0	1							
AC1KRY_000422	AOBS17_30	1	0	1	1	1	0	0	0	0							
AC1KRY_002279	AOBS17_30	1	0	1	1	1	0	0	0	1							
AC1KRY_002284	AOBS17_30	1	0	1	1	0	0	0	0	1							
AC1KRY_002384	AOBS17_30	1	0	1	1	1	0	0	0	1							
AC1KRY_002397	AOBS17_30	1	0	0	1	0	0	0	0	0							
AC1KRY_002399	AOBS17_30	1	0	1	1	0	0	0	0	0							
AC1KRY_002562	AOBS17_30	1	0	1	1	1	0	0	0	0							
AC1KRY_002595	AOBS17_30	1	0	1	1	1	0	0	0	0							
AC1KRY_002649	AOBS17_30	1	0	1	1	1	0	0	0	1							
AC1KRY_002683	AOBS17_30	1	0	0	1	1	0	0	0	1							
AC1KRY_002722	AOBS17_30	1	0	0	1	1	0	0	0	0							
AC1KRY_002752	AOBS17_30	1	0	0	1	0	0	0	0	0							
AC1KRY_002764	AOBS17_30	1	0	0	1	0	0	0	0	0							
AC1KRY_000463	AOBS17_30	1	0	0	1	0	0	0	0	0							
AC1KRY_000481	AOBS17_30	1	0	0	1	0	0	0	0	0							
AC1KRY_000543	AOBS17_30	1	0	1	1	1	0	0	0	1							
AC1KRY_002951	AOBS17_30	1	0	1	1	0	0	0	0	1							
AC1KRY_003010	AOBS17_30	1	0	0	1	0	0	0	0	0							
AC1KRY_003084	AOBS17_30	1	0	1	1	0	0	0	0	0							
AC1KRY_003142	AOBS17_30	1	0	1	1	1	0	0	0	1							
AC1KRY_003312	AOBS17_30	1	0	0	1	0	0	0	0	0							
AC1KRY_003316	AOBS17_30	1	0	1	1	0	0	0	0	1							
AC1KRY_003333	AOBS17_30	1	0	0	1	0	0	0	0	0							
AC1KRY_000608	AOBS17_30	1	0	1	1	1	0	0	0	1							
AC1KRY_000678	AOBS17_30	1	0	1	1	0	0	0	0	0							
AC1KRY_000746	AOBS17_30	1	0	1	1	1	0	0	0	1							
AC1KRY_003560	AOBS17_30	1	0	1	1	1	0	0	0	1							
AC1KRY_003878	AOBS17_30	1	0	1	1	1	0	0	0	1							
AC1KRY_004052	AOBS17_30	1	0	1	1	1	0	0	0	1							
AC1KRY_004148	AOBS17_30	1	0	1	1	1	0	0	0	1							
AC1KRY_004347	AOBS17_30	1	0	1	1	1	0	0	0	1							
AC1KRY_004388	AOBS17_30	1	0	1	1	1	0	0	0	1							
AC1KRY_001087	AOBS17_30	1	0	1	1	0	0	0	0	1							
AC1KRY_001099	AOBS17_30	1	0	1	1	1	0	0	0	1							
AC1KRY_004399	AOBS17_30	1	0	1	1	1	0	0	0	0							
AC1KRY_004452	AOBS17_30	1	0	0	1	1	0	0	0	0							
AC1KRY_004489	AOBS17_30	1	0	1	1	1	0	0	0	1							
AC1KRY_004519	AOBS17_30	1	0	0	1	1	0	0	0	1							
AC1KRY_004580	AOBS17_30	1	0	0	1	1	0	0	0	1							
AC1KRY_004596	AOBS17_30	1	0	0	1	1	0	0	0	1							
AC1KRY_004705	AOBS17_30	1	0	1	1	0	0	0	0	0							
AC1KRY_004764	AOBS17_30	1	0	1	1	1	0	0	0	0							
AC1KRY_004770	AOBS17_30	1	0	0	1	0	0	0	0	0							
AC1KRY_004795	AOBS17_30	1	0	1	1	1	0	0	0	1							
AC1KRY_004872	AOBS17_30	1	0	1	1	1	0	0	0	1							
AC1KRZ_000253	AOBS82_9	0	1	0	0	0	0	0	0	1							
AC1KRZ_000259	AOBS82_9	0	1	0	0	0	0	0	0	1							
AC1KRZ_001746	AOBS82_9	0	1	0	0	0	0	0	0	1							
AC1KRZ_001810	AOBS82_9	0	1	0	0	1	0	0	0	1							
AC1KRZ_001915	AOBS82_9	0	1	0	0	0	0	0	0	1							
AC1KRZ_002023	AOBS82_9	0	1	0	0	0	0	0	0	1							
AC1KRZ_002197	AOBS82_9	0	1	0	0	1	0	0	0	1							
AC1KRZ_002364	AOBS82_9	0	1	0	0	0	0	0	0	1							
AC1KRZ_002416	AOBS82_9	0	1	0	0	0	0	0	0	1							
AC1KRZ_002614	AOBS82_9	0	1	1	0	0	0	0	0	1							
AC1KRZ_002657	AOBS82_9	0	1	0	0	1	0	0	0	1							
AC1KRZ_002672	AOBS82_9	0	1	1	0	1	0	0	0	1							
AC1KRZ_000343	AOBS82_9	0	1	0	0	0	0	0	0	1							
AC1KRZ_000400	AOBS82_9	0	1	1	0	1	0	0	0	1							
AC1KRZ_002806	AOBS82_9	0	1	0	0	0	0	0	0	1							
AC1KRZ_003015	AOBS82_9	0	1	1	0	1	0	0	0	1							
AC1KRZ_003109	AOBS82_9	0	1	0	0	0	0	0	0	1							
AC1KRZ_003143	AOBS82_9	0	1	0	0	1	0	0	0	1							
AC1KRZ_003163	AOBS82_9	0	1	0	0	0	0	0	0	1							
AC1KRZ_003382	AOBS82_9	0	1	0	0	0	0	0	0	1							
AC1KRZ_003610	AOBS82_9	0	1	1	0	1	0	0	0	1							
AC1KRZ_003711	AOBS82_9	0	1	1	0	0	0	0	0	1							
AC1KRZ_003966	AOBS82_9	0	1	1	0	0	0	0	0	1							
AC1KRZ_004027	AOBS82_9	0	1	0	0	1	0	0	0	1							
AC1KRZ_000853	AOBS82_9	0	1	0	0	0	0	0	0	1							
AC1KRZ_004117	AOBS82_9	0	1	0	0	1	0	0	0	1							
AC1KRZ_004200	AOBS82_9	0	1	0	0	1	0	0	0	1							
AC1KRZ_004536	AOBS82_9	0	1	0	0	1	0	0	0	1							
AC1KRZ_004541	AOBS82_9	0	1	0	0	1	0	0	0	1							
AC1KRZ_004632	AOBS82_9	0	1	0	0	1	0	0	0	1							
AC1KRZ_004695	AOBS82_9	0	1	0	0	0	0	0	0	1							
AC1KRZ_004756	AOBS82_9	0	1	1	0	0	0	0	0	1							
AC1KRZ_001111	AOBS82_9	0	1	1	0	0	0	0	0	1							
AC1KRZ_001197	AOBS82_9	0	1	0	0	0	0	0	0	1							
AC1KRZ_004870	AOBS82_9	0	1	0	0	0	0	0	0	1							
AC1KRZ_001253	AOBS82_9	0	1	1	0	1	0	0	0	1							
AC1KRZ_004979	AOBS82_9	0	1	0	0	0	0	0	0	1							
AC1KRZ_005032	AOBS82_9	0	1	0	0	0	0	0	0	1							
AC1KRZ_001381	AOBS82_9	0	1	0	0	1	0	0	0	1							
AC1KRZ_001482	AOBS82_9	0	1	1	0	1	0	0	0	1							
AC1KRZ_002664	AOBS82_9	0	1	1	0	1	0	0	0	0							
AC1KRZ_003013	AOBS82_9	0	1	1	0	1	0	0	0	0							
AC1KRZ_003019	AOBS82_9	0	1	1	0	0	0	0	0	0							
AC1KRZ_003356	AOBS82_9	0	1	1	0	0	0	0	0	0							
AC1KRZ_003830	AOBS82_9	0	1	1	0	1	0	0	0	0							
AC1KRZ_004011	AOBS82_9	0	1	1	0	0	0	0	0	0							
AC1KRZ_004228	AOBS82_9	0	1	1	0	0	0	0	0	0							
AC1KRZ_001240	AOBS82_9	0	1	1	0	0	0	0	0	0							
AC1KRZ_001630	AOBS82_9	0	1	1	0	0	0	0	0	0							
AC1KRY_000094	AOBS17_30	1	0	0	0	1	0	0	0	1							
AC1KRY_000101	AOBS17_30	1	0	1	0	1	0	0	0	1							
AC1KRY_000142	AOBS17_30	1	0	0	0	0	0	0	0	1							
AC1KRY_000208	AOBS17_30	1	0	0	0	0	0	0	0	1							
AC1KRY_004952	AOBS17_30	1	0	1	0	1	0	0	0	1							
AC1KRY_004976	AOBS17_30	1	0	1	0	0	0	0	0	1							
AC1KRY_001434	AOBS17_30	1	0	1	0	0	0	0	0	1							
AC1KRY_005023	AOBS17_30	1	0	0	0	1	0	0	0	1							
AC1KRY_001664	AOBS17_30	1	0	0	0	0	0	0	0	1							
AC1KRY_001674	AOBS17_30	1	0	0	0	0	0	0	0	1							
AC1KRY_002041	AOBS17_30	1	0	0	0	0	0	0	0	1							
AC1KRY_002175	AOBS17_30	1	0	0	0	0	0	0	0	1							
AC1KRY_002247	AOBS17_30	1	0	1	0	1	0	0	0	1							
AC1KRY_003060	AOBS17_30	1	0	0	0	0	0	0	0	1							
AC1KRY_003273	AOBS17_30	1	0	0	0	1	0	0	0	1							
AC1KRY_003296	AOBS17_30	1	0	0	0	1	0	0	0	1							
AC1KRY_000729	AOBS17_30	1	0	0	0	1	0	0	0	1							
AC1KRY_003466	AOBS17_30	1	0	0	0	1	0	0	0	1							
AC1KRY_003530	AOBS17_30	1	0	0	0	0	0	0	0	1							
AC1KRY_003564	AOBS17_30	1	0	0	0	1	0	0	0	1							
AC1KRY_003569	AOBS17_30	1	0	0	0	1	0	0	0	1							
AC1KRY_000844	AOBS17_30	1	0	1	0	1	0	0	0	1							
AC1KRY_004091	AOBS17_30	1	0	1	0	0	0	0	0	1							
AC1KRY_004171	AOBS17_30	1	0	0	0	0	0	0	0	1							
AC1KRY_004298	AOBS17_30	1	0	0	0	0	0	0	0	1							
AC1KRY_004621	AOBS17_30	1	0	0	0	0	0	0	0	1							
AC1KRY_004708	AOBS17_30	1	0	0	0	0	0	0	0	1							
AC1KRY_004727	AOBS17_30	1	0	1	0	1	0	0	0	1							
AC1KRY_004785	AOBS17_30	1	0	1	0	1	0	0	0	1							
AC1KRY_004891	AOBS17_30	1	0	1	0	1	0	0	0	1							
AC1KRY_001306	AOBS17_30	1	0	0	0	1	0	0	0	0							
AC1KRY_004988	AOBS17_30	1	0	1	0	1	0	0	0	0							
AC1KRY_002864	AOBS17_30	1	0	0	0	1	0	0	0	0							
AC1KRY_000967	AOBS17_30	1	0	0	0	1	0	0	0	0							
AC1KRY_004303	AOBS17_30	1	0	0	0	1	0	0	0	0							
AC1KRY_004542	AOBS17_30	1	0	0	0	1	0	0	0	0							
AC1KRY_004594	AOBS17_30	1	0	1	0	1	0	0	0	0							
AC1KRY_004758	AOBS17_30	1	0	1	0	1	0	0	0	0							
AC1KRY_001309	AOBS17_30	1	0	1	0	0	0	0	0	0							
AC1KRY_000530	AOBS17_30	1	0	1	0	0	0	0	0	0							
AC1KRY_003417	AOBS17_30	1	0	1	0	0	0	0	0	0							
AC1KRY_004066	AOBS17_30	1	0	1	0	0	0	0	0	0							
AC1KRY_004887	AOBS17_30	1	0	1	0	0	0	0	0	0							
AC1KRZ_002117	AOBS82_9	0	1	0	0	1	0	0	0	0							
AC1KRZ_003124	AOBS82_9	0	1	0	0	1	0	0	0	0							
AC1KRZ_003197	AOBS82_9	0	1	0	0	1	0	0	0	0							
AC1KRZ_003317	AOBS82_9	0	1	0	0	1	0	0	0	0							
AC1KRZ_004295	AOBS82_9	0	1	0	0	1	0	0	0	0							
AC1KRZ_004338	AOBS82_9	0	1	0	0	1	0	0	0	0							
AC1KRZ_004389	AOBS82_9	0	1	0	0	1	0	0	0	0							
AC1KRZ_001558	AOBS82_9	0	1	0	0	1	0	0	0	0							
